sku_id,model_no,family,slug,url,combo,dimensions,material,load_capacity,image_count,first_image,local_image
A4L-104,A4L-104,Documents cabinet (Desktop),a4l-104,https://www.tanko.com.tw/en/products-detail/a4l-104/,"{""Model No."": ""A4L-104"", ""Color"": ""White""}",,,,1,https://www.tanko.com.tw/upload/catalog_package_b/ALL_catalog_package_24C07_DV6jkWpcE5.png,C:\Users\User\OneDrive\tanko seo\assets\product\A4L-104.png
A4LM-10203,A4LM-10203,Documents cabinet (Desktop),a4l-104,https://www.tanko.com.tw/en/products-detail/a4l-104/,"{""Model No."": ""A4LM-10203"", ""Color"": ""White""}",,,,1,https://www.tanko.com.tw/upload/catalog_package_b/ALL_catalog_package_24C07_yo0BqgymVS.png,C:\Users\User\OneDrive\tanko seo\assets\product\A4LM-10203.png
A4M-106,A4M-106,Documents cabinet (Desktop),a4l-104,https://www.tanko.com.tw/en/products-detail/a4l-104/,"{""Model No."": ""A4M-106"", ""Color"": ""White""}",,,,1,https://www.tanko.com.tw/upload/catalog_package_b/ALL_catalog_package_24C07_gAVbIBeYML.png,C:\Users\User\OneDrive\tanko seo\assets\product\A4M-106.png
A4A-106,A4A-106,Documents cabinet (Desktop),a4l-104,https://www.tanko.com.tw/en/products-detail/a4l-104/,"{""Model No."": ""A4A-106"", ""Color"": ""White""}",,,,1,https://www.tanko.com.tw/upload/catalog_package_b/ALL_catalog_package_24C07_Lk39Idza6h.png,C:\Users\User\OneDrive\tanko seo\assets\product\A4A-106.png
A4L-110,A4L-110,Documents cabinet (Floor-standing),a4l-110,https://www.tanko.com.tw/en/products-detail/a4l-110/,"{""Model No."": ""A4L-110"", ""Color"": ""White""}",,,,1,https://www.tanko.com.tw/upload/catalog_package_b/ALL_catalog_package_24C07_laHLESlNTn.png,C:\Users\User\OneDrive\tanko seo\assets\product\A4L-110.png
A4M-115,A4M-115,Documents cabinet (Floor-standing),a4l-110,https://www.tanko.com.tw/en/products-detail/a4l-110/,"{""Model No."": ""A4M-115"", ""Color"": ""White""}",,,,1,https://www.tanko.com.tw/upload/catalog_package_b/ALL_catalog_package_24C07_uUSFbyzwUM.png,C:\Users\User\OneDrive\tanko seo\assets\product\A4M-115.png
A4A-115,A4A-115,Documents cabinet (Floor-standing),a4l-110,https://www.tanko.com.tw/en/products-detail/a4l-110/,"{""Model No."": ""A4A-115"", ""Color"": ""White""}",,,,1,https://www.tanko.com.tw/upload/catalog_package_b/ALL_catalog_package_24C01_FM80NVwy9C.png,C:\Users\User\OneDrive\tanko seo\assets\product\A4A-115.png
A4L-204P,A4L-204P,Documents cabinet (Desktop),a4l-204,https://www.tanko.com.tw/en/products-detail/a4l-204/,"{""Model No."": ""A4L-204P"", ""Color"": ""White""}",,,,1,https://www.tanko.com.tw/upload/catalog_package_b/ALL_catalog_package_24C07_S0C8JRyZpI.png,C:\Users\User\OneDrive\tanko seo\assets\product\A4L-204P.png
A4M-206P,A4M-206P,Documents cabinet (Desktop),a4l-204,https://www.tanko.com.tw/en/products-detail/a4l-204/,"{""Model No."": ""A4M-206P"", ""Color"": ""White""}",,,,1,https://www.tanko.com.tw/upload/catalog_package_b/ALL_catalog_package_24C07_iN0zfO2faf.png,C:\Users\User\OneDrive\tanko seo\assets\product\A4M-206P.png
A4A-206P,A4A-206P,Documents cabinet (Desktop),a4l-204,https://www.tanko.com.tw/en/products-detail/a4l-204/,"{""Model No."": ""A4A-206P"", ""Color"": ""White""}",,,,1,https://www.tanko.com.tw/upload/catalog_package_b/ALL_catalog_package_24C01_2kaHfn0wsz.png,C:\Users\User\OneDrive\tanko seo\assets\product\A4A-206P.png
A4L-208,A4L-208,Documents cabinet (Desktop),a4l-204,https://www.tanko.com.tw/en/products-detail/a4l-204/,"{""Model No."": ""A4L-208"", ""Color"": ""White""}",,,,1,https://www.tanko.com.tw/upload/catalog_package_b/ALL_catalog_package_24C07_J0ITomuIfH.png,C:\Users\User\OneDrive\tanko seo\assets\product\A4L-208.png
A4M-212,A4M-212,Documents cabinet (Desktop),a4l-204,https://www.tanko.com.tw/en/products-detail/a4l-204/,"{""Model No."": ""A4M-212"", ""Color"": ""White""}",,,,1,https://www.tanko.com.tw/upload/catalog_package_b/ALL_catalog_package_24C07_G88NolJWJR.png,C:\Users\User\OneDrive\tanko seo\assets\product\A4M-212.png
A4A-212,A4A-212,Documents cabinet (Desktop),a4l-204,https://www.tanko.com.tw/en/products-detail/a4l-204/,"{""Model No."": ""A4A-212"", ""Color"": ""White""}",,,,1,https://www.tanko.com.tw/upload/catalog_package_b/ALL_catalog_package_24C07_VflIuklCBs.png,C:\Users\User\OneDrive\tanko seo\assets\product\A4A-212.png
A4L-220,A4L-220,Documents cabinet (Floor-standing),a4l-220,https://www.tanko.com.tw/en/products-detail/a4l-220/,"{""Model No."": ""A4L-220"", ""Color"": ""White""}",,,,1,https://www.tanko.com.tw/upload/catalog_package_b/ALL_catalog_package_24C07_YTvgI6BW0C.png,C:\Users\User\OneDrive\tanko seo\assets\product\A4L-220.png
A4A-230,A4A-230,Documents cabinet (Floor-standing),a4l-220,https://www.tanko.com.tw/en/products-detail/a4l-220/,"{""Model No."": ""A4A-230"", ""Color"": ""White""}",,,,1,https://www.tanko.com.tw/upload/catalog_package_b/ALL_catalog_package_24C01_E3tqgT9B4j.png,C:\Users\User\OneDrive\tanko seo\assets\product\A4A-230.png
A4M-230,A4M-230,Documents cabinet (Floor-standing),a4l-220,https://www.tanko.com.tw/en/products-detail/a4l-220/,"{""Model No."": ""A4M-230"", ""Color"": ""White""}",,,,1,https://www.tanko.com.tw/upload/catalog_package_b/ALL_catalog_package_24C07_2Hm1hccNcL.png,C:\Users\User\OneDrive\tanko seo\assets\product\A4M-230.png
A4L-330,A4L-330,Documents cabinet (Floor-standing),a4l-330,https://www.tanko.com.tw/en/products-detail/a4l-330/,"{""Model No."": ""A4L-330"", ""Color"": ""White""}",,,,1,https://www.tanko.com.tw/upload/catalog_package_b/ALL_catalog_package_24C07_3bdmW7SiIF.png,C:\Users\User\OneDrive\tanko seo\assets\product\A4L-330.png
A4LM-32015,A4LM-32015,Documents cabinet (Floor-standing),a4l-330,https://www.tanko.com.tw/en/products-detail/a4l-330/,"{""Model No."": ""A4LM-32015"", ""Color"": ""White""}",,,,1,https://www.tanko.com.tw/upload/catalog_package_b/ALL_catalog_package_24C07_LAeOue8omS.png,C:\Users\User\OneDrive\tanko seo\assets\product\A4LM-32015.png
A4M-345,A4M-345,Documents cabinet (Floor-standing),a4l-330,https://www.tanko.com.tw/en/products-detail/a4l-330/,"{""Model No."": ""A4M-345"", ""Color"": ""White""}",,,,1,https://www.tanko.com.tw/upload/catalog_package_b/ALL_catalog_package_24C07_jFWULqrAer.png,C:\Users\User\OneDrive\tanko seo\assets\product\A4M-345.png
A4A-345,A4A-345,Documents cabinet (Floor-standing),a4l-330,https://www.tanko.com.tw/en/products-detail/a4l-330/,"{""Model No."": ""A4A-345"", ""Color"": ""White""}",,,,1,https://www.tanko.com.tw/upload/catalog_package_b/ALL_catalog_package_24C01_IGvdxvYsP9.png,C:\Users\User\OneDrive\tanko seo\assets\product\A4A-345.png
A4L-336,A4L-336,Documents cabinet (Floor-standing),a4l-330,https://www.tanko.com.tw/en/products-detail/a4l-330/,"{""Model No."": ""A4L-336"", ""Color"": ""White""}",,,,1,https://www.tanko.com.tw/upload/catalog_package_b/ALL_catalog_package_24C07_ml0Aqoy6z5.png,C:\Users\User\OneDrive\tanko seo\assets\product\A4L-336.png
A4LM-32418,A4LM-32418,Documents cabinet (Floor-standing),a4l-330,https://www.tanko.com.tw/en/products-detail/a4l-330/,"{""Model No."": ""A4LM-32418"", ""Color"": ""White""}",,,,1,https://www.tanko.com.tw/upload/catalog_package_b/ALL_catalog_package_24C07_5cLVQiWjek.png,C:\Users\User\OneDrive\tanko seo\assets\product\A4LM-32418.png
A4M-354,A4M-354,Documents cabinet (Floor-standing),a4l-330,https://www.tanko.com.tw/en/products-detail/a4l-330/,"{""Model No."": ""A4M-354"", ""Color"": ""White""}",,,,1,https://www.tanko.com.tw/upload/catalog_package_b/ALL_catalog_package_24C07_75ilMxe9TN.png,C:\Users\User\OneDrive\tanko seo\assets\product\A4M-354.png
A4A-354,A4A-354,Documents cabinet (Floor-standing),a4l-330,https://www.tanko.com.tw/en/products-detail/a4l-330/,"{""Model No."": ""A4A-354"", ""Color"": ""White""}",,,,1,https://www.tanko.com.tw/upload/catalog_package_b/ALL_catalog_package_24C01_hTSxhd2hnH.png,C:\Users\User\OneDrive\tanko seo\assets\product\A4A-354.png
A4L-330D,A4L-330D,Documents cabinet (With doors),a4l-330d,https://www.tanko.com.tw/en/products-detail/a4l-330d/,"{""Model No."": ""A4L-330D"", ""Color"": ""White""}",,,,1,https://www.tanko.com.tw/upload/catalog_package_b/ALL_catalog_package_24C07_r11tqmMgK8.png,C:\Users\User\OneDrive\tanko seo\assets\product\A4L-330D.png
A4M-345D,A4M-345D,Documents cabinet (With doors),a4l-330d,https://www.tanko.com.tw/en/products-detail/a4l-330d/,"{""Model No."": ""A4M-345D"", ""Color"": ""White""}",,,,1,https://www.tanko.com.tw/upload/catalog_package_b/ALL_catalog_package_24C07_bVJnlZwip2.png,C:\Users\User\OneDrive\tanko seo\assets\product\A4M-345D.png
A4A-345D,A4A-345D,Documents cabinet (With doors),a4l-330d,https://www.tanko.com.tw/en/products-detail/a4l-330d/,"{""Model No."": ""A4A-345D"", ""Color"": ""White""}",,,,1,https://www.tanko.com.tw/upload/catalog_package_b/ALL_catalog_package_24C01_zkMteanH5M.png,C:\Users\User\OneDrive\tanko seo\assets\product\A4A-345D.png
CEA-324,CEA-324,Parts Cabinet,cea-3,https://www.tanko.com.tw/en/products-detail/cea-3/,"{""Cabinet"": ""CEA-324"", ""Type"": ""Stand-alone""}",W600xD283xH720 mm,Cabinet ▸ Steel,,1,https://www.tanko.com.tw/upload/catalog_package_b/ALL_catalog_package_24C27_LEVEHZVTw3.png,C:\Users\User\OneDrive\tanko seo\assets\product\CEA-324.png
CEA-330,CEA-330,Parts Cabinet,cea-3,https://www.tanko.com.tw/en/products-detail/cea-3/,"{""Cabinet"": ""CEA-330"", ""Type"": ""Stand-alone""}",W600xD283xH720 mm,Cabinet ▸ Steel,,1,https://www.tanko.com.tw/upload/catalog_package_b/ALL_catalog_package_24C27_Ajc8n1bKj0.png,C:\Users\User\OneDrive\tanko seo\assets\product\CEA-330.png
CEA-330M,CEA-330M,Parts Cabinet,cea-3,https://www.tanko.com.tw/en/products-detail/cea-3/,"{""Cabinet"": ""CEA-330"", ""Type"": ""Mobile""}",W600xD283xH720 mm,Cabinet ▸ Steel,,1,https://www.tanko.com.tw/upload/catalog_package_b/ALL_catalog_package_25J13_Ia2mPSAUf3.png,C:\Users\User\OneDrive\tanko seo\assets\product\CEA-330M.png
CEA-330D,CEA-330D,Parts Cabinet,cea-3,https://www.tanko.com.tw/en/products-detail/cea-3/,"{""Cabinet"": ""CEA-330D (with doors)"", ""Type"": ""Stand-alone""}",W600xD283xH720 mm,Cabinet ▸ Steel,,1,https://www.tanko.com.tw/upload/catalog_package_b/ALL_catalog_package_24C27_yvIIYBFbws.png,C:\Users\User\OneDrive\tanko seo\assets\product\CEA-330D.png
CEA-330DM,CEA-330DM,Parts Cabinet,cea-3,https://www.tanko.com.tw/en/products-detail/cea-3/,"{""Cabinet"": ""CEA-330D (with doors)"", ""Type"": ""Mobile""}",W600xD283xH720 mm,Cabinet ▸ Steel,,1,https://www.tanko.com.tw/upload/catalog_package_b/ALL_catalog_package_25J13_a9RuVi0eo3.png,C:\Users\User\OneDrive\tanko seo\assets\product\CEA-330DM.png
CEH-324,CEH-324,Parts Cabinet,ceh-3,https://www.tanko.com.tw/en/products-detail/ceh-3/,"{""Cabinet"": ""CEH-324"", ""Type"": ""Stand-alone""}",W450xD240xH650 mm,Cabinet ▸ Steel,,1,https://www.tanko.com.tw/upload/catalog_package_b/ALL_catalog_package_24C27_TVo10axlhj.png,C:\Users\User\OneDrive\tanko seo\assets\product\CEH-324.png
CEH-448,CEH-448,Parts Cabinet,ceh-3,https://www.tanko.com.tw/en/products-detail/ceh-3/,"{""Cabinet"": ""CEH-448"", ""Type"": ""Stand-alone""}",W450xD240xH650 mm,Cabinet ▸ Steel,,1,https://www.tanko.com.tw/upload/catalog_package_b/ALL_catalog_package_24C27_0ym1Gk8mlS.png,C:\Users\User\OneDrive\tanko seo\assets\product\CEH-448.png
CEH-448M,CEH-448M,Parts Cabinet,ceh-3,https://www.tanko.com.tw/en/products-detail/ceh-3/,"{""Cabinet"": ""CEH-448"", ""Type"": ""Mobile""}",W450xD240xH650 mm,Cabinet ▸ Steel,,1,https://www.tanko.com.tw/upload/catalog_package_b/ALL_catalog_package_25J13_UvhAy44tAF.png,C:\Users\User\OneDrive\tanko seo\assets\product\CEH-448M.png
CEH-448D,CEH-448D,Parts Cabinet,ceh-3,https://www.tanko.com.tw/en/products-detail/ceh-3/,"{""Cabinet"": ""CEH-448D (with doors)"", ""Type"": ""Stand-alone""}",W450xD240xH650 mm,Cabinet ▸ Steel,,1,https://www.tanko.com.tw/upload/catalog_package_b/ALL_catalog_package_24C27_D7gB05Jbsz.png,C:\Users\User\OneDrive\tanko seo\assets\product\CEH-448D.png
CEH-448DM,CEH-448DM,Parts Cabinet,ceh-3,https://www.tanko.com.tw/en/products-detail/ceh-3/,"{""Cabinet"": ""CEH-448D (with doors)"", ""Type"": ""Mobile""}",W450xD240xH650 mm,Cabinet ▸ Steel,,1,https://www.tanko.com.tw/upload/catalog_package_b/ALL_catalog_package_25J13_ebn58duQYw.png,C:\Users\User\OneDrive\tanko seo\assets\product\CEH-448DM.png
DA-31 (White),DA-31 (White),Display Stand,da-3,https://www.tanko.com.tw/en/products-detail/da-3/,"{""Drawer Qty"": ""1"", ""Color"": ""White""}",W1013xD496xH1663mm,Steel,,1,https://www.tanko.com.tw/upload/catalog_package_b/ALL_catalog_package_25A13_I3WGRWKOII.jpg,C:\Users\User\OneDrive\tanko seo\assets\product\DA-31 (White).jpg
DA-31 (Black),DA-31 (Black),Display Stand,da-3,https://www.tanko.com.tw/en/products-detail/da-3/,"{""Drawer Qty"": ""1"", ""Color"": ""Black""}",W1013xD496xH1663mm,Steel,,1,https://www.tanko.com.tw/upload/catalog_package_b/ALL_catalog_package_24C26_jp5fWBhV3Y.jpg,C:\Users\User\OneDrive\tanko seo\assets\product\DA-31 (Black).jpg
DA-32 (White),DA-32 (White),Display Stand,da-3,https://www.tanko.com.tw/en/products-detail/da-3/,"{""Drawer Qty"": ""2"", ""Color"": ""White""}",W1013xD496xH1663mm,Steel,,1,https://www.tanko.com.tw/upload/catalog_package_b/ALL_catalog_package_25A13_4E25HjmFtF.jpg,C:\Users\User\OneDrive\tanko seo\assets\product\DA-32 (White).jpg
DA-32 (Black),DA-32 (Black),Display Stand,da-3,https://www.tanko.com.tw/en/products-detail/da-3/,"{""Drawer Qty"": ""2"", ""Color"": ""Black""}",W1013xD496xH1663mm,Steel,,1,https://www.tanko.com.tw/upload/catalog_package_b/ALL_catalog_package_24C26_2lK41bVqUU.jpg,C:\Users\User\OneDrive\tanko seo\assets\product\DA-32 (Black).jpg
DB-31 (Black),DB-31 (Black),Display Stand,db-3,https://www.tanko.com.tw/en/products-detail/db-3/,"{""Drawer Qty (Color)"": ""1 (Black)"", ""Shelf depth"": ""D310mm""}",W1013xD496xH1663mm,Steel,,1,https://www.tanko.com.tw/upload/catalog_package_b/ALL_catalog_package_25H06_GV2dcXUu8q.jpg,C:\Users\User\OneDrive\tanko seo\assets\product\DB-31 (Black).jpg
DC-31 (Black),DC-31 (Black),Display Stand,db-3,https://www.tanko.com.tw/en/products-detail/db-3/,"{""Drawer Qty (Color)"": ""1 (Black)"", ""Shelf depth"": ""D410mm""}",W1013xD496xH1663mm,Steel,,1,https://www.tanko.com.tw/upload/catalog_package_b/ALL_catalog_package_25H06_m6KUmRoxvO.jpg,C:\Users\User\OneDrive\tanko seo\assets\product\DC-31 (Black).jpg
DB-31 (White),DB-31 (White),Display Stand,db-3,https://www.tanko.com.tw/en/products-detail/db-3/,"{""Drawer Qty (Color)"": ""1 (White)"", ""Shelf depth"": ""D310mm""}",W1013xD496xH1663mm,Steel,,1,https://www.tanko.com.tw/upload/catalog_package_b/ALL_catalog_package_25H06_MYkqCnahoq.jpg,C:\Users\User\OneDrive\tanko seo\assets\product\DB-31 (White).jpg
DC-31 (White),DC-31 (White),Display Stand,db-3,https://www.tanko.com.tw/en/products-detail/db-3/,"{""Drawer Qty (Color)"": ""1 (White)"", ""Shelf depth"": ""D410mm""}",W1013xD496xH1663mm,Steel,,1,https://www.tanko.com.tw/upload/catalog_package_b/ALL_catalog_package_25H06_HqmzcN2pce.jpg,C:\Users\User\OneDrive\tanko seo\assets\product\DC-31 (White).jpg
DB-32 (Black),DB-32 (Black),Display Stand,db-3,https://www.tanko.com.tw/en/products-detail/db-3/,"{""Drawer Qty (Color)"": ""2 (Black)"", ""Shelf depth"": ""D310mm""}",W1013xD496xH1663mm,Steel,,1,https://www.tanko.com.tw/upload/catalog_package_b/ALL_catalog_package_25H06_j6qfutAWy3.jpg,C:\Users\User\OneDrive\tanko seo\assets\product\DB-32 (Black).jpg
DC-32 (Black),DC-32 (Black),Display Stand,db-3,https://www.tanko.com.tw/en/products-detail/db-3/,"{""Drawer Qty (Color)"": ""2 (Black)"", ""Shelf depth"": ""D410mm""}",W1013xD496xH1663mm,Steel,,1,https://www.tanko.com.tw/upload/catalog_package_b/ALL_catalog_package_25H06_FCSGdKUw7z.jpg,C:\Users\User\OneDrive\tanko seo\assets\product\DC-32 (Black).jpg
DB-32 (White),DB-32 (White),Display Stand,db-3,https://www.tanko.com.tw/en/products-detail/db-3/,"{""Drawer Qty (Color)"": ""2 (White)"", ""Shelf depth"": ""D310mm""}",W1013xD496xH1663mm,Steel,,1,https://www.tanko.com.tw/upload/catalog_package_b/ALL_catalog_package_25H06_RnnEsZ0WAJ.jpg,C:\Users\User\OneDrive\tanko seo\assets\product\DB-32 (White).jpg
DC-32 (White),DC-32 (White),Display Stand,db-3,https://www.tanko.com.tw/en/products-detail/db-3/,"{""Drawer Qty (Color)"": ""2 (White)"", ""Shelf depth"": ""D410mm""}",W1013xD496xH1663mm,Steel,,1,https://www.tanko.com.tw/upload/catalog_package_b/ALL_catalog_package_25H06_br6uwxSqxD.jpg,C:\Users\User\OneDrive\tanko seo\assets\product\DC-32 (White).jpg
DD-31(Black),DD-31(Black),Display Stand,dd-3,https://www.tanko.com.tw/en/products-detail/dd-3/,"{""Drawer Qty"": ""1"", ""Color"": ""Black""}",W1013xD496xH1663mm,Steel,,1,https://www.tanko.com.tw/upload/catalog_package_b/ALL_catalog_package_26A16_9Go1cKAev3.jpg,C:\Users\User\OneDrive\tanko seo\assets\product\DD-31(Black).jpg
DD-31(White),DD-31(White),Display Stand,dd-3,https://www.tanko.com.tw/en/products-detail/dd-3/,"{""Drawer Qty"": ""1"", ""Color"": ""White""}",W1013xD496xH1663mm,Steel,,1,https://www.tanko.com.tw/upload/catalog_package_b/ALL_catalog_package_26A16_0SlhoO8KZB.jpg,C:\Users\User\OneDrive\tanko seo\assets\product\DD-31(White).jpg
DD-32(Black),DD-32(Black),Display Stand,dd-3,https://www.tanko.com.tw/en/products-detail/dd-3/,"{""Drawer Qty"": ""2"", ""Color"": ""Black""}",W1013xD496xH1663mm,Steel,,1,https://www.tanko.com.tw/upload/catalog_package_b/ALL_catalog_package_26A16_2z8dbODL35.jpg,C:\Users\User\OneDrive\tanko seo\assets\product\DD-32(Black).jpg
DD-32(White),DD-32(White),Display Stand,dd-3,https://www.tanko.com.tw/en/products-detail/dd-3/,"{""Drawer Qty"": ""2"", ""Color"": ""White""}",W1013xD496xH1663mm,Steel,,1,https://www.tanko.com.tw/upload/catalog_package_b/ALL_catalog_package_26A16_I0YMPHAH4G.jpg,C:\Users\User\OneDrive\tanko seo\assets\product\DD-32(White).jpg
EA-10051,EA-10051,Tool Cabinet - H1000,ea-10,https://www.tanko.com.tw/en/products-detail/ea-10/,"{""Cabinet (slide system)"": ""EA (standard drawer)"", ""Drawers"": ""10051""}",,,,2,https://www.tanko.com.tw/upload/catalog_package_b/ALL_catalog_package_24L10_dZOnvCewIE.jpg,C:\Users\User\OneDrive\tanko seo\assets\product\EA-10051.jpg
EA-10052,EA-10052,Tool Cabinet - H1000,ea-10,https://www.tanko.com.tw/en/products-detail/ea-10/,"{""Cabinet (slide system)"": ""EA (standard drawer)"", ""Drawers"": ""10052""}",,,,2,https://www.tanko.com.tw/upload/catalog_package_b/ALL_catalog_package_24L10_DLJPnLeb5F.jpg,C:\Users\User\OneDrive\tanko seo\assets\product\EA-10052.jpg
EA-10061,EA-10061,Tool Cabinet - H1000,ea-10,https://www.tanko.com.tw/en/products-detail/ea-10/,"{""Cabinet (slide system)"": ""EA (standard drawer)"", ""Drawers"": ""10061""}",,,,2,https://www.tanko.com.tw/upload/catalog_package_b/ALL_catalog_package_24L10_gsH8MBGhiB.jpg,C:\Users\User\OneDrive\tanko seo\assets\product\EA-10061.jpg
EA-10062,EA-10062,Tool Cabinet - H1000,ea-10,https://www.tanko.com.tw/en/products-detail/ea-10/,"{""Cabinet (slide system)"": ""EA (standard drawer)"", ""Drawers"": ""10062""}",,,,2,https://www.tanko.com.tw/upload/catalog_package_b/ALL_catalog_package_24L10_iX8tbsPmsZ.jpg,C:\Users\User\OneDrive\tanko seo\assets\product\EA-10062.jpg
EA-10071,EA-10071,Tool Cabinet - H1000,ea-10,https://www.tanko.com.tw/en/products-detail/ea-10/,"{""Cabinet (slide system)"": ""EA (standard drawer)"", ""Drawers"": ""10071""}",,,,2,https://www.tanko.com.tw/upload/catalog_package_b/ALL_catalog_package_24L10_IRm6SYGlas.jpg,C:\Users\User\OneDrive\tanko seo\assets\product\EA-10071.jpg
EA-10072,EA-10072,Tool Cabinet - H1000,ea-10,https://www.tanko.com.tw/en/products-detail/ea-10/,"{""Cabinet (slide system)"": ""EA (standard drawer)"", ""Drawers"": ""10072""}",,,,2,https://www.tanko.com.tw/upload/catalog_package_b/ALL_catalog_package_24L10_Je0pPkCOzO.jpg,C:\Users\User\OneDrive\tanko seo\assets\product\EA-10072.jpg
EA-10073,EA-10073,Tool Cabinet - H1000,ea-10,https://www.tanko.com.tw/en/products-detail/ea-10/,"{""Cabinet (slide system)"": ""EA (standard drawer)"", ""Drawers"": ""10073""}",,,,2,https://www.tanko.com.tw/upload/catalog_package_b/ALL_catalog_package_24L10_IN8sSEEpHM.jpg,C:\Users\User\OneDrive\tanko seo\assets\product\EA-10073.jpg
EA-10091,EA-10091,Tool Cabinet - H1000,ea-10,https://www.tanko.com.tw/en/products-detail/ea-10/,"{""Cabinet (slide system)"": ""EA (standard drawer)"", ""Drawers"": ""10091""}",,,,2,https://www.tanko.com.tw/upload/catalog_package_b/ALL_catalog_package_24L10_S8KpI0XkBz.jpg,C:\Users\User\OneDrive\tanko seo\assets\product\EA-10091.jpg
EA-10051T,EA-10051T,Tool Cabinet - H1000,ea-10,https://www.tanko.com.tw/en/products-detail/ea-10/,"{""Cabinet (slide system)"": ""EA (T drawer)"", ""Drawers"": ""10051""}",,,,2,https://www.tanko.com.tw/upload/catalog_package_b/ALL_catalog_package_24L10_P3oMgpTc7o.jpg,C:\Users\User\OneDrive\tanko seo\assets\product\EA-10051T.jpg
EA-10052T,EA-10052T,Tool Cabinet - H1000,ea-10,https://www.tanko.com.tw/en/products-detail/ea-10/,"{""Cabinet (slide system)"": ""EA (T drawer)"", ""Drawers"": ""10052""}",,,,2,https://www.tanko.com.tw/upload/catalog_package_b/ALL_catalog_package_24L10_slSPUNa1qI.jpg,C:\Users\User\OneDrive\tanko seo\assets\product\EA-10052T.jpg
EA-10061T,EA-10061T,Tool Cabinet - H1000,ea-10,https://www.tanko.com.tw/en/products-detail/ea-10/,"{""Cabinet (slide system)"": ""EA (T drawer)"", ""Drawers"": ""10061""}",,,,2,https://www.tanko.com.tw/upload/catalog_package_b/ALL_catalog_package_24L10_W8RNfgyWNb.jpg,C:\Users\User\OneDrive\tanko seo\assets\product\EA-10061T.jpg
EA-10062T,EA-10062T,Tool Cabinet - H1000,ea-10,https://www.tanko.com.tw/en/products-detail/ea-10/,"{""Cabinet (slide system)"": ""EA (T drawer)"", ""Drawers"": ""10062""}",,,,2,https://www.tanko.com.tw/upload/catalog_package_b/ALL_catalog_package_24L10_hPDPPFtA85.jpg,C:\Users\User\OneDrive\tanko seo\assets\product\EA-10062T.jpg
EA-10071T,EA-10071T,Tool Cabinet - H1000,ea-10,https://www.tanko.com.tw/en/products-detail/ea-10/,"{""Cabinet (slide system)"": ""EA (T drawer)"", ""Drawers"": ""10071""}",,,,2,https://www.tanko.com.tw/upload/catalog_package_b/ALL_catalog_package_24L10_JRfI6P0PZw.jpg,C:\Users\User\OneDrive\tanko seo\assets\product\EA-10071T.jpg
EA-10072T,EA-10072T,Tool Cabinet - H1000,ea-10,https://www.tanko.com.tw/en/products-detail/ea-10/,"{""Cabinet (slide system)"": ""EA (T drawer)"", ""Drawers"": ""10072""}",,,,2,https://www.tanko.com.tw/upload/catalog_package_b/ALL_catalog_package_24L10_dS1dqRx884.jpg,C:\Users\User\OneDrive\tanko seo\assets\product\EA-10072T.jpg
EA-10073T,EA-10073T,Tool Cabinet - H1000,ea-10,https://www.tanko.com.tw/en/products-detail/ea-10/,"{""Cabinet (slide system)"": ""EA (T drawer)"", ""Drawers"": ""10073""}",,,,2,https://www.tanko.com.tw/upload/catalog_package_b/ALL_catalog_package_24L10_FSEA7YQEk1.jpg,C:\Users\User\OneDrive\tanko seo\assets\product\EA-10073T.jpg
EA-10091T,EA-10091T,Tool Cabinet - H1000,ea-10,https://www.tanko.com.tw/en/products-detail/ea-10/,"{""Cabinet (slide system)"": ""EA (T drawer)"", ""Drawers"": ""10091""}",,,,2,https://www.tanko.com.tw/upload/catalog_package_b/ALL_catalog_package_24L10_bigx0ntlWB.jpg,C:\Users\User\OneDrive\tanko seo\assets\product\EA-10091T.jpg
EB-10051,EB-10051,Tool Cabinet - H1000,ea-10,https://www.tanko.com.tw/en/products-detail/ea-10/,"{""Cabinet (slide system)"": ""EB (standard drawer)"", ""Drawers"": ""10051""}",,,,2,https://www.tanko.com.tw/upload/catalog_package_b/ALL_catalog_package_24L10_7emsk09GK7.jpg,C:\Users\User\OneDrive\tanko seo\assets\product\EB-10051.jpg
EB-10052,EB-10052,Tool Cabinet - H1000,ea-10,https://www.tanko.com.tw/en/products-detail/ea-10/,"{""Cabinet (slide system)"": ""EB (standard drawer)"", ""Drawers"": ""10052""}",,,,2,https://www.tanko.com.tw/upload/catalog_package_b/ALL_catalog_package_24L10_GmenZfvR2u.jpg,C:\Users\User\OneDrive\tanko seo\assets\product\EB-10052.jpg
EB-10061,EB-10061,Tool Cabinet - H1000,ea-10,https://www.tanko.com.tw/en/products-detail/ea-10/,"{""Cabinet (slide system)"": ""EB (standard drawer)"", ""Drawers"": ""10061""}",,,,2,https://www.tanko.com.tw/upload/catalog_package_b/ALL_catalog_package_24L10_CmRWryFzpf.jpg,C:\Users\User\OneDrive\tanko seo\assets\product\EB-10061.jpg
EB-10062,EB-10062,Tool Cabinet - H1000,ea-10,https://www.tanko.com.tw/en/products-detail/ea-10/,"{""Cabinet (slide system)"": ""EB (standard drawer)"", ""Drawers"": ""10062""}",,,,2,https://www.tanko.com.tw/upload/catalog_package_b/ALL_catalog_package_24L10_jdZSKdXsEG.jpg,C:\Users\User\OneDrive\tanko seo\assets\product\EB-10062.jpg
EB-10071,EB-10071,Tool Cabinet - H1000,ea-10,https://www.tanko.com.tw/en/products-detail/ea-10/,"{""Cabinet (slide system)"": ""EB (standard drawer)"", ""Drawers"": ""10071""}",,,,2,https://www.tanko.com.tw/upload/catalog_package_b/ALL_catalog_package_24L10_ivuqXXavgx.jpg,C:\Users\User\OneDrive\tanko seo\assets\product\EB-10071.jpg
EB-10072,EB-10072,Tool Cabinet - H1000,ea-10,https://www.tanko.com.tw/en/products-detail/ea-10/,"{""Cabinet (slide system)"": ""EB (standard drawer)"", ""Drawers"": ""10072""}",,,,2,https://www.tanko.com.tw/upload/catalog_package_b/ALL_catalog_package_24L10_jq95i5gnMr.jpg,C:\Users\User\OneDrive\tanko seo\assets\product\EB-10072.jpg
EB-10073,EB-10073,Tool Cabinet - H1000,ea-10,https://www.tanko.com.tw/en/products-detail/ea-10/,"{""Cabinet (slide system)"": ""EB (standard drawer)"", ""Drawers"": ""10073""}",,,,2,https://www.tanko.com.tw/upload/catalog_package_b/ALL_catalog_package_24L10_Svq1kNVfV7.jpg,C:\Users\User\OneDrive\tanko seo\assets\product\EB-10073.jpg
EB-10091,EB-10091,Tool Cabinet - H1000,ea-10,https://www.tanko.com.tw/en/products-detail/ea-10/,"{""Cabinet (slide system)"": ""EB (standard drawer)"", ""Drawers"": ""10091""}",,,,2,https://www.tanko.com.tw/upload/catalog_package_b/ALL_catalog_package_24L10_ZwEvfgPVqS.jpg,C:\Users\User\OneDrive\tanko seo\assets\product\EB-10091.jpg
EB-10051T,EB-10051T,Tool Cabinet - H1000,ea-10,https://www.tanko.com.tw/en/products-detail/ea-10/,"{""Cabinet (slide system)"": ""EB (T drawer)"", ""Drawers"": ""10051""}",,,,2,https://www.tanko.com.tw/upload/catalog_package_b/ALL_catalog_package_24L10_UaSPdmkPjo.jpg,C:\Users\User\OneDrive\tanko seo\assets\product\EB-10051T.jpg
EB-10052T,EB-10052T,Tool Cabinet - H1000,ea-10,https://www.tanko.com.tw/en/products-detail/ea-10/,"{""Cabinet (slide system)"": ""EB (T drawer)"", ""Drawers"": ""10052""}",,,,2,https://www.tanko.com.tw/upload/catalog_package_b/ALL_catalog_package_24L10_wwAhxSrFV5.jpg,C:\Users\User\OneDrive\tanko seo\assets\product\EB-10052T.jpg
EB-10061T,EB-10061T,Tool Cabinet - H1000,ea-10,https://www.tanko.com.tw/en/products-detail/ea-10/,"{""Cabinet (slide system)"": ""EB (T drawer)"", ""Drawers"": ""10061""}",,,,2,https://www.tanko.com.tw/upload/catalog_package_b/ALL_catalog_package_24L10_rPtPtWSiMU.jpg,C:\Users\User\OneDrive\tanko seo\assets\product\EB-10061T.jpg
EB-10062T,EB-10062T,Tool Cabinet - H1000,ea-10,https://www.tanko.com.tw/en/products-detail/ea-10/,"{""Cabinet (slide system)"": ""EB (T drawer)"", ""Drawers"": ""10062""}",,,,2,https://www.tanko.com.tw/upload/catalog_package_b/ALL_catalog_package_24L10_nuPy03u42F.jpg,C:\Users\User\OneDrive\tanko seo\assets\product\EB-10062T.jpg
EB-10071T,EB-10071T,Tool Cabinet - H1000,ea-10,https://www.tanko.com.tw/en/products-detail/ea-10/,"{""Cabinet (slide system)"": ""EB (T drawer)"", ""Drawers"": ""10071""}",,,,2,https://www.tanko.com.tw/upload/catalog_package_b/ALL_catalog_package_24L10_zdF28TmIUY.jpg,C:\Users\User\OneDrive\tanko seo\assets\product\EB-10071T.jpg
EB-10072T,EB-10072T,Tool Cabinet - H1000,ea-10,https://www.tanko.com.tw/en/products-detail/ea-10/,"{""Cabinet (slide system)"": ""EB (T drawer)"", ""Drawers"": ""10072""}",,,,2,https://www.tanko.com.tw/upload/catalog_package_b/ALL_catalog_package_24L10_J5VBc5qf8d.jpg,C:\Users\User\OneDrive\tanko seo\assets\product\EB-10072T.jpg
EB-10073T,EB-10073T,Tool Cabinet - H1000,ea-10,https://www.tanko.com.tw/en/products-detail/ea-10/,"{""Cabinet (slide system)"": ""EB (T drawer)"", ""Drawers"": ""10073""}",,,,2,https://www.tanko.com.tw/upload/catalog_package_b/ALL_catalog_package_24L10_2uWn8rnBCZ.jpg,C:\Users\User\OneDrive\tanko seo\assets\product\EB-10073T.jpg
EB-10091T,EB-10091T,Tool Cabinet - H1000,ea-10,https://www.tanko.com.tw/en/products-detail/ea-10/,"{""Cabinet (slide system)"": ""EB (T drawer)"", ""Drawers"": ""10091""}",,,,2,https://www.tanko.com.tw/upload/catalog_package_b/ALL_catalog_package_24L10_DIbj7wD6pH.jpg,C:\Users\User\OneDrive\tanko seo\assets\product\EB-10091T.jpg
ED-10051,ED-10051,Tool Cabinet - H1000,ea-10,https://www.tanko.com.tw/en/products-detail/ea-10/,"{""Cabinet (slide system)"": ""ED (standard drawer)"", ""Drawers"": ""10051""}",,,,2,https://www.tanko.com.tw/upload/catalog_package_b/ALL_catalog_package_24L10_E0RI4wQWtV.jpg,C:\Users\User\OneDrive\tanko seo\assets\product\ED-10051.jpg
ED-10052,ED-10052,Tool Cabinet - H1000,ea-10,https://www.tanko.com.tw/en/products-detail/ea-10/,"{""Cabinet (slide system)"": ""ED (standard drawer)"", ""Drawers"": ""10052""}",,,,2,https://www.tanko.com.tw/upload/catalog_package_b/ALL_catalog_package_24L10_AXfINASdXO.jpg,C:\Users\User\OneDrive\tanko seo\assets\product\ED-10052.jpg
ED-10061,ED-10061,Tool Cabinet - H1000,ea-10,https://www.tanko.com.tw/en/products-detail/ea-10/,"{""Cabinet (slide system)"": ""ED (standard drawer)"", ""Drawers"": ""10061""}",,,,2,https://www.tanko.com.tw/upload/catalog_package_b/ALL_catalog_package_24L10_J8XpVWwOa0.jpg,C:\Users\User\OneDrive\tanko seo\assets\product\ED-10061.jpg
ED-10062,ED-10062,Tool Cabinet - H1000,ea-10,https://www.tanko.com.tw/en/products-detail/ea-10/,"{""Cabinet (slide system)"": ""ED (standard drawer)"", ""Drawers"": ""10062""}",,,,2,https://www.tanko.com.tw/upload/catalog_package_b/ALL_catalog_package_24L10_t3QRLzQMrc.jpg,C:\Users\User\OneDrive\tanko seo\assets\product\ED-10062.jpg
ED-10071,ED-10071,Tool Cabinet - H1000,ea-10,https://www.tanko.com.tw/en/products-detail/ea-10/,"{""Cabinet (slide system)"": ""ED (standard drawer)"", ""Drawers"": ""10071""}",,,,2,https://www.tanko.com.tw/upload/catalog_package_b/ALL_catalog_package_24L10_O0bC4Ke56E.jpg,C:\Users\User\OneDrive\tanko seo\assets\product\ED-10071.jpg
ED-10072,ED-10072,Tool Cabinet - H1000,ea-10,https://www.tanko.com.tw/en/products-detail/ea-10/,"{""Cabinet (slide system)"": ""ED (standard drawer)"", ""Drawers"": ""10072""}",,,,2,https://www.tanko.com.tw/upload/catalog_package_b/ALL_catalog_package_24L10_HJypWqOBIM.jpg,C:\Users\User\OneDrive\tanko seo\assets\product\ED-10072.jpg
ED-10073,ED-10073,Tool Cabinet - H1000,ea-10,https://www.tanko.com.tw/en/products-detail/ea-10/,"{""Cabinet (slide system)"": ""ED (standard drawer)"", ""Drawers"": ""10073""}",,,,2,https://www.tanko.com.tw/upload/catalog_package_b/ALL_catalog_package_24L10_qmInOo3kcz.jpg,C:\Users\User\OneDrive\tanko seo\assets\product\ED-10073.jpg
ED-10091,ED-10091,Tool Cabinet - H1000,ea-10,https://www.tanko.com.tw/en/products-detail/ea-10/,"{""Cabinet (slide system)"": ""ED (standard drawer)"", ""Drawers"": ""10091""}",,,,2,https://www.tanko.com.tw/upload/catalog_package_b/ALL_catalog_package_24L10_UoMbweDdIL.jpg,C:\Users\User\OneDrive\tanko seo\assets\product\ED-10091.jpg
ED-10051T,ED-10051T,Tool Cabinet - H1000,ea-10,https://www.tanko.com.tw/en/products-detail/ea-10/,"{""Cabinet (slide system)"": ""ED (T drawer)"", ""Drawers"": ""10051""}",,,,2,https://www.tanko.com.tw/upload/catalog_package_b/ALL_catalog_package_24L10_TihmXC5M6Y.jpg,C:\Users\User\OneDrive\tanko seo\assets\product\ED-10051T.jpg
ED-10052T,ED-10052T,Tool Cabinet - H1000,ea-10,https://www.tanko.com.tw/en/products-detail/ea-10/,"{""Cabinet (slide system)"": ""ED (T drawer)"", ""Drawers"": ""10052""}",,,,2,https://www.tanko.com.tw/upload/catalog_package_b/ALL_catalog_package_24L10_jy2Ju5IfZM.jpg,C:\Users\User\OneDrive\tanko seo\assets\product\ED-10052T.jpg
ED-10061T,ED-10061T,Tool Cabinet - H1000,ea-10,https://www.tanko.com.tw/en/products-detail/ea-10/,"{""Cabinet (slide system)"": ""ED (T drawer)"", ""Drawers"": ""10061""}",,,,2,https://www.tanko.com.tw/upload/catalog_package_b/ALL_catalog_package_24L10_WNJMqpC3uL.jpg,C:\Users\User\OneDrive\tanko seo\assets\product\ED-10061T.jpg
ED-10062T,ED-10062T,Tool Cabinet - H1000,ea-10,https://www.tanko.com.tw/en/products-detail/ea-10/,"{""Cabinet (slide system)"": ""ED (T drawer)"", ""Drawers"": ""10062""}",,,,2,https://www.tanko.com.tw/upload/catalog_package_b/ALL_catalog_package_24L10_2gQukMeyPS.jpg,C:\Users\User\OneDrive\tanko seo\assets\product\ED-10062T.jpg
ED-10071T,ED-10071T,Tool Cabinet - H1000,ea-10,https://www.tanko.com.tw/en/products-detail/ea-10/,"{""Cabinet (slide system)"": ""ED (T drawer)"", ""Drawers"": ""10071""}",,,,2,https://www.tanko.com.tw/upload/catalog_package_b/ALL_catalog_package_24L10_5iIXs6M9Z6.jpg,C:\Users\User\OneDrive\tanko seo\assets\product\ED-10071T.jpg
ED-10072T,ED-10072T,Tool Cabinet - H1000,ea-10,https://www.tanko.com.tw/en/products-detail/ea-10/,"{""Cabinet (slide system)"": ""ED (T drawer)"", ""Drawers"": ""10072""}",,,,2,https://www.tanko.com.tw/upload/catalog_package_b/ALL_catalog_package_24L10_9IcFUkI1cV.jpg,C:\Users\User\OneDrive\tanko seo\assets\product\ED-10072T.jpg
ED-10073T,ED-10073T,Tool Cabinet - H1000,ea-10,https://www.tanko.com.tw/en/products-detail/ea-10/,"{""Cabinet (slide system)"": ""ED (T drawer)"", ""Drawers"": ""10073""}",,,,2,https://www.tanko.com.tw/upload/catalog_package_b/ALL_catalog_package_24L10_pYVz6j0Dxl.jpg,C:\Users\User\OneDrive\tanko seo\assets\product\ED-10073T.jpg
ED-10091T,ED-10091T,Tool Cabinet - H1000,ea-10,https://www.tanko.com.tw/en/products-detail/ea-10/,"{""Cabinet (slide system)"": ""ED (T drawer)"", ""Drawers"": ""10091""}",,,,2,https://www.tanko.com.tw/upload/catalog_package_b/ALL_catalog_package_24L10_ezrSx3FbkV.jpg,C:\Users\User\OneDrive\tanko seo\assets\product\ED-10091T.jpg
EA-10031-111MN,EA-10031-111MN,Mobile CNC Tool Cabinet - H1300,ea-10mn,https://www.tanko.com.tw/en/products-detail/ea-10mn/,"{""Cabinet"": ""EA"", ""Tool Holders"": ""BT-30""}",,,,2,https://www.tanko.com.tw/upload/catalog_package_b/ALL_catalog_package_24L11_vT00HOIsLl.png,C:\Users\User\OneDrive\tanko seo\assets\product\EA-10031-111MN.png
EA-10031-222MN,EA-10031-222MN,Mobile CNC Tool Cabinet - H1300,ea-10mn,https://www.tanko.com.tw/en/products-detail/ea-10mn/,"{""Cabinet"": ""EA"", ""Tool Holders"": ""BT-40""}",,,,2,https://www.tanko.com.tw/upload/catalog_package_b/ALL_catalog_package_24L11_Tj2CMHM1Gx.png,C:\Users\User\OneDrive\tanko seo\assets\product\EA-10031-222MN.png
EA-10032-333MN,EA-10032-333MN,Mobile CNC Tool Cabinet - H1300,ea-10mn,https://www.tanko.com.tw/en/products-detail/ea-10mn/,"{""Cabinet"": ""EA"", ""Tool Holders"": ""BT-50""}",,,,2,https://www.tanko.com.tw/upload/catalog_package_b/ALL_catalog_package_24L11_QTSkrCeGgz.png,C:\Users\User\OneDrive\tanko seo\assets\product\EA-10032-333MN.png
EA-10032-666MN,EA-10032-666MN,Mobile CNC Tool Cabinet - H1300,ea-10mn,https://www.tanko.com.tw/en/products-detail/ea-10mn/,"{""Cabinet"": ""EA"", ""Tool Holders"": ""HSK-40""}",,,,2,https://www.tanko.com.tw/upload/catalog_package_b/ALL_catalog_package_24L11_a02SyXd8qD.png,C:\Users\User\OneDrive\tanko seo\assets\product\EA-10032-666MN.png
EA-10032-888MN,EA-10032-888MN,Mobile CNC Tool Cabinet - H1300,ea-10mn,https://www.tanko.com.tw/en/products-detail/ea-10mn/,"{""Cabinet"": ""EA"", ""Tool Holders"": ""HSK-63""}",,,,2,https://www.tanko.com.tw/upload/catalog_package_b/ALL_catalog_package_24L11_5ofjAZEeDO.png,C:\Users\User\OneDrive\tanko seo\assets\product\EA-10032-888MN.png
EB-10031-111MN,EB-10031-111MN,Mobile CNC Tool Cabinet - H1300,ea-10mn,https://www.tanko.com.tw/en/products-detail/ea-10mn/,"{""Cabinet"": ""EB"", ""Tool Holders"": ""BT-30""}",,,,2,https://www.tanko.com.tw/upload/catalog_package_b/ALL_catalog_package_24L11_MegWgt0S0y.png,C:\Users\User\OneDrive\tanko seo\assets\product\EB-10031-111MN.png
EB-10031-222MN,EB-10031-222MN,Mobile CNC Tool Cabinet - H1300,ea-10mn,https://www.tanko.com.tw/en/products-detail/ea-10mn/,"{""Cabinet"": ""EB"", ""Tool Holders"": ""BT-40""}",,,,2,https://www.tanko.com.tw/upload/catalog_package_b/ALL_catalog_package_24L11_9Mys0eYoyU.png,C:\Users\User\OneDrive\tanko seo\assets\product\EB-10031-222MN.png
EB-10032-333MN,EB-10032-333MN,Mobile CNC Tool Cabinet - H1300,ea-10mn,https://www.tanko.com.tw/en/products-detail/ea-10mn/,"{""Cabinet"": ""EB"", ""Tool Holders"": ""BT-50""}",,,,2,https://www.tanko.com.tw/upload/catalog_package_b/ALL_catalog_package_24L11_3qD3t0Kdsl.png,C:\Users\User\OneDrive\tanko seo\assets\product\EB-10032-333MN.png
EB-10032-666MN,EB-10032-666MN,Mobile CNC Tool Cabinet - H1300,ea-10mn,https://www.tanko.com.tw/en/products-detail/ea-10mn/,"{""Cabinet"": ""EB"", ""Tool Holders"": ""HSK-40""}",,,,2,https://www.tanko.com.tw/upload/catalog_package_b/ALL_catalog_package_24L11_x72xka2scd.png,C:\Users\User\OneDrive\tanko seo\assets\product\EB-10032-666MN.png
EB-10032-888MN,EB-10032-888MN,Mobile CNC Tool Cabinet - H1300,ea-10mn,https://www.tanko.com.tw/en/products-detail/ea-10mn/,"{""Cabinet"": ""EB"", ""Tool Holders"": ""HSK-63""}",,,,2,https://www.tanko.com.tw/upload/catalog_package_b/ALL_catalog_package_24L11_Ru8iW9ktIM.png,C:\Users\User\OneDrive\tanko seo\assets\product\EB-10032-888MN.png
ED-10031-111MN,ED-10031-111MN,Mobile CNC Tool Cabinet - H1300,ea-10mn,https://www.tanko.com.tw/en/products-detail/ea-10mn/,"{""Cabinet"": ""ED"", ""Tool Holders"": ""BT-30""}",,,,2,https://www.tanko.com.tw/upload/catalog_package_b/ALL_catalog_package_24L11_g3K2jt72eD.png,C:\Users\User\OneDrive\tanko seo\assets\product\ED-10031-111MN.png
ED-10031-222MN,ED-10031-222MN,Mobile CNC Tool Cabinet - H1300,ea-10mn,https://www.tanko.com.tw/en/products-detail/ea-10mn/,"{""Cabinet"": ""ED"", ""Tool Holders"": ""BT-40""}",,,,2,https://www.tanko.com.tw/upload/catalog_package_b/ALL_catalog_package_24L11_Yq7Sz5ZFJw.png,C:\Users\User\OneDrive\tanko seo\assets\product\ED-10031-222MN.png
ED-10032-333MN,ED-10032-333MN,Mobile CNC Tool Cabinet - H1300,ea-10mn,https://www.tanko.com.tw/en/products-detail/ea-10mn/,"{""Cabinet"": ""ED"", ""Tool Holders"": ""BT-50""}",,,,2,https://www.tanko.com.tw/upload/catalog_package_b/ALL_catalog_package_24L11_nIIHA3wf8d.png,C:\Users\User\OneDrive\tanko seo\assets\product\ED-10032-333MN.png
ED-10032-666MN,ED-10032-666MN,Mobile CNC Tool Cabinet - H1300,ea-10mn,https://www.tanko.com.tw/en/products-detail/ea-10mn/,"{""Cabinet"": ""ED"", ""Tool Holders"": ""HSK-40""}",,,,2,https://www.tanko.com.tw/upload/catalog_package_b/ALL_catalog_package_24L11_K8A305UBKr.png,C:\Users\User\OneDrive\tanko seo\assets\product\ED-10032-666MN.png
ED-10032-888MN,ED-10032-888MN,Mobile CNC Tool Cabinet - H1300,ea-10mn,https://www.tanko.com.tw/en/products-detail/ea-10mn/,"{""Cabinet"": ""ED"", ""Tool Holders"": ""HSK-63""}",,,,2,https://www.tanko.com.tw/upload/catalog_package_b/ALL_catalog_package_24L11_lbg2DZFd7m.png,C:\Users\User\OneDrive\tanko seo\assets\product\ED-10032-888MN.png
EA-10031-11N,EA-10031-11N,CNC Tool Cabinet - H1000,ea-10n,https://www.tanko.com.tw/en/products-detail/ea-10n/,"{""Cabinet"": ""EA"", ""Tool Holders"": ""BT-30""}",,,,2,https://www.tanko.com.tw/upload/catalog_package_b/ALL_catalog_package_24L10_MsRmLFmGVd.png,C:\Users\User\OneDrive\tanko seo\assets\product\EA-10031-11N.png
EA-10031-22N,EA-10031-22N,CNC Tool Cabinet - H1000,ea-10n,https://www.tanko.com.tw/en/products-detail/ea-10n/,"{""Cabinet"": ""EA"", ""Tool Holders"": ""BT-40""}",,,,2,https://www.tanko.com.tw/upload/catalog_package_b/ALL_catalog_package_24L10_jYeUEOZutf.png,C:\Users\User\OneDrive\tanko seo\assets\product\EA-10031-22N.png
EA-10032-33N,EA-10032-33N,CNC Tool Cabinet - H1000,ea-10n,https://www.tanko.com.tw/en/products-detail/ea-10n/,"{""Cabinet"": ""EA"", ""Tool Holders"": ""BT-50""}",,,,2,https://www.tanko.com.tw/upload/catalog_package_b/ALL_catalog_package_24L10_5v8Tfe0RzT.png,C:\Users\User\OneDrive\tanko seo\assets\product\EA-10032-33N.png
EA-10032-66N,EA-10032-66N,CNC Tool Cabinet - H1000,ea-10n,https://www.tanko.com.tw/en/products-detail/ea-10n/,"{""Cabinet"": ""EA"", ""Tool Holders"": ""HSK-40""}",,,,2,https://www.tanko.com.tw/upload/catalog_package_b/ALL_catalog_package_24L10_5DQj3oNeyC.png,C:\Users\User\OneDrive\tanko seo\assets\product\EA-10032-66N.png
EA-10032-88N,EA-10032-88N,CNC Tool Cabinet - H1000,ea-10n,https://www.tanko.com.tw/en/products-detail/ea-10n/,"{""Cabinet"": ""EA"", ""Tool Holders"": ""HSK-63""}",,,,2,https://www.tanko.com.tw/upload/catalog_package_b/ALL_catalog_package_24L10_8PExYOBQop.png,C:\Users\User\OneDrive\tanko seo\assets\product\EA-10032-88N.png
EB-10031-11N,EB-10031-11N,CNC Tool Cabinet - H1000,ea-10n,https://www.tanko.com.tw/en/products-detail/ea-10n/,"{""Cabinet"": ""EB"", ""Tool Holders"": ""BT-30""}",,,,2,https://www.tanko.com.tw/upload/catalog_package_b/ALL_catalog_package_24L10_J5Al4G4Zcg.png,C:\Users\User\OneDrive\tanko seo\assets\product\EB-10031-11N.png
EB-10031-22N,EB-10031-22N,CNC Tool Cabinet - H1000,ea-10n,https://www.tanko.com.tw/en/products-detail/ea-10n/,"{""Cabinet"": ""EB"", ""Tool Holders"": ""BT-40""}",,,,2,https://www.tanko.com.tw/upload/catalog_package_b/ALL_catalog_package_24L10_x0Fm7BqaM4.png,C:\Users\User\OneDrive\tanko seo\assets\product\EB-10031-22N.png
EB-10032-33N,EB-10032-33N,CNC Tool Cabinet - H1000,ea-10n,https://www.tanko.com.tw/en/products-detail/ea-10n/,"{""Cabinet"": ""EB"", ""Tool Holders"": ""BT-50""}",,,,2,https://www.tanko.com.tw/upload/catalog_package_b/ALL_catalog_package_24L10_QlZjFibEyG.png,C:\Users\User\OneDrive\tanko seo\assets\product\EB-10032-33N.png
EB-10032-66N,EB-10032-66N,CNC Tool Cabinet - H1000,ea-10n,https://www.tanko.com.tw/en/products-detail/ea-10n/,"{""Cabinet"": ""EB"", ""Tool Holders"": ""HSK-40""}",,,,2,https://www.tanko.com.tw/upload/catalog_package_b/ALL_catalog_package_24L10_D7fQxFDapS.png,C:\Users\User\OneDrive\tanko seo\assets\product\EB-10032-66N.png
EB-10032-88N,EB-10032-88N,CNC Tool Cabinet - H1000,ea-10n,https://www.tanko.com.tw/en/products-detail/ea-10n/,"{""Cabinet"": ""EB"", ""Tool Holders"": ""HSK-63""}",,,,2,https://www.tanko.com.tw/upload/catalog_package_b/ALL_catalog_package_24L10_e7RD9Fn1pQ.png,C:\Users\User\OneDrive\tanko seo\assets\product\EB-10032-88N.png
ED-10031-11N,ED-10031-11N,CNC Tool Cabinet - H1000,ea-10n,https://www.tanko.com.tw/en/products-detail/ea-10n/,"{""Cabinet"": ""ED"", ""Tool Holders"": ""BT-30""}",,,,2,https://www.tanko.com.tw/upload/catalog_package_b/ALL_catalog_package_24L10_5SRLcSFqMp.png,C:\Users\User\OneDrive\tanko seo\assets\product\ED-10031-11N.png
ED-10031-22N,ED-10031-22N,CNC Tool Cabinet - H1000,ea-10n,https://www.tanko.com.tw/en/products-detail/ea-10n/,"{""Cabinet"": ""ED"", ""Tool Holders"": ""BT-40""}",,,,2,https://www.tanko.com.tw/upload/catalog_package_b/ALL_catalog_package_24L10_VPxDETaQYH.png,C:\Users\User\OneDrive\tanko seo\assets\product\ED-10031-22N.png
ED-10032-33N,ED-10032-33N,CNC Tool Cabinet - H1000,ea-10n,https://www.tanko.com.tw/en/products-detail/ea-10n/,"{""Cabinet"": ""ED"", ""Tool Holders"": ""BT-50""}",,,,2,https://www.tanko.com.tw/upload/catalog_package_b/ALL_catalog_package_24L10_WN75ETEdVb.png,C:\Users\User\OneDrive\tanko seo\assets\product\ED-10032-33N.png
ED-10032-66N,ED-10032-66N,CNC Tool Cabinet - H1000,ea-10n,https://www.tanko.com.tw/en/products-detail/ea-10n/,"{""Cabinet"": ""ED"", ""Tool Holders"": ""HSK-40""}",,,,2,https://www.tanko.com.tw/upload/catalog_package_b/ALL_catalog_package_24L10_vbE2eXJsbx.png,C:\Users\User\OneDrive\tanko seo\assets\product\ED-10032-66N.png
ED-10032-88N,ED-10032-88N,CNC Tool Cabinet - H1000,ea-10n,https://www.tanko.com.tw/en/products-detail/ea-10n/,"{""Cabinet"": ""ED"", ""Tool Holders"": ""HSK-63""}",,,,2,https://www.tanko.com.tw/upload/catalog_package_b/ALL_catalog_package_24L10_VPxdtPWkBy.png,C:\Users\User\OneDrive\tanko seo\assets\product\ED-10032-88N.png
EA-12051,EA-12051,Tool Cabinet - H1200,ea-12,https://www.tanko.com.tw/en/products-detail/ea-12/,"{""Cabinet (slide system)"": ""EA (standard drawer)"", ""Drawers"": ""12051""}",,,,2,https://www.tanko.com.tw/upload/catalog_package_b/ALL_catalog_package_24L10_F2eV65m0B2.jpg,C:\Users\User\OneDrive\tanko seo\assets\product\EA-12051.jpg
EA-12052,EA-12052,Tool Cabinet - H1200,ea-12,https://www.tanko.com.tw/en/products-detail/ea-12/,"{""Cabinet (slide system)"": ""EA (standard drawer)"", ""Drawers"": ""12052""}",,,,2,https://www.tanko.com.tw/upload/catalog_package_b/ALL_catalog_package_24L10_Y011NSnh89.jpg,C:\Users\User\OneDrive\tanko seo\assets\product\EA-12052.jpg
EA-12071,EA-12071,Tool Cabinet - H1200,ea-12,https://www.tanko.com.tw/en/products-detail/ea-12/,"{""Cabinet (slide system)"": ""EA (standard drawer)"", ""Drawers"": ""12071""}",,,,2,https://www.tanko.com.tw/upload/catalog_package_b/ALL_catalog_package_24L10_U1S4lsYKpz.jpg,C:\Users\User\OneDrive\tanko seo\assets\product\EA-12071.jpg
EA-12072,EA-12072,Tool Cabinet - H1200,ea-12,https://www.tanko.com.tw/en/products-detail/ea-12/,"{""Cabinet (slide system)"": ""EA (standard drawer)"", ""Drawers"": ""12072""}",,,,2,https://www.tanko.com.tw/upload/catalog_package_b/ALL_catalog_package_24L10_vyHLaelEg5.jpg,C:\Users\User\OneDrive\tanko seo\assets\product\EA-12072.jpg
EA-12073,EA-12073,Tool Cabinet - H1200,ea-12,https://www.tanko.com.tw/en/products-detail/ea-12/,"{""Cabinet (slide system)"": ""EA (standard drawer)"", ""Drawers"": ""12073""}",,,,2,https://www.tanko.com.tw/upload/catalog_package_b/ALL_catalog_package_24L10_cSq9ZQ4AVI.jpg,C:\Users\User\OneDrive\tanko seo\assets\product\EA-12073.jpg
EA-12074,EA-12074,Tool Cabinet - H1200,ea-12,https://www.tanko.com.tw/en/products-detail/ea-12/,"{""Cabinet (slide system)"": ""EA (standard drawer)"", ""Drawers"": ""12074""}",,,,2,https://www.tanko.com.tw/upload/catalog_package_b/ALL_catalog_package_24L10_5jwJK9RN0Q.jpg,C:\Users\User\OneDrive\tanko seo\assets\product\EA-12074.jpg
EA-12081,EA-12081,Tool Cabinet - H1200,ea-12,https://www.tanko.com.tw/en/products-detail/ea-12/,"{""Cabinet (slide system)"": ""EA (standard drawer)"", ""Drawers"": ""12081""}",,,,2,https://www.tanko.com.tw/upload/catalog_package_b/ALL_catalog_package_24L10_uw4yMFibsd.jpg,C:\Users\User\OneDrive\tanko seo\assets\product\EA-12081.jpg
EA-12082,EA-12082,Tool Cabinet - H1200,ea-12,https://www.tanko.com.tw/en/products-detail/ea-12/,"{""Cabinet (slide system)"": ""EA (standard drawer)"", ""Drawers"": ""12082""}",,,,2,https://www.tanko.com.tw/upload/catalog_package_b/ALL_catalog_package_24L10_JsAkWejrT7.jpg,C:\Users\User\OneDrive\tanko seo\assets\product\EA-12082.jpg
EA-12051T,EA-12051T,Tool Cabinet - H1200,ea-12,https://www.tanko.com.tw/en/products-detail/ea-12/,"{""Cabinet (slide system)"": ""EA (T drawer)"", ""Drawers"": ""12051""}",,,,2,https://www.tanko.com.tw/upload/catalog_package_b/ALL_catalog_package_24L10_vlmkkedfef.jpg,C:\Users\User\OneDrive\tanko seo\assets\product\EA-12051T.jpg
EA-12052T,EA-12052T,Tool Cabinet - H1200,ea-12,https://www.tanko.com.tw/en/products-detail/ea-12/,"{""Cabinet (slide system)"": ""EA (T drawer)"", ""Drawers"": ""12052""}",,,,2,https://www.tanko.com.tw/upload/catalog_package_b/ALL_catalog_package_24L10_UJruqQjhkQ.jpg,C:\Users\User\OneDrive\tanko seo\assets\product\EA-12052T.jpg
EA-12071T,EA-12071T,Tool Cabinet - H1200,ea-12,https://www.tanko.com.tw/en/products-detail/ea-12/,"{""Cabinet (slide system)"": ""EA (T drawer)"", ""Drawers"": ""12071""}",,,,2,https://www.tanko.com.tw/upload/catalog_package_b/ALL_catalog_package_24L10_AvI9fizIGB.jpg,C:\Users\User\OneDrive\tanko seo\assets\product\EA-12071T.jpg
EA-12072T,EA-12072T,Tool Cabinet - H1200,ea-12,https://www.tanko.com.tw/en/products-detail/ea-12/,"{""Cabinet (slide system)"": ""EA (T drawer)"", ""Drawers"": ""12072""}",,,,2,https://www.tanko.com.tw/upload/catalog_package_b/ALL_catalog_package_24L10_E5l7yk7V5e.jpg,C:\Users\User\OneDrive\tanko seo\assets\product\EA-12072T.jpg
EA-12073T,EA-12073T,Tool Cabinet - H1200,ea-12,https://www.tanko.com.tw/en/products-detail/ea-12/,"{""Cabinet (slide system)"": ""EA (T drawer)"", ""Drawers"": ""12073""}",,,,2,https://www.tanko.com.tw/upload/catalog_package_b/ALL_catalog_package_24L10_1wsYYTIYCQ.jpg,C:\Users\User\OneDrive\tanko seo\assets\product\EA-12073T.jpg
EA-12074T,EA-12074T,Tool Cabinet - H1200,ea-12,https://www.tanko.com.tw/en/products-detail/ea-12/,"{""Cabinet (slide system)"": ""EA (T drawer)"", ""Drawers"": ""12074""}",,,,2,https://www.tanko.com.tw/upload/catalog_package_b/ALL_catalog_package_24L10_LsP9tuFkRK.jpg,C:\Users\User\OneDrive\tanko seo\assets\product\EA-12074T.jpg
EA-12081T,EA-12081T,Tool Cabinet - H1200,ea-12,https://www.tanko.com.tw/en/products-detail/ea-12/,"{""Cabinet (slide system)"": ""EA (T drawer)"", ""Drawers"": ""12081""}",,,,2,https://www.tanko.com.tw/upload/catalog_package_b/ALL_catalog_package_24L10_iq8HzGENdu.jpg,C:\Users\User\OneDrive\tanko seo\assets\product\EA-12081T.jpg
EA-12082T,EA-12082T,Tool Cabinet - H1200,ea-12,https://www.tanko.com.tw/en/products-detail/ea-12/,"{""Cabinet (slide system)"": ""EA (T drawer)"", ""Drawers"": ""12082""}",,,,2,https://www.tanko.com.tw/upload/catalog_package_b/ALL_catalog_package_24L10_vGtr9OtzSI.jpg,C:\Users\User\OneDrive\tanko seo\assets\product\EA-12082T.jpg
EB-12051,EB-12051,Tool Cabinet - H1200,ea-12,https://www.tanko.com.tw/en/products-detail/ea-12/,"{""Cabinet (slide system)"": ""EB (standard drawer)"", ""Drawers"": ""12051""}",,,,2,https://www.tanko.com.tw/upload/catalog_package_b/ALL_catalog_package_24L10_9wrdQ8Ks1L.jpg,C:\Users\User\OneDrive\tanko seo\assets\product\EB-12051.jpg
EB-12052,EB-12052,Tool Cabinet - H1200,ea-12,https://www.tanko.com.tw/en/products-detail/ea-12/,"{""Cabinet (slide system)"": ""EB (standard drawer)"", ""Drawers"": ""12052""}",,,,2,https://www.tanko.com.tw/upload/catalog_package_b/ALL_catalog_package_24L10_B3M2jfQIvi.jpg,C:\Users\User\OneDrive\tanko seo\assets\product\EB-12052.jpg
EB-12071,EB-12071,Tool Cabinet - H1200,ea-12,https://www.tanko.com.tw/en/products-detail/ea-12/,"{""Cabinet (slide system)"": ""EB (standard drawer)"", ""Drawers"": ""12071""}",,,,2,https://www.tanko.com.tw/upload/catalog_package_b/ALL_catalog_package_24L10_XAwg7iWHG2.jpg,C:\Users\User\OneDrive\tanko seo\assets\product\EB-12071.jpg
EB-12072,EB-12072,Tool Cabinet - H1200,ea-12,https://www.tanko.com.tw/en/products-detail/ea-12/,"{""Cabinet (slide system)"": ""EB (standard drawer)"", ""Drawers"": ""12072""}",,,,2,https://www.tanko.com.tw/upload/catalog_package_b/ALL_catalog_package_24L10_A3Sy5buCgg.jpg,C:\Users\User\OneDrive\tanko seo\assets\product\EB-12072.jpg
EB-12073,EB-12073,Tool Cabinet - H1200,ea-12,https://www.tanko.com.tw/en/products-detail/ea-12/,"{""Cabinet (slide system)"": ""EB (standard drawer)"", ""Drawers"": ""12073""}",,,,2,https://www.tanko.com.tw/upload/catalog_package_b/ALL_catalog_package_24L10_FPTwdguzWB.jpg,C:\Users\User\OneDrive\tanko seo\assets\product\EB-12073.jpg
EB-12074,EB-12074,Tool Cabinet - H1200,ea-12,https://www.tanko.com.tw/en/products-detail/ea-12/,"{""Cabinet (slide system)"": ""EB (standard drawer)"", ""Drawers"": ""12074""}",,,,2,https://www.tanko.com.tw/upload/catalog_package_b/ALL_catalog_package_24L10_hbvWWTfutZ.jpg,C:\Users\User\OneDrive\tanko seo\assets\product\EB-12074.jpg
EB-12081,EB-12081,Tool Cabinet - H1200,ea-12,https://www.tanko.com.tw/en/products-detail/ea-12/,"{""Cabinet (slide system)"": ""EB (standard drawer)"", ""Drawers"": ""12081""}",,,,2,https://www.tanko.com.tw/upload/catalog_package_b/ALL_catalog_package_24L10_FhnUsrvjA6.jpg,C:\Users\User\OneDrive\tanko seo\assets\product\EB-12081.jpg
EB-12082,EB-12082,Tool Cabinet - H1200,ea-12,https://www.tanko.com.tw/en/products-detail/ea-12/,"{""Cabinet (slide system)"": ""EB (standard drawer)"", ""Drawers"": ""12082""}",,,,2,https://www.tanko.com.tw/upload/catalog_package_b/ALL_catalog_package_24L10_bJIHVb1QIx.jpg,C:\Users\User\OneDrive\tanko seo\assets\product\EB-12082.jpg
EB-12051T,EB-12051T,Tool Cabinet - H1200,ea-12,https://www.tanko.com.tw/en/products-detail/ea-12/,"{""Cabinet (slide system)"": ""EB (T drawer)"", ""Drawers"": ""12051""}",,,,2,https://www.tanko.com.tw/upload/catalog_package_b/ALL_catalog_package_24L10_DaXRYOgUZz.jpg,C:\Users\User\OneDrive\tanko seo\assets\product\EB-12051T.jpg
EB-12052T,EB-12052T,Tool Cabinet - H1200,ea-12,https://www.tanko.com.tw/en/products-detail/ea-12/,"{""Cabinet (slide system)"": ""EB (T drawer)"", ""Drawers"": ""12052""}",,,,2,https://www.tanko.com.tw/upload/catalog_package_b/ALL_catalog_package_24L10_ERu3JGoU1y.jpg,C:\Users\User\OneDrive\tanko seo\assets\product\EB-12052T.jpg
EB-12071T,EB-12071T,Tool Cabinet - H1200,ea-12,https://www.tanko.com.tw/en/products-detail/ea-12/,"{""Cabinet (slide system)"": ""EB (T drawer)"", ""Drawers"": ""12071""}",,,,2,https://www.tanko.com.tw/upload/catalog_package_b/ALL_catalog_package_24L10_NbZFJBJnSO.jpg,C:\Users\User\OneDrive\tanko seo\assets\product\EB-12071T.jpg
EB-12072T,EB-12072T,Tool Cabinet - H1200,ea-12,https://www.tanko.com.tw/en/products-detail/ea-12/,"{""Cabinet (slide system)"": ""EB (T drawer)"", ""Drawers"": ""12072""}",,,,2,https://www.tanko.com.tw/upload/catalog_package_b/ALL_catalog_package_24L10_f6HhPLKAYT.jpg,C:\Users\User\OneDrive\tanko seo\assets\product\EB-12072T.jpg
EB-12073T,EB-12073T,Tool Cabinet - H1200,ea-12,https://www.tanko.com.tw/en/products-detail/ea-12/,"{""Cabinet (slide system)"": ""EB (T drawer)"", ""Drawers"": ""12073""}",,,,2,https://www.tanko.com.tw/upload/catalog_package_b/ALL_catalog_package_24L10_8gwYoPtdVT.jpg,C:\Users\User\OneDrive\tanko seo\assets\product\EB-12073T.jpg
EB-12074T,EB-12074T,Tool Cabinet - H1200,ea-12,https://www.tanko.com.tw/en/products-detail/ea-12/,"{""Cabinet (slide system)"": ""EB (T drawer)"", ""Drawers"": ""12074""}",,,,2,https://www.tanko.com.tw/upload/catalog_package_b/ALL_catalog_package_24L10_wpZupNS1VH.jpg,C:\Users\User\OneDrive\tanko seo\assets\product\EB-12074T.jpg
EB-12081T,EB-12081T,Tool Cabinet - H1200,ea-12,https://www.tanko.com.tw/en/products-detail/ea-12/,"{""Cabinet (slide system)"": ""EB (T drawer)"", ""Drawers"": ""12081""}",,,,2,https://www.tanko.com.tw/upload/catalog_package_b/ALL_catalog_package_24L10_mZUMFkq2t2.jpg,C:\Users\User\OneDrive\tanko seo\assets\product\EB-12081T.jpg
EB-12082T,EB-12082T,Tool Cabinet - H1200,ea-12,https://www.tanko.com.tw/en/products-detail/ea-12/,"{""Cabinet (slide system)"": ""EB (T drawer)"", ""Drawers"": ""12082""}",,,,2,https://www.tanko.com.tw/upload/catalog_package_b/ALL_catalog_package_24L10_uSmLyfrhld.jpg,C:\Users\User\OneDrive\tanko seo\assets\product\EB-12082T.jpg
ED-12051,ED-12051,Tool Cabinet - H1200,ea-12,https://www.tanko.com.tw/en/products-detail/ea-12/,"{""Cabinet (slide system)"": ""ED (standard drawer)"", ""Drawers"": ""12051""}",,,,2,https://www.tanko.com.tw/upload/catalog_package_b/ALL_catalog_package_24L10_QSUhteu4Qi.jpg,C:\Users\User\OneDrive\tanko seo\assets\product\ED-12051.jpg
ED-12052,ED-12052,Tool Cabinet - H1200,ea-12,https://www.tanko.com.tw/en/products-detail/ea-12/,"{""Cabinet (slide system)"": ""ED (standard drawer)"", ""Drawers"": ""12052""}",,,,2,https://www.tanko.com.tw/upload/catalog_package_b/ALL_catalog_package_24L10_UWmFjo391N.jpg,C:\Users\User\OneDrive\tanko seo\assets\product\ED-12052.jpg
ED-12071,ED-12071,Tool Cabinet - H1200,ea-12,https://www.tanko.com.tw/en/products-detail/ea-12/,"{""Cabinet (slide system)"": ""ED (standard drawer)"", ""Drawers"": ""12071""}",,,,2,https://www.tanko.com.tw/upload/catalog_package_b/ALL_catalog_package_24L10_Ul3P2UHm2l.jpg,C:\Users\User\OneDrive\tanko seo\assets\product\ED-12071.jpg
ED-12072,ED-12072,Tool Cabinet - H1200,ea-12,https://www.tanko.com.tw/en/products-detail/ea-12/,"{""Cabinet (slide system)"": ""ED (standard drawer)"", ""Drawers"": ""12072""}",,,,2,https://www.tanko.com.tw/upload/catalog_package_b/ALL_catalog_package_24L10_nXxkMPcn1c.jpg,C:\Users\User\OneDrive\tanko seo\assets\product\ED-12072.jpg
ED-12073,ED-12073,Tool Cabinet - H1200,ea-12,https://www.tanko.com.tw/en/products-detail/ea-12/,"{""Cabinet (slide system)"": ""ED (standard drawer)"", ""Drawers"": ""12073""}",,,,2,https://www.tanko.com.tw/upload/catalog_package_b/ALL_catalog_package_24L10_pPK4xTOg8l.jpg,C:\Users\User\OneDrive\tanko seo\assets\product\ED-12073.jpg
ED-12074,ED-12074,Tool Cabinet - H1200,ea-12,https://www.tanko.com.tw/en/products-detail/ea-12/,"{""Cabinet (slide system)"": ""ED (standard drawer)"", ""Drawers"": ""12074""}",,,,2,https://www.tanko.com.tw/upload/catalog_package_b/ALL_catalog_package_24L10_k4E7GDC4rc.jpg,C:\Users\User\OneDrive\tanko seo\assets\product\ED-12074.jpg
ED-12081,ED-12081,Tool Cabinet - H1200,ea-12,https://www.tanko.com.tw/en/products-detail/ea-12/,"{""Cabinet (slide system)"": ""ED (standard drawer)"", ""Drawers"": ""12081""}",,,,2,https://www.tanko.com.tw/upload/catalog_package_b/ALL_catalog_package_24L10_G1PH2gOrI4.jpg,C:\Users\User\OneDrive\tanko seo\assets\product\ED-12081.jpg
ED-12082,ED-12082,Tool Cabinet - H1200,ea-12,https://www.tanko.com.tw/en/products-detail/ea-12/,"{""Cabinet (slide system)"": ""ED (standard drawer)"", ""Drawers"": ""12082""}",,,,2,https://www.tanko.com.tw/upload/catalog_package_b/ALL_catalog_package_24L10_Sn46I6TW4G.jpg,C:\Users\User\OneDrive\tanko seo\assets\product\ED-12082.jpg
ED-12051T,ED-12051T,Tool Cabinet - H1200,ea-12,https://www.tanko.com.tw/en/products-detail/ea-12/,"{""Cabinet (slide system)"": ""ED (T drawer)"", ""Drawers"": ""12051""}",,,,2,https://www.tanko.com.tw/upload/catalog_package_b/ALL_catalog_package_24L10_Uz4pRHdccO.jpg,C:\Users\User\OneDrive\tanko seo\assets\product\ED-12051T.jpg
ED-12052T,ED-12052T,Tool Cabinet - H1200,ea-12,https://www.tanko.com.tw/en/products-detail/ea-12/,"{""Cabinet (slide system)"": ""ED (T drawer)"", ""Drawers"": ""12052""}",,,,2,https://www.tanko.com.tw/upload/catalog_package_b/ALL_catalog_package_24L10_q202bvSkX0.jpg,C:\Users\User\OneDrive\tanko seo\assets\product\ED-12052T.jpg
ED-12071T,ED-12071T,Tool Cabinet - H1200,ea-12,https://www.tanko.com.tw/en/products-detail/ea-12/,"{""Cabinet (slide system)"": ""ED (T drawer)"", ""Drawers"": ""12071""}",,,,2,https://www.tanko.com.tw/upload/catalog_package_b/ALL_catalog_package_24L10_F8I6ddkAfU.jpg,C:\Users\User\OneDrive\tanko seo\assets\product\ED-12071T.jpg
ED-12072T,ED-12072T,Tool Cabinet - H1200,ea-12,https://www.tanko.com.tw/en/products-detail/ea-12/,"{""Cabinet (slide system)"": ""ED (T drawer)"", ""Drawers"": ""12072""}",,,,2,https://www.tanko.com.tw/upload/catalog_package_b/ALL_catalog_package_24L10_Cc0U64aW7Q.jpg,C:\Users\User\OneDrive\tanko seo\assets\product\ED-12072T.jpg
ED-12073T,ED-12073T,Tool Cabinet - H1200,ea-12,https://www.tanko.com.tw/en/products-detail/ea-12/,"{""Cabinet (slide system)"": ""ED (T drawer)"", ""Drawers"": ""12073""}",,,,2,https://www.tanko.com.tw/upload/catalog_package_b/ALL_catalog_package_24L10_4ncQNtAgdg.jpg,C:\Users\User\OneDrive\tanko seo\assets\product\ED-12073T.jpg
ED-12074T,ED-12074T,Tool Cabinet - H1200,ea-12,https://www.tanko.com.tw/en/products-detail/ea-12/,"{""Cabinet (slide system)"": ""ED (T drawer)"", ""Drawers"": ""12074""}",,,,2,https://www.tanko.com.tw/upload/catalog_package_b/ALL_catalog_package_24L10_wCu5lJj5Yl.jpg,C:\Users\User\OneDrive\tanko seo\assets\product\ED-12074T.jpg
ED-12081T,ED-12081T,Tool Cabinet - H1200,ea-12,https://www.tanko.com.tw/en/products-detail/ea-12/,"{""Cabinet (slide system)"": ""ED (T drawer)"", ""Drawers"": ""12081""}",,,,2,https://www.tanko.com.tw/upload/catalog_package_b/ALL_catalog_package_24L10_9eaRdpHJFb.jpg,C:\Users\User\OneDrive\tanko seo\assets\product\ED-12081T.jpg
ED-12082T,ED-12082T,Tool Cabinet - H1200,ea-12,https://www.tanko.com.tw/en/products-detail/ea-12/,"{""Cabinet (slide system)"": ""ED (T drawer)"", ""Drawers"": ""12082""}",,,,2,https://www.tanko.com.tw/upload/catalog_package_b/ALL_catalog_package_24L10_7RnFGkvR97.jpg,C:\Users\User\OneDrive\tanko seo\assets\product\ED-12082T.jpg
EA-12031-111N,EA-12031-111N,CNC Tool Cabinet - H1200,ea-12n,https://www.tanko.com.tw/en/products-detail/ea-12n/,"{""Cabinet"": ""EA"", ""Tool Holders"": ""BT-30""}",,,,2,https://www.tanko.com.tw/upload/catalog_package_b/ALL_catalog_package_24L24_PEkzgPqGqz.png,C:\Users\User\OneDrive\tanko seo\assets\product\EA-12031-111N.png
EA-12031-222N,EA-12031-222N,CNC Tool Cabinet - H1200,ea-12n,https://www.tanko.com.tw/en/products-detail/ea-12n/,"{""Cabinet"": ""EA"", ""Tool Holders"": ""BT-40""}",,,,2,https://www.tanko.com.tw/upload/catalog_package_b/ALL_catalog_package_24L10_0sK3jPd0ev.png,C:\Users\User\OneDrive\tanko seo\assets\product\EA-12031-222N.png
EA-12031-333N,EA-12031-333N,CNC Tool Cabinet - H1200,ea-12n,https://www.tanko.com.tw/en/products-detail/ea-12n/,"{""Cabinet"": ""EA"", ""Tool Holders"": ""BT-50""}",,,,2,https://www.tanko.com.tw/upload/catalog_package_b/ALL_catalog_package_24L24_7T3BodorH4.png,C:\Users\User\OneDrive\tanko seo\assets\product\EA-12031-333N.png
EA-12041-666N,EA-12041-666N,CNC Tool Cabinet - H1200,ea-12n,https://www.tanko.com.tw/en/products-detail/ea-12n/,"{""Cabinet"": ""EA"", ""Tool Holders"": ""HSK-40""}",,,,2,https://www.tanko.com.tw/upload/catalog_package_b/ALL_catalog_package_24L24_Hjts3ykKqY.png,C:\Users\User\OneDrive\tanko seo\assets\product\EA-12041-666N.png
EA-12042-88N,EA-12042-88N,CNC Tool Cabinet - H1200,ea-12n,https://www.tanko.com.tw/en/products-detail/ea-12n/,"{""Cabinet"": ""EA"", ""Tool Holders"": ""HSK-63""}",,,,2,https://www.tanko.com.tw/upload/catalog_package_b/ALL_catalog_package_24L10_j8oe0shjlw.png,C:\Users\User\OneDrive\tanko seo\assets\product\EA-12042-88N.png
EB-12031-111N,EB-12031-111N,CNC Tool Cabinet - H1200,ea-12n,https://www.tanko.com.tw/en/products-detail/ea-12n/,"{""Cabinet"": ""EB"", ""Tool Holders"": ""BT-30""}",,,,2,https://www.tanko.com.tw/upload/catalog_package_b/ALL_catalog_package_24L24_ZHvAl42UQe.png,C:\Users\User\OneDrive\tanko seo\assets\product\EB-12031-111N.png
EB-12031-222N,EB-12031-222N,CNC Tool Cabinet - H1200,ea-12n,https://www.tanko.com.tw/en/products-detail/ea-12n/,"{""Cabinet"": ""EB"", ""Tool Holders"": ""BT-40""}",,,,2,https://www.tanko.com.tw/upload/catalog_package_b/ALL_catalog_package_24L10_XNwUfC2tEv.png,C:\Users\User\OneDrive\tanko seo\assets\product\EB-12031-222N.png
EB-12031-.333N,EB-12031-.333N,CNC Tool Cabinet - H1200,ea-12n,https://www.tanko.com.tw/en/products-detail/ea-12n/,"{""Cabinet"": ""EB"", ""Tool Holders"": ""BT-50""}",,,,2,https://www.tanko.com.tw/upload/catalog_package_b/ALL_catalog_package_24L24_QgosrKDYu6.png,C:\Users\User\OneDrive\tanko seo\assets\product\EB-12031-.333N.png
EB-12041-666N,EB-12041-666N,CNC Tool Cabinet - H1200,ea-12n,https://www.tanko.com.tw/en/products-detail/ea-12n/,"{""Cabinet"": ""EB"", ""Tool Holders"": ""HSK-40""}",,,,2,https://www.tanko.com.tw/upload/catalog_package_b/ALL_catalog_package_24L24_XnRgKqOxK7.png,C:\Users\User\OneDrive\tanko seo\assets\product\EB-12041-666N.png
EB-12042-88N,EB-12042-88N,CNC Tool Cabinet - H1200,ea-12n,https://www.tanko.com.tw/en/products-detail/ea-12n/,"{""Cabinet"": ""EB"", ""Tool Holders"": ""HSK-63""}",,,,2,https://www.tanko.com.tw/upload/catalog_package_b/ALL_catalog_package_24L10_5j2odPuqMF.png,C:\Users\User\OneDrive\tanko seo\assets\product\EB-12042-88N.png
ED-12031-111N,ED-12031-111N,CNC Tool Cabinet - H1200,ea-12n,https://www.tanko.com.tw/en/products-detail/ea-12n/,"{""Cabinet"": ""ED"", ""Tool Holders"": ""BT-30""}",,,,2,https://www.tanko.com.tw/upload/catalog_package_b/ALL_catalog_package_24L24_n4J6dyLXwp.png,C:\Users\User\OneDrive\tanko seo\assets\product\ED-12031-111N.png
ED-12031-222N,ED-12031-222N,CNC Tool Cabinet - H1200,ea-12n,https://www.tanko.com.tw/en/products-detail/ea-12n/,"{""Cabinet"": ""ED"", ""Tool Holders"": ""BT-40""}",,,,2,https://www.tanko.com.tw/upload/catalog_package_b/ALL_catalog_package_24L10_lreGUwgicM.png,C:\Users\User\OneDrive\tanko seo\assets\product\ED-12031-222N.png
ED-12031-333N,ED-12031-333N,CNC Tool Cabinet - H1200,ea-12n,https://www.tanko.com.tw/en/products-detail/ea-12n/,"{""Cabinet"": ""ED"", ""Tool Holders"": ""BT-50""}",,,,2,https://www.tanko.com.tw/upload/catalog_package_b/ALL_catalog_package_24L24_STQQlsL1qE.png,C:\Users\User\OneDrive\tanko seo\assets\product\ED-12031-333N.png
ED-12041-666N,ED-12041-666N,CNC Tool Cabinet - H1200,ea-12n,https://www.tanko.com.tw/en/products-detail/ea-12n/,"{""Cabinet"": ""ED"", ""Tool Holders"": ""HSK-40""}",,,,2,https://www.tanko.com.tw/upload/catalog_package_b/ALL_catalog_package_24L24_tpH4vvGvC0.png,C:\Users\User\OneDrive\tanko seo\assets\product\ED-12041-666N.png
ED-12042-88N,ED-12042-88N,CNC Tool Cabinet - H1200,ea-12n,https://www.tanko.com.tw/en/products-detail/ea-12n/,"{""Cabinet"": ""ED"", ""Tool Holders"": ""HSK-63""}",,,,2,https://www.tanko.com.tw/upload/catalog_package_b/ALL_catalog_package_24L10_laKjuEgkne.png,C:\Users\User\OneDrive\tanko seo\assets\product\ED-12042-88N.png
EA-7041,EA-7041,Tool Cabinet - H700,ea-7,https://www.tanko.com.tw/en/products-detail/ea-7/,"{""Cabinet (slide system)"": ""EA (standard drawer)"", ""Drawers"": ""7041""}",,,,2,https://www.tanko.com.tw/upload/catalog_package_b/ALL_catalog_package_24L10_2OxKFM89lK.jpg,C:\Users\User\OneDrive\tanko seo\assets\product\EA-7041.jpg
EA-7042,EA-7042,Tool Cabinet - H700,ea-7,https://www.tanko.com.tw/en/products-detail/ea-7/,"{""Cabinet (slide system)"": ""EA (standard drawer)"", ""Drawers"": ""7042""}",,,,2,https://www.tanko.com.tw/upload/catalog_package_b/ALL_catalog_package_24L10_FXlLTTxvOs.jpg,C:\Users\User\OneDrive\tanko seo\assets\product\EA-7042.jpg
EA-7051,EA-7051,Tool Cabinet - H700,ea-7,https://www.tanko.com.tw/en/products-detail/ea-7/,"{""Cabinet (slide system)"": ""EA (standard drawer)"", ""Drawers"": ""7051""}",,,,2,https://www.tanko.com.tw/upload/catalog_package_b/ALL_catalog_package_24L10_XgAkYJmJyu.jpg,C:\Users\User\OneDrive\tanko seo\assets\product\EA-7051.jpg
EA-7052,EA-7052,Tool Cabinet - H700,ea-7,https://www.tanko.com.tw/en/products-detail/ea-7/,"{""Cabinet (slide system)"": ""EA (standard drawer)"", ""Drawers"": ""7052""}",,,,2,https://www.tanko.com.tw/upload/catalog_package_b/ALL_catalog_package_24L10_Ju3ud4LLm3.jpg,C:\Users\User\OneDrive\tanko seo\assets\product\EA-7052.jpg
EA-7053,EA-7053,Tool Cabinet - H700,ea-7,https://www.tanko.com.tw/en/products-detail/ea-7/,"{""Cabinet (slide system)"": ""EA (standard drawer)"", ""Drawers"": ""7053""}",,,,2,https://www.tanko.com.tw/upload/catalog_package_b/ALL_catalog_package_24L10_4viWOTkMY0.jpg,C:\Users\User\OneDrive\tanko seo\assets\product\EA-7053.jpg
EA-7054,EA-7054,Tool Cabinet - H700,ea-7,https://www.tanko.com.tw/en/products-detail/ea-7/,"{""Cabinet (slide system)"": ""EA (standard drawer)"", ""Drawers"": ""7054""}",,,,2,https://www.tanko.com.tw/upload/catalog_package_b/ALL_catalog_package_24L10_7IxFZ2wgHh.jpg,C:\Users\User\OneDrive\tanko seo\assets\product\EA-7054.jpg
EA-7061,EA-7061,Tool Cabinet - H700,ea-7,https://www.tanko.com.tw/en/products-detail/ea-7/,"{""Cabinet (slide system)"": ""EA (standard drawer)"", ""Drawers"": ""7061""}",,,,2,https://www.tanko.com.tw/upload/catalog_package_b/ALL_catalog_package_24L10_KltP82fMxF.jpg,C:\Users\User\OneDrive\tanko seo\assets\product\EA-7061.jpg
EA-7073,EA-7073,Tool Cabinet - H700,ea-7,https://www.tanko.com.tw/en/products-detail/ea-7/,"{""Cabinet (slide system)"": ""EA (standard drawer)"", ""Drawers"": ""7073""}",,,,2,https://www.tanko.com.tw/upload/catalog_package_b/ALL_catalog_package_24L10_OHfj6Z1AoG.jpg,C:\Users\User\OneDrive\tanko seo\assets\product\EA-7073.jpg
EA-7041T,EA-7041T,Tool Cabinet - H700,ea-7,https://www.tanko.com.tw/en/products-detail/ea-7/,"{""Cabinet (slide system)"": ""EA (T drawer)"", ""Drawers"": ""7041""}",,,,2,https://www.tanko.com.tw/upload/catalog_package_b/ALL_catalog_package_24L10_gFIwKLVira.jpg,C:\Users\User\OneDrive\tanko seo\assets\product\EA-7041T.jpg
EA-7042T,EA-7042T,Tool Cabinet - H700,ea-7,https://www.tanko.com.tw/en/products-detail/ea-7/,"{""Cabinet (slide system)"": ""EA (T drawer)"", ""Drawers"": ""7042""}",,,,2,https://www.tanko.com.tw/upload/catalog_package_b/ALL_catalog_package_24L10_8JuZ108qin.jpg,C:\Users\User\OneDrive\tanko seo\assets\product\EA-7042T.jpg
EA-7051T,EA-7051T,Tool Cabinet - H700,ea-7,https://www.tanko.com.tw/en/products-detail/ea-7/,"{""Cabinet (slide system)"": ""EA (T drawer)"", ""Drawers"": ""7051""}",,,,2,https://www.tanko.com.tw/upload/catalog_package_b/ALL_catalog_package_24L10_J8jchM915N.jpg,C:\Users\User\OneDrive\tanko seo\assets\product\EA-7051T.jpg
EA-7052T,EA-7052T,Tool Cabinet - H700,ea-7,https://www.tanko.com.tw/en/products-detail/ea-7/,"{""Cabinet (slide system)"": ""EA (T drawer)"", ""Drawers"": ""7052""}",,,,2,https://www.tanko.com.tw/upload/catalog_package_b/ALL_catalog_package_24L10_0cfdz2adex.jpg,C:\Users\User\OneDrive\tanko seo\assets\product\EA-7052T.jpg
EA-7053T,EA-7053T,Tool Cabinet - H700,ea-7,https://www.tanko.com.tw/en/products-detail/ea-7/,"{""Cabinet (slide system)"": ""EA (T drawer)"", ""Drawers"": ""7053""}",,,,2,https://www.tanko.com.tw/upload/catalog_package_b/ALL_catalog_package_24L10_nX7y3OGUnO.jpg,C:\Users\User\OneDrive\tanko seo\assets\product\EA-7053T.jpg
EA-7054T,EA-7054T,Tool Cabinet - H700,ea-7,https://www.tanko.com.tw/en/products-detail/ea-7/,"{""Cabinet (slide system)"": ""EA (T drawer)"", ""Drawers"": ""7054""}",,,,2,https://www.tanko.com.tw/upload/catalog_package_b/ALL_catalog_package_24L10_geGOoj95YB.jpg,C:\Users\User\OneDrive\tanko seo\assets\product\EA-7054T.jpg
EA-7061T,EA-7061T,Tool Cabinet - H700,ea-7,https://www.tanko.com.tw/en/products-detail/ea-7/,"{""Cabinet (slide system)"": ""EA (T drawer)"", ""Drawers"": ""7061""}",,,,2,https://www.tanko.com.tw/upload/catalog_package_b/ALL_catalog_package_24L10_4rl1fn8CfT.jpg,C:\Users\User\OneDrive\tanko seo\assets\product\EA-7061T.jpg
EA-7073T,EA-7073T,Tool Cabinet - H700,ea-7,https://www.tanko.com.tw/en/products-detail/ea-7/,"{""Cabinet (slide system)"": ""EA (T drawer)"", ""Drawers"": ""7073""}",,,,2,https://www.tanko.com.tw/upload/catalog_package_b/ALL_catalog_package_24L10_ORnCBXGOq7.jpg,C:\Users\User\OneDrive\tanko seo\assets\product\EA-7073T.jpg
EB-7041,EB-7041,Tool Cabinet - H700,ea-7,https://www.tanko.com.tw/en/products-detail/ea-7/,"{""Cabinet (slide system)"": ""EB (standard drawer)"", ""Drawers"": ""7041""}",,,,2,https://www.tanko.com.tw/upload/catalog_package_b/ALL_catalog_package_24L10_uA3ybOjDqA.jpg,C:\Users\User\OneDrive\tanko seo\assets\product\EB-7041.jpg
EB-7042,EB-7042,Tool Cabinet - H700,ea-7,https://www.tanko.com.tw/en/products-detail/ea-7/,"{""Cabinet (slide system)"": ""EB (standard drawer)"", ""Drawers"": ""7042""}",,,,2,https://www.tanko.com.tw/upload/catalog_package_b/ALL_catalog_package_24L10_FD9gG24lLh.jpg,C:\Users\User\OneDrive\tanko seo\assets\product\EB-7042.jpg
EB-7051,EB-7051,Tool Cabinet - H700,ea-7,https://www.tanko.com.tw/en/products-detail/ea-7/,"{""Cabinet (slide system)"": ""EB (standard drawer)"", ""Drawers"": ""7051""}",,,,2,https://www.tanko.com.tw/upload/catalog_package_b/ALL_catalog_package_24L10_E99QSvCBwQ.jpg,C:\Users\User\OneDrive\tanko seo\assets\product\EB-7051.jpg
EB-7052,EB-7052,Tool Cabinet - H700,ea-7,https://www.tanko.com.tw/en/products-detail/ea-7/,"{""Cabinet (slide system)"": ""EB (standard drawer)"", ""Drawers"": ""7052""}",,,,2,https://www.tanko.com.tw/upload/catalog_package_b/ALL_catalog_package_24L10_Fwlfojawfk.jpg,C:\Users\User\OneDrive\tanko seo\assets\product\EB-7052.jpg
EB-7053,EB-7053,Tool Cabinet - H700,ea-7,https://www.tanko.com.tw/en/products-detail/ea-7/,"{""Cabinet (slide system)"": ""EB (standard drawer)"", ""Drawers"": ""7053""}",,,,2,https://www.tanko.com.tw/upload/catalog_package_b/ALL_catalog_package_24L10_K3KHFZEWDP.jpg,C:\Users\User\OneDrive\tanko seo\assets\product\EB-7053.jpg
EB-7054,EB-7054,Tool Cabinet - H700,ea-7,https://www.tanko.com.tw/en/products-detail/ea-7/,"{""Cabinet (slide system)"": ""EB (standard drawer)"", ""Drawers"": ""7054""}",,,,2,https://www.tanko.com.tw/upload/catalog_package_b/ALL_catalog_package_24L10_SDRRurKAuK.jpg,C:\Users\User\OneDrive\tanko seo\assets\product\EB-7054.jpg
EB-7061,EB-7061,Tool Cabinet - H700,ea-7,https://www.tanko.com.tw/en/products-detail/ea-7/,"{""Cabinet (slide system)"": ""EB (standard drawer)"", ""Drawers"": ""7061""}",,,,2,https://www.tanko.com.tw/upload/catalog_package_b/ALL_catalog_package_24L10_lOWmxqtLyV.jpg,C:\Users\User\OneDrive\tanko seo\assets\product\EB-7061.jpg
EB-7073,EB-7073,Tool Cabinet - H700,ea-7,https://www.tanko.com.tw/en/products-detail/ea-7/,"{""Cabinet (slide system)"": ""EB (standard drawer)"", ""Drawers"": ""7073""}",,,,2,https://www.tanko.com.tw/upload/catalog_package_b/ALL_catalog_package_24L10_efpGkt6jkA.jpg,C:\Users\User\OneDrive\tanko seo\assets\product\EB-7073.jpg
EB-7041T,EB-7041T,Tool Cabinet - H700,ea-7,https://www.tanko.com.tw/en/products-detail/ea-7/,"{""Cabinet (slide system)"": ""EB (T drawer)"", ""Drawers"": ""7041""}",,,,2,https://www.tanko.com.tw/upload/catalog_package_b/ALL_catalog_package_24L10_LsJoKLiVHX.jpg,C:\Users\User\OneDrive\tanko seo\assets\product\EB-7041T.jpg
EB-7042T,EB-7042T,Tool Cabinet - H700,ea-7,https://www.tanko.com.tw/en/products-detail/ea-7/,"{""Cabinet (slide system)"": ""EB (T drawer)"", ""Drawers"": ""7042""}",,,,2,https://www.tanko.com.tw/upload/catalog_package_b/ALL_catalog_package_24L10_KizfbPoWS8.jpg,C:\Users\User\OneDrive\tanko seo\assets\product\EB-7042T.jpg
EB-7051T,EB-7051T,Tool Cabinet - H700,ea-7,https://www.tanko.com.tw/en/products-detail/ea-7/,"{""Cabinet (slide system)"": ""EB (T drawer)"", ""Drawers"": ""7051""}",,,,2,https://www.tanko.com.tw/upload/catalog_package_b/ALL_catalog_package_24L10_tgvJORzDdB.jpg,C:\Users\User\OneDrive\tanko seo\assets\product\EB-7051T.jpg
EB-7052T,EB-7052T,Tool Cabinet - H700,ea-7,https://www.tanko.com.tw/en/products-detail/ea-7/,"{""Cabinet (slide system)"": ""EB (T drawer)"", ""Drawers"": ""7052""}",,,,2,https://www.tanko.com.tw/upload/catalog_package_b/ALL_catalog_package_24L10_qdPGwJgGuB.jpg,C:\Users\User\OneDrive\tanko seo\assets\product\EB-7052T.jpg
EB-7053T,EB-7053T,Tool Cabinet - H700,ea-7,https://www.tanko.com.tw/en/products-detail/ea-7/,"{""Cabinet (slide system)"": ""EB (T drawer)"", ""Drawers"": ""7053""}",,,,2,https://www.tanko.com.tw/upload/catalog_package_b/ALL_catalog_package_24L10_JmshgK18eJ.jpg,C:\Users\User\OneDrive\tanko seo\assets\product\EB-7053T.jpg
EB-7054T,EB-7054T,Tool Cabinet - H700,ea-7,https://www.tanko.com.tw/en/products-detail/ea-7/,"{""Cabinet (slide system)"": ""EB (T drawer)"", ""Drawers"": ""7054""}",,,,2,https://www.tanko.com.tw/upload/catalog_package_b/ALL_catalog_package_24L10_mNhXYdXZ60.jpg,C:\Users\User\OneDrive\tanko seo\assets\product\EB-7054T.jpg
EB-7061T,EB-7061T,Tool Cabinet - H700,ea-7,https://www.tanko.com.tw/en/products-detail/ea-7/,"{""Cabinet (slide system)"": ""EB (T drawer)"", ""Drawers"": ""7061""}",,,,2,https://www.tanko.com.tw/upload/catalog_package_b/ALL_catalog_package_24L10_NfpJTemYJB.jpg,C:\Users\User\OneDrive\tanko seo\assets\product\EB-7061T.jpg
EB-7073T,EB-7073T,Tool Cabinet - H700,ea-7,https://www.tanko.com.tw/en/products-detail/ea-7/,"{""Cabinet (slide system)"": ""EB (T drawer)"", ""Drawers"": ""7073""}",,,,2,https://www.tanko.com.tw/upload/catalog_package_b/ALL_catalog_package_24L10_VJh6XuiXz7.jpg,C:\Users\User\OneDrive\tanko seo\assets\product\EB-7073T.jpg
EA-7041M,EA-7041M,Mobile Tool Cabinet,ea-7m,https://www.tanko.com.tw/en/products-detail/ea-7m/,"{""Cabinet"": ""EA"", ""Drawers"": ""7041""}",,,,2,https://www.tanko.com.tw/upload/catalog_package_b/ALL_catalog_package_24L10_fXpCgfZ99H.jpg,C:\Users\User\OneDrive\tanko seo\assets\product\EA-7041M.jpg
EA-7042M,EA-7042M,Mobile Tool Cabinet,ea-7m,https://www.tanko.com.tw/en/products-detail/ea-7m/,"{""Cabinet"": ""EA"", ""Drawers"": ""7042""}",,,,2,https://www.tanko.com.tw/upload/catalog_package_b/ALL_catalog_package_24L10_DzpBgA3ElJ.jpg,C:\Users\User\OneDrive\tanko seo\assets\product\EA-7042M.jpg
EA-7051M,EA-7051M,Mobile Tool Cabinet,ea-7m,https://www.tanko.com.tw/en/products-detail/ea-7m/,"{""Cabinet"": ""EA"", ""Drawers"": ""7051""}",,,,2,https://www.tanko.com.tw/upload/catalog_package_b/ALL_catalog_package_24L10_frbUWWkACI.jpg,C:\Users\User\OneDrive\tanko seo\assets\product\EA-7051M.jpg
EA-7052M,EA-7052M,Mobile Tool Cabinet,ea-7m,https://www.tanko.com.tw/en/products-detail/ea-7m/,"{""Cabinet"": ""EA"", ""Drawers"": ""7052""}",,,,2,https://www.tanko.com.tw/upload/catalog_package_b/ALL_catalog_package_24L10_ZT9iQ6OZkb.jpg,C:\Users\User\OneDrive\tanko seo\assets\product\EA-7052M.jpg
EA-7053M,EA-7053M,Mobile Tool Cabinet,ea-7m,https://www.tanko.com.tw/en/products-detail/ea-7m/,"{""Cabinet"": ""EA"", ""Drawers"": ""7053""}",,,,2,https://www.tanko.com.tw/upload/catalog_package_b/ALL_catalog_package_24L10_UeAtHENOY4.jpg,C:\Users\User\OneDrive\tanko seo\assets\product\EA-7053M.jpg
EA-7054M,EA-7054M,Mobile Tool Cabinet,ea-7m,https://www.tanko.com.tw/en/products-detail/ea-7m/,"{""Cabinet"": ""EA"", ""Drawers"": ""7054""}",,,,2,https://www.tanko.com.tw/upload/catalog_package_b/ALL_catalog_package_24L10_y3r48yZ57n.jpg,C:\Users\User\OneDrive\tanko seo\assets\product\EA-7054M.jpg
EA-7061M,EA-7061M,Mobile Tool Cabinet,ea-7m,https://www.tanko.com.tw/en/products-detail/ea-7m/,"{""Cabinet"": ""EA"", ""Drawers"": ""7061""}",,,,2,https://www.tanko.com.tw/upload/catalog_package_b/ALL_catalog_package_24L10_5Jg9BSwSpA.jpg,C:\Users\User\OneDrive\tanko seo\assets\product\EA-7061M.jpg
EA-7081M,EA-7081M,Mobile Tool Cabinet,ea-7m,https://www.tanko.com.tw/en/products-detail/ea-7m/,"{""Cabinet"": ""EA"", ""Drawers"": ""7081""}",,,,2,https://www.tanko.com.tw/upload/catalog_package_b/ALL_catalog_package_24L10_vKozO381EB.jpg,C:\Users\User\OneDrive\tanko seo\assets\product\EA-7081M.jpg
EA-7041MA,EA-7041MA,Mobile Tool Cabinet,ea-7m,https://www.tanko.com.tw/en/products-detail/ea-7m/,"{""Cabinet"": ""EA (panel set)"", ""Drawers"": ""7041""}",,,,1,https://www.tanko.com.tw/upload/catalog_package_b/ALL_catalog_package_24L10_taTN042lch.jpg,C:\Users\User\OneDrive\tanko seo\assets\product\EA-7041MA.jpg
EA-7042MA,EA-7042MA,Mobile Tool Cabinet,ea-7m,https://www.tanko.com.tw/en/products-detail/ea-7m/,"{""Cabinet"": ""EA (panel set)"", ""Drawers"": ""7042""}",,,,1,https://www.tanko.com.tw/upload/catalog_package_b/ALL_catalog_package_24L10_zTRvFPE05o.jpg,C:\Users\User\OneDrive\tanko seo\assets\product\EA-7042MA.jpg
EA-7051MA,EA-7051MA,Mobile Tool Cabinet,ea-7m,https://www.tanko.com.tw/en/products-detail/ea-7m/,"{""Cabinet"": ""EA (panel set)"", ""Drawers"": ""7051""}",,,,1,https://www.tanko.com.tw/upload/catalog_package_b/ALL_catalog_package_24L10_AwyOXaALyY.jpg,C:\Users\User\OneDrive\tanko seo\assets\product\EA-7051MA.jpg
EA-7052MA,EA-7052MA,Mobile Tool Cabinet,ea-7m,https://www.tanko.com.tw/en/products-detail/ea-7m/,"{""Cabinet"": ""EA (panel set)"", ""Drawers"": ""7052""}",,,,1,https://www.tanko.com.tw/upload/catalog_package_b/ALL_catalog_package_24L10_j8tEYP1slq.jpg,C:\Users\User\OneDrive\tanko seo\assets\product\EA-7052MA.jpg
EA-7053MA,EA-7053MA,Mobile Tool Cabinet,ea-7m,https://www.tanko.com.tw/en/products-detail/ea-7m/,"{""Cabinet"": ""EA (panel set)"", ""Drawers"": ""7053""}",,,,1,https://www.tanko.com.tw/upload/catalog_package_b/ALL_catalog_package_24L10_MIPlHF2zFK.jpg,C:\Users\User\OneDrive\tanko seo\assets\product\EA-7053MA.jpg
EA-7054MA,EA-7054MA,Mobile Tool Cabinet,ea-7m,https://www.tanko.com.tw/en/products-detail/ea-7m/,"{""Cabinet"": ""EA (panel set)"", ""Drawers"": ""7054""}",,,,1,https://www.tanko.com.tw/upload/catalog_package_b/ALL_catalog_package_24L10_eRlHbRDvMr.jpg,C:\Users\User\OneDrive\tanko seo\assets\product\EA-7054MA.jpg
EA-7061MA,EA-7061MA,Mobile Tool Cabinet,ea-7m,https://www.tanko.com.tw/en/products-detail/ea-7m/,"{""Cabinet"": ""EA (panel set)"", ""Drawers"": ""7061""}",,,,1,https://www.tanko.com.tw/upload/catalog_package_b/ALL_catalog_package_24L10_kUFyl8Ju9B.jpg,C:\Users\User\OneDrive\tanko seo\assets\product\EA-7061MA.jpg
EA-7081MA,EA-7081MA,Mobile Tool Cabinet,ea-7m,https://www.tanko.com.tw/en/products-detail/ea-7m/,"{""Cabinet"": ""EA (panel set)"", ""Drawers"": ""7081""}",,,,1,https://www.tanko.com.tw/upload/catalog_package_b/ALL_catalog_package_24L10_g7yabm09Xu.jpg,C:\Users\User\OneDrive\tanko seo\assets\product\EA-7081MA.jpg
EB-7041M,EB-7041M,Mobile Tool Cabinet,ea-7m,https://www.tanko.com.tw/en/products-detail/ea-7m/,"{""Cabinet"": ""EB"", ""Drawers"": ""7041""}",,,,2,https://www.tanko.com.tw/upload/catalog_package_b/ALL_catalog_package_24L10_NWzQ73C6cy.jpg,C:\Users\User\OneDrive\tanko seo\assets\product\EB-7041M.jpg
EB-7042M,EB-7042M,Mobile Tool Cabinet,ea-7m,https://www.tanko.com.tw/en/products-detail/ea-7m/,"{""Cabinet"": ""EB"", ""Drawers"": ""7042""}",,,,2,https://www.tanko.com.tw/upload/catalog_package_b/ALL_catalog_package_24L10_5h5dta8EmG.jpg,C:\Users\User\OneDrive\tanko seo\assets\product\EB-7042M.jpg
EB-7051M,EB-7051M,Mobile Tool Cabinet,ea-7m,https://www.tanko.com.tw/en/products-detail/ea-7m/,"{""Cabinet"": ""EB"", ""Drawers"": ""7051""}",,,,2,https://www.tanko.com.tw/upload/catalog_package_b/ALL_catalog_package_24L10_UgdM59IF7c.jpg,C:\Users\User\OneDrive\tanko seo\assets\product\EB-7051M.jpg
EB-7052M,EB-7052M,Mobile Tool Cabinet,ea-7m,https://www.tanko.com.tw/en/products-detail/ea-7m/,"{""Cabinet"": ""EB"", ""Drawers"": ""7052""}",,,,2,https://www.tanko.com.tw/upload/catalog_package_b/ALL_catalog_package_24L10_PKr6AUTfpr.jpg,C:\Users\User\OneDrive\tanko seo\assets\product\EB-7052M.jpg
EB-7053M,EB-7053M,Mobile Tool Cabinet,ea-7m,https://www.tanko.com.tw/en/products-detail/ea-7m/,"{""Cabinet"": ""EB"", ""Drawers"": ""7053""}",,,,2,https://www.tanko.com.tw/upload/catalog_package_b/ALL_catalog_package_24L10_v3S0VwV1CW.jpg,C:\Users\User\OneDrive\tanko seo\assets\product\EB-7053M.jpg
EB-7054M,EB-7054M,Mobile Tool Cabinet,ea-7m,https://www.tanko.com.tw/en/products-detail/ea-7m/,"{""Cabinet"": ""EB"", ""Drawers"": ""7054""}",,,,2,https://www.tanko.com.tw/upload/catalog_package_b/ALL_catalog_package_24L10_sYIxQpOrjm.jpg,C:\Users\User\OneDrive\tanko seo\assets\product\EB-7054M.jpg
EB-7061M,EB-7061M,Mobile Tool Cabinet,ea-7m,https://www.tanko.com.tw/en/products-detail/ea-7m/,"{""Cabinet"": ""EB"", ""Drawers"": ""7061""}",,,,2,https://www.tanko.com.tw/upload/catalog_package_b/ALL_catalog_package_24L10_Hrbx6cJgHT.jpg,C:\Users\User\OneDrive\tanko seo\assets\product\EB-7061M.jpg
EB-7081M,EB-7081M,Mobile Tool Cabinet,ea-7m,https://www.tanko.com.tw/en/products-detail/ea-7m/,"{""Cabinet"": ""EB"", ""Drawers"": ""7081""}",,,,2,https://www.tanko.com.tw/upload/catalog_package_b/ALL_catalog_package_24L10_A2Idlrc2ay.jpg,C:\Users\User\OneDrive\tanko seo\assets\product\EB-7081M.jpg
EB-7041MA,EB-7041MA,Mobile Tool Cabinet,ea-7m,https://www.tanko.com.tw/en/products-detail/ea-7m/,"{""Cabinet"": ""EB (panel set)"", ""Drawers"": ""7041""}",,,,1,https://www.tanko.com.tw/upload/catalog_package_b/ALL_catalog_package_24L10_gnaOG3rE3X.jpg,C:\Users\User\OneDrive\tanko seo\assets\product\EB-7041MA.jpg
EB-7042MA,EB-7042MA,Mobile Tool Cabinet,ea-7m,https://www.tanko.com.tw/en/products-detail/ea-7m/,"{""Cabinet"": ""EB (panel set)"", ""Drawers"": ""7042""}",,,,1,https://www.tanko.com.tw/upload/catalog_package_b/ALL_catalog_package_24L10_rbU3abo4jJ.jpg,C:\Users\User\OneDrive\tanko seo\assets\product\EB-7042MA.jpg
EB-7051MA,EB-7051MA,Mobile Tool Cabinet,ea-7m,https://www.tanko.com.tw/en/products-detail/ea-7m/,"{""Cabinet"": ""EB (panel set)"", ""Drawers"": ""7051""}",,,,1,https://www.tanko.com.tw/upload/catalog_package_b/ALL_catalog_package_24L10_vJ3n0CFf71.jpg,C:\Users\User\OneDrive\tanko seo\assets\product\EB-7051MA.jpg
EB-7052MA,EB-7052MA,Mobile Tool Cabinet,ea-7m,https://www.tanko.com.tw/en/products-detail/ea-7m/,"{""Cabinet"": ""EB (panel set)"", ""Drawers"": ""7052""}",,,,1,https://www.tanko.com.tw/upload/catalog_package_b/ALL_catalog_package_24L10_awJm1DLPyA.jpg,C:\Users\User\OneDrive\tanko seo\assets\product\EB-7052MA.jpg
EB-7053MA,EB-7053MA,Mobile Tool Cabinet,ea-7m,https://www.tanko.com.tw/en/products-detail/ea-7m/,"{""Cabinet"": ""EB (panel set)"", ""Drawers"": ""7053""}",,,,1,https://www.tanko.com.tw/upload/catalog_package_b/ALL_catalog_package_24L10_oiXYFEfKbt.jpg,C:\Users\User\OneDrive\tanko seo\assets\product\EB-7053MA.jpg
EB-7054MA,EB-7054MA,Mobile Tool Cabinet,ea-7m,https://www.tanko.com.tw/en/products-detail/ea-7m/,"{""Cabinet"": ""EB (panel set)"", ""Drawers"": ""7054""}",,,,1,https://www.tanko.com.tw/upload/catalog_package_b/ALL_catalog_package_24L10_3FaB3el81U.jpg,C:\Users\User\OneDrive\tanko seo\assets\product\EB-7054MA.jpg
EB-7061MA,EB-7061MA,Mobile Tool Cabinet,ea-7m,https://www.tanko.com.tw/en/products-detail/ea-7m/,"{""Cabinet"": ""EB (panel set)"", ""Drawers"": ""7061""}",,,,1,https://www.tanko.com.tw/upload/catalog_package_b/ALL_catalog_package_24L10_TbXAHIB2jR.jpg,C:\Users\User\OneDrive\tanko seo\assets\product\EB-7061MA.jpg
EB-7081MA,EB-7081MA,Mobile Tool Cabinet,ea-7m,https://www.tanko.com.tw/en/products-detail/ea-7m/,"{""Cabinet"": ""EB (panel set)"", ""Drawers"": ""7081""}",,,,1,https://www.tanko.com.tw/upload/catalog_package_b/ALL_catalog_package_24L10_02NP6SE8L9.jpg,C:\Users\User\OneDrive\tanko seo\assets\product\EB-7081MA.jpg
EA-7021-11MN,EA-7021-11MN,Mobile CNC Tool Cabinet - H1000,ea-7mn,https://www.tanko.com.tw/en/products-detail/ea-7mn/,"{""Cabinet"": ""EA"", ""Tool Holders"": ""BT-30""}",,,,2,https://www.tanko.com.tw/upload/catalog_package_b/ALL_catalog_package_24L10_BQSr2TtHXG.png,C:\Users\User\OneDrive\tanko seo\assets\product\EA-7021-11MN.png
EA-7031-22MN,EA-7031-22MN,Mobile CNC Tool Cabinet - H1000,ea-7mn,https://www.tanko.com.tw/en/products-detail/ea-7mn/,"{""Cabinet"": ""EA"", ""Tool Holders"": ""BT-40""}",,,,2,https://www.tanko.com.tw/upload/catalog_package_b/ALL_catalog_package_24L10_FDU0pyLGLc.png,C:\Users\User\OneDrive\tanko seo\assets\product\EA-7031-22MN.png
EA-7031-33MN,EA-7031-33MN,Mobile CNC Tool Cabinet - H1000,ea-7mn,https://www.tanko.com.tw/en/products-detail/ea-7mn/,"{""Cabinet"": ""EA"", ""Tool Holders"": ""BT-50""}",,,,2,https://www.tanko.com.tw/upload/catalog_package_b/ALL_catalog_package_24L10_oWUYQ3iEYV.png,C:\Users\User\OneDrive\tanko seo\assets\product\EA-7031-33MN.png
EA-7032-66MN,EA-7032-66MN,Mobile CNC Tool Cabinet - H1000,ea-7mn,https://www.tanko.com.tw/en/products-detail/ea-7mn/,"{""Cabinet"": ""EA"", ""Tool Holders"": ""HSK-40""}",,,,2,https://www.tanko.com.tw/upload/catalog_package_b/ALL_catalog_package_24L10_2C999oczDS.png,C:\Users\User\OneDrive\tanko seo\assets\product\EA-7032-66MN.png
EA-7032-88MN,EA-7032-88MN,Mobile CNC Tool Cabinet - H1000,ea-7mn,https://www.tanko.com.tw/en/products-detail/ea-7mn/,"{""Cabinet"": ""EA"", ""Tool Holders"": ""HSK-63""}",,,,2,https://www.tanko.com.tw/upload/catalog_package_b/ALL_catalog_package_24L10_xpmIKQo6S1.png,C:\Users\User\OneDrive\tanko seo\assets\product\EA-7032-88MN.png
EB-7021-11MN,EB-7021-11MN,Mobile CNC Tool Cabinet - H1000,ea-7mn,https://www.tanko.com.tw/en/products-detail/ea-7mn/,"{""Cabinet"": ""EB"", ""Tool Holders"": ""BT-30""}",,,,2,https://www.tanko.com.tw/upload/catalog_package_b/ALL_catalog_package_24L10_u8dcuI37OQ.png,C:\Users\User\OneDrive\tanko seo\assets\product\EB-7021-11MN.png
EB-7031-22MN,EB-7031-22MN,Mobile CNC Tool Cabinet - H1000,ea-7mn,https://www.tanko.com.tw/en/products-detail/ea-7mn/,"{""Cabinet"": ""EB"", ""Tool Holders"": ""BT-40""}",,,,2,https://www.tanko.com.tw/upload/catalog_package_b/ALL_catalog_package_24L10_s919864gbc.png,C:\Users\User\OneDrive\tanko seo\assets\product\EB-7031-22MN.png
EB-7031-33MN,EB-7031-33MN,Mobile CNC Tool Cabinet - H1000,ea-7mn,https://www.tanko.com.tw/en/products-detail/ea-7mn/,"{""Cabinet"": ""EB"", ""Tool Holders"": ""BT-50""}",,,,2,https://www.tanko.com.tw/upload/catalog_package_b/ALL_catalog_package_24L10_ND5AsIw7SZ.png,C:\Users\User\OneDrive\tanko seo\assets\product\EB-7031-33MN.png
EB-7032-66MN,EB-7032-66MN,Mobile CNC Tool Cabinet - H1000,ea-7mn,https://www.tanko.com.tw/en/products-detail/ea-7mn/,"{""Cabinet"": ""EB"", ""Tool Holders"": ""HSK-40""}",,,,2,https://www.tanko.com.tw/upload/catalog_package_b/ALL_catalog_package_24L10_s5bZJJBDX3.png,C:\Users\User\OneDrive\tanko seo\assets\product\EB-7032-66MN.png
EB-7032-88MN,EB-7032-88MN,Mobile CNC Tool Cabinet - H1000,ea-7mn,https://www.tanko.com.tw/en/products-detail/ea-7mn/,"{""Cabinet"": ""EB"", ""Tool Holders"": ""HSK-63""}",,,,2,https://www.tanko.com.tw/upload/catalog_package_b/ALL_catalog_package_24L10_c4NtvB817Z.png,C:\Users\User\OneDrive\tanko seo\assets\product\EB-7032-88MN.png
ED-7021-11MN,ED-7021-11MN,Mobile CNC Tool Cabinet - H1000,ea-7mn,https://www.tanko.com.tw/en/products-detail/ea-7mn/,"{""Cabinet"": ""ED"", ""Tool Holders"": ""BT-30""}",,,,2,https://www.tanko.com.tw/upload/catalog_package_b/ALL_catalog_package_24L10_Z5RaxcbMJ8.png,C:\Users\User\OneDrive\tanko seo\assets\product\ED-7021-11MN.png
ED-7031-22MN,ED-7031-22MN,Mobile CNC Tool Cabinet - H1000,ea-7mn,https://www.tanko.com.tw/en/products-detail/ea-7mn/,"{""Cabinet"": ""ED"", ""Tool Holders"": ""BT-40""}",,,,2,https://www.tanko.com.tw/upload/catalog_package_b/ALL_catalog_package_24L10_xwdMhU6gOm.png,C:\Users\User\OneDrive\tanko seo\assets\product\ED-7031-22MN.png
ED-7031-33MN,ED-7031-33MN,Mobile CNC Tool Cabinet - H1000,ea-7mn,https://www.tanko.com.tw/en/products-detail/ea-7mn/,"{""Cabinet"": ""ED"", ""Tool Holders"": ""BT-50""}",,,,2,https://www.tanko.com.tw/upload/catalog_package_b/ALL_catalog_package_24L10_vJtoGFlaYP.png,C:\Users\User\OneDrive\tanko seo\assets\product\ED-7031-33MN.png
ED-7032-66MN,ED-7032-66MN,Mobile CNC Tool Cabinet - H1000,ea-7mn,https://www.tanko.com.tw/en/products-detail/ea-7mn/,"{""Cabinet"": ""ED"", ""Tool Holders"": ""HSK-40""}",,,,2,https://www.tanko.com.tw/upload/catalog_package_b/ALL_catalog_package_24L10_Lkl7Q6q06n.png,C:\Users\User\OneDrive\tanko seo\assets\product\ED-7032-66MN.png
ED-7032-88MN,ED-7032-88MN,Mobile CNC Tool Cabinet - H1000,ea-7mn,https://www.tanko.com.tw/en/products-detail/ea-7mn/,"{""Cabinet"": ""ED"", ""Tool Holders"": ""HSK-63""}",,,,2,https://www.tanko.com.tw/upload/catalog_package_b/ALL_catalog_package_24L10_nLrrDSTliZ.png,C:\Users\User\OneDrive\tanko seo\assets\product\ED-7032-88MN.png
EGA-7041,EGA-7041,Tool Cabinet,ega-1,https://www.tanko.com.tw/en/products-detail/ega-1/,"{""Model No."": ""EGA-7041"", ""Color"": ""Gray""}",W566xD510xH700 mm,Steel,,1,https://www.tanko.com.tw/upload/catalog_package_b/ALL_catalog_package_24C19_AzjdSEvAck.png,C:\Users\User\OneDrive\tanko seo\assets\product\EGA-7041.png
EGA-10061,EGA-10061,Tool Cabinet,ega-1,https://www.tanko.com.tw/en/products-detail/ega-1/,"{""Model No."": ""EGA-10061"", ""Color"": ""Gray""}",W566xD510xH700 mm,Steel,,1,https://www.tanko.com.tw/upload/catalog_package_b/ALL_catalog_package_24C19_Mwx5uSUJmo.png,C:\Users\User\OneDrive\tanko seo\assets\product\EGA-10061.png
EGA-10091,EGA-10091,Tool Cabinet,ega-1,https://www.tanko.com.tw/en/products-detail/ega-1/,"{""Model No."": ""EGA-10091"", ""Color"": ""Gray""}",W566xD510xH700 mm,Steel,,1,https://www.tanko.com.tw/upload/catalog_package_b/ALL_catalog_package_24C19_QEeM6WfgkO.png,C:\Users\User\OneDrive\tanko seo\assets\product\EGA-10091.png
EGA-7041M,EGA-7041M,Mobile Tool Cabinet,ega-2m,https://www.tanko.com.tw/en/products-detail/ega-2m/,"{""Model No."": ""EGA-7041M (gray)"", ""Loading"": ""400kg""}",W568xD510xH690 mm,Steel,,1,https://www.tanko.com.tw/upload/catalog_package_b/ALL_catalog_package_24C20_9L7Ri9ULDl.png,C:\Users\User\OneDrive\tanko seo\assets\product\EGA-7041M.png
EGA-5041M,EGA-5041M,Mobile Tool Cabinet,ega-2m,https://www.tanko.com.tw/en/products-detail/ega-2m/,"{""Model No."": ""EGA-5041M (black)"", ""Loading"": ""400kg""}",W568xD510xH690 mm,Steel,,1,https://www.tanko.com.tw/upload/catalog_package_b/ALL_catalog_package_24C20_X4LuCVm1Gj.png,C:\Users\User\OneDrive\tanko seo\assets\product\EGA-5041M.png
EGL-185M,EGL-185M,Mobile Tool Cabinet,egl-1,https://www.tanko.com.tw/en/products-detail/egl-1/,"{""Model No. (color)"": ""EGL-185M (black)"", ""Accessories"": ""None""}",W845xD510xH1441 mm,Steel,,1,https://www.tanko.com.tw/upload/catalog_package_b/ALL_catalog_package_24C20_90Ki5pjqVF.png,C:\Users\User\OneDrive\tanko seo\assets\product\EGL-185M(BLACK).png
EGL-185MA,EGL-185MA,Mobile Tool Cabinet,egl-1,https://www.tanko.com.tw/en/products-detail/egl-1/,"{""Model No. (color)"": ""EGL-185M (black)"", ""Accessories"": ""Back panel""}",W845xD510xH1441 mm,Steel,,1,https://www.tanko.com.tw/upload/catalog_package_b/ALL_catalog_package_24C20_PdJZ2PUS0t.png,C:\Users\User\OneDrive\tanko seo\assets\product\EGL-185M(BLACK).png
EGL-185M + EGQ-02A,EGL-185M + EGQ-02A,Mobile Tool Cabinet,egl-1,https://www.tanko.com.tw/en/products-detail/egl-1/,"{""Model No. (color)"": ""EGL-185M (black)"", ""Accessories"": ""Side panel""}",W845xD510xH1441 mm,Steel,,1,https://www.tanko.com.tw/upload/catalog_package_b/ALL_catalog_package_24C20_Gzi90Bua8h.png,C:\Users\User\OneDrive\tanko seo\assets\product\EGL-185M(BLACK).png
EGL-185M + EGP-03L,EGL-185M + EGP-03L,Mobile Tool Cabinet,egl-1,https://www.tanko.com.tw/en/products-detail/egl-1/,"{""Model No. (color)"": ""EGL-185M (black)"", ""Accessories"": ""Top chest""}",W845xD510xH1441 mm,Steel,,1,https://www.tanko.com.tw/upload/catalog_package_b/ALL_catalog_package_24C20_6AH3oJmidL.png,C:\Users\User\OneDrive\tanko seo\assets\product\EGL-185M(BLACK).png
EGL-185M,EGL-185M,Mobile Tool Cabinet,egl-1,https://www.tanko.com.tw/en/products-detail/egl-1/,"{""Model No. (color)"": ""EGL-185M (red)"", ""Accessories"": ""None""}",W845xD510xH1441 mm,Steel,,1,https://www.tanko.com.tw/upload/catalog_package_b/ALL_catalog_package_24C20_1jSDMOaQrW.png,C:\Users\User\OneDrive\tanko seo\assets\product\EGL-185M(RED).png
EGL-185MA,EGL-185MA,Mobile Tool Cabinet,egl-1,https://www.tanko.com.tw/en/products-detail/egl-1/,"{""Model No. (color)"": ""EGL-185M (red)"", ""Accessories"": ""Back panel""}",W845xD510xH1441 mm,Steel,,1,https://www.tanko.com.tw/upload/catalog_package_b/ALL_catalog_package_24C20_eZTcgZgkSx.png,C:\Users\User\OneDrive\tanko seo\assets\product\EGL-185M(RED).png
EGL-185M + EGQ-02A,EGL-185M + EGQ-02A,Mobile Tool Cabinet,egl-1,https://www.tanko.com.tw/en/products-detail/egl-1/,"{""Model No. (color)"": ""EGL-185M (red)"", ""Accessories"": ""Side panel""}",W845xD510xH1441 mm,Steel,,1,https://www.tanko.com.tw/upload/catalog_package_b/ALL_catalog_package_24C20_o2otE8hm6T.png,C:\Users\User\OneDrive\tanko seo\assets\product\EGL-185M(RED).png
EGL-185M + EGP-03L,EGL-185M + EGP-03L,Mobile Tool Cabinet,egl-1,https://www.tanko.com.tw/en/products-detail/egl-1/,"{""Model No. (color)"": ""EGL-185M (red)"", ""Accessories"": ""Top chest""}",W845xD510xH1441 mm,Steel,,1,https://www.tanko.com.tw/upload/catalog_package_b/ALL_catalog_package_24C20_X90rPpnG6v.png,C:\Users\User\OneDrive\tanko seo\assets\product\EGL-185M(RED).png
EGL-187M,EGL-187M,Mobile Tool Cabinet,egl-1,https://www.tanko.com.tw/en/products-detail/egl-1/,"{""Model No. (color)"": ""EGL-187M (black)"", ""Accessories"": ""None""}",W845xD510xH1441 mm,Steel,,1,https://www.tanko.com.tw/upload/catalog_package_b/ALL_catalog_package_24C20_iWMEe6Y0ym.png,C:\Users\User\OneDrive\tanko seo\assets\product\EGL-187M(BLACK).png
EGL-187MA,EGL-187MA,Mobile Tool Cabinet,egl-1,https://www.tanko.com.tw/en/products-detail/egl-1/,"{""Model No. (color)"": ""EGL-187M (black)"", ""Accessories"": ""Back panel""}",W845xD510xH1441 mm,Steel,,1,https://www.tanko.com.tw/upload/catalog_package_b/ALL_catalog_package_24C20_P6BVOgnjIt.png,C:\Users\User\OneDrive\tanko seo\assets\product\EGL-187M(BLACK).png
EGL-187M + EGQ-02A,EGL-187M + EGQ-02A,Mobile Tool Cabinet,egl-1,https://www.tanko.com.tw/en/products-detail/egl-1/,"{""Model No. (color)"": ""EGL-187M (black)"", ""Accessories"": ""Side panel""}",W845xD510xH1441 mm,Steel,,1,https://www.tanko.com.tw/upload/catalog_package_b/ALL_catalog_package_24C20_VNwiaDUo9z.png,C:\Users\User\OneDrive\tanko seo\assets\product\EGL-187M(BLACK).png
EGL-187M + EGP-03L,EGL-187M + EGP-03L,Mobile Tool Cabinet,egl-1,https://www.tanko.com.tw/en/products-detail/egl-1/,"{""Model No. (color)"": ""EGL-187M (black)"", ""Accessories"": ""Top chest""}",W845xD510xH1441 mm,Steel,,1,https://www.tanko.com.tw/upload/catalog_package_b/ALL_catalog_package_24C20_OpoHmsP76b.png,C:\Users\User\OneDrive\tanko seo\assets\product\EGL-187M(BLACK).png
EGL-187M,EGL-187M,Mobile Tool Cabinet,egl-1,https://www.tanko.com.tw/en/products-detail/egl-1/,"{""Model No. (color)"": ""EGL-187M (red)"", ""Accessories"": ""None""}",W845xD510xH1441 mm,Steel,,1,https://www.tanko.com.tw/upload/catalog_package_b/ALL_catalog_package_24C20_RPoTLqhoiz.png,C:\Users\User\OneDrive\tanko seo\assets\product\EGL-187M(RED).png
EGL-187MA,EGL-187MA,Mobile Tool Cabinet,egl-1,https://www.tanko.com.tw/en/products-detail/egl-1/,"{""Model No. (color)"": ""EGL-187M (red)"", ""Accessories"": ""Back panel""}",W845xD510xH1441 mm,Steel,,1,https://www.tanko.com.tw/upload/catalog_package_b/ALL_catalog_package_24C20_ONPC5V2Jz8.png,C:\Users\User\OneDrive\tanko seo\assets\product\EGL-187M(RED).png
EGL-187M + EGQ-02A,EGL-187M + EGQ-02A,Mobile Tool Cabinet,egl-1,https://www.tanko.com.tw/en/products-detail/egl-1/,"{""Model No. (color)"": ""EGL-187M (red)"", ""Accessories"": ""Side panel""}",W845xD510xH1441 mm,Steel,,1,https://www.tanko.com.tw/upload/catalog_package_b/ALL_catalog_package_24C20_3jI0uC0Xe5.png,C:\Users\User\OneDrive\tanko seo\assets\product\EGL-187M(RED).png
EGL-187M + EGP-03L,EGL-187M + EGP-03L,Mobile Tool Cabinet,egl-1,https://www.tanko.com.tw/en/products-detail/egl-1/,"{""Model No. (color)"": ""EGL-187M (red)"", ""Accessories"": ""Top chest""}",W845xD510xH1441 mm,Steel,,1,https://www.tanko.com.tw/upload/catalog_package_b/ALL_catalog_package_24C20_ALhv9IraYO.png,C:\Users\User\OneDrive\tanko seo\assets\product\EGL-187M(RED).png
EGL-177M,EGL-177M,Mobile Tool Cabinet,egl-1,https://www.tanko.com.tw/en/products-detail/egl-1/,"{""Model No. (color)"": ""EGL-177M (black)"", ""Accessories"": ""None""}",W845xD510xH1441 mm,Steel,,1,https://www.tanko.com.tw/upload/catalog_package_b/ALL_catalog_package_24C20_Jxctw8NaWd.png,C:\Users\User\OneDrive\tanko seo\assets\product\EGL-177M.png
EGM-1703M,EGM-1703M,Mobile Tool Cabinet,egm-1,https://www.tanko.com.tw/en/products-detail/egm-1/,"{""Model No."": ""EGM-1703M"", ""Accessories"": ""None""}",W1255xD510xH847 mm,Steel,,1,https://www.tanko.com.tw/upload/catalog_package_b/ALL_catalog_package_25D01_eWDOWEz4vQ.png,C:\Users\User\OneDrive\tanko seo\assets\product\EGM-1703M.png
EGM-1703MA,EGM-1703MA,Mobile Tool Cabinet,egm-1,https://www.tanko.com.tw/en/products-detail/egm-1/,"{""Model No."": ""EGM-1703M"", ""Accessories"": ""Back panel""}",W1255xD510xH847 mm,Steel,,2,https://www.tanko.com.tw/upload/catalog_package_b/ALL_catalog_package_26E28_CLCl17QvNb.jpg,C:\Users\User\OneDrive\tanko seo\assets\product\EGM-1703MA.jpg
EGM-1703M + EGQ-02A,EGM-1703M + EGQ-02A,Mobile Tool Cabinet,egm-1,https://www.tanko.com.tw/en/products-detail/egm-1/,"{""Model No."": ""EGM-1703M"", ""Accessories"": ""Side panel""}",W1255xD510xH847 mm,Steel,,1,https://www.tanko.com.tw/upload/catalog_package_b/ALL_catalog_package_25D01_PJ05LBg5QB.png,C:\Users\User\OneDrive\tanko seo\assets\product\EGM-1703M + EGQ-02A.png
EGM-1703M + EGP-03M,EGM-1703M + EGP-03M,Mobile Tool Cabinet,egm-1,https://www.tanko.com.tw/en/products-detail/egm-1/,"{""Model No."": ""EGM-1703M"", ""Accessories"": ""Top chest""}",W1255xD510xH847 mm,Steel,,1,https://www.tanko.com.tw/upload/catalog_package_b/ALL_catalog_package_25D01_XMj3Yef6mq.png,C:\Users\User\OneDrive\tanko seo\assets\product\EGM-1703M + EGP-03M.png
EGM-1705M,EGM-1705M,Mobile Tool Cabinet,egm-1,https://www.tanko.com.tw/en/products-detail/egm-1/,"{""Model No."": ""EGM-1705M"", ""Accessories"": ""None""}",W1255xD510xH847 mm,Steel,,1,https://www.tanko.com.tw/upload/catalog_package_b/ALL_catalog_package_25D01_qOMvy8BbGY.png,C:\Users\User\OneDrive\tanko seo\assets\product\EGM-1705M.png
EGM-1705MA,EGM-1705MA,Mobile Tool Cabinet,egm-1,https://www.tanko.com.tw/en/products-detail/egm-1/,"{""Model No."": ""EGM-1705M"", ""Accessories"": ""Back panel""}",W1255xD510xH847 mm,Steel,,2,https://www.tanko.com.tw/upload/catalog_package_b/ALL_catalog_package_26E28_UW76hofFwJ.jpg,C:\Users\User\OneDrive\tanko seo\assets\product\EGM-1705MA.jpg
EGM-1705M + EGQ-02A,EGM-1705M + EGQ-02A,Mobile Tool Cabinet,egm-1,https://www.tanko.com.tw/en/products-detail/egm-1/,"{""Model No."": ""EGM-1705M"", ""Accessories"": ""Side panel""}",W1255xD510xH847 mm,Steel,,1,https://www.tanko.com.tw/upload/catalog_package_b/ALL_catalog_package_25D01_J8x3WMnIL0.png,C:\Users\User\OneDrive\tanko seo\assets\product\EGM-1705M + EGQ-02A.png
EGM-1705M + EGP-03M,EGM-1705M + EGP-03M,Mobile Tool Cabinet,egm-1,https://www.tanko.com.tw/en/products-detail/egm-1/,"{""Model No."": ""EGM-1705M"", ""Accessories"": ""Top chest""}",W1255xD510xH847 mm,Steel,,1,https://www.tanko.com.tw/upload/catalog_package_b/ALL_catalog_package_25D01_SnRLXdvJ9a.png,C:\Users\User\OneDrive\tanko seo\assets\product\EGM-1705M + EGP-03M.png
EKA-3M,EKA-3M,Trolley,eka-3m,https://www.tanko.com.tw/en/products-detail/eka-3m/,"{""Color"": ""Red"", ""Top Cover"": ""No""}",W900xD485xH850 mm,Steel,,1,https://www.tanko.com.tw/upload/catalog_package_b/ALL_catalog_package_24C21_ojxledNZT3.jpg,C:\Users\User\OneDrive\tanko seo\assets\product\EKA-3M-red.jpg
EKA-3M + EKA-P03,EKA-3M + EKA-P03,Trolley,eka-3m,https://www.tanko.com.tw/en/products-detail/eka-3m/,"{""Color"": ""Red"", ""Top Cover"": ""Yes""}",W900xD485xH850 mm,Steel,,1,https://www.tanko.com.tw/upload/catalog_package_b/ALL_catalog_package_26B09_EQ1WLzf4a7.jpg,C:\Users\User\OneDrive\tanko seo\assets\product\EKA-3M + EKA-P03-red.jpg
EKA-3M,EKA-3M,Trolley,eka-3m,https://www.tanko.com.tw/en/products-detail/eka-3m/,"{""Color"": ""Blue"", ""Top Cover"": ""No""}",W900xD485xH850 mm,Steel,,1,https://www.tanko.com.tw/upload/catalog_package_b/ALL_catalog_package_24C21_RqEw94RZkv.jpg,C:\Users\User\OneDrive\tanko seo\assets\product\EKA-3M-blue.jpg
EKA-3M + EKA-P03,EKA-3M + EKA-P03,Trolley,eka-3m,https://www.tanko.com.tw/en/products-detail/eka-3m/,"{""Color"": ""Blue"", ""Top Cover"": ""Yes""}",W900xD485xH850 mm,Steel,,1,https://www.tanko.com.tw/upload/catalog_package_b/ALL_catalog_package_26B09_04I2UvN9su.jpg,C:\Users\User\OneDrive\tanko seo\assets\product\EKA-3M + EKA-P03-blue.jpg
EKA-3MS,EKA-3MS,Trolley,eka-3ms,https://www.tanko.com.tw/en/products-detail/eka-3ms/,"{""Drawer Qty"": ""0"", ""Color"": ""Stainless steel""}",W900xD485xH850 mm,#304 stainless steel,,1,https://www.tanko.com.tw/upload/catalog_package_b/ALL_catalog_package_26B25_FWZv1NCBxE.jpg,C:\Users\User\OneDrive\tanko seo\assets\product\EKA-3MS.jpg
EKA-301MS,EKA-301MS,Trolley,eka-3ms,https://www.tanko.com.tw/en/products-detail/eka-3ms/,"{""Drawer Qty"": ""1"", ""Color"": ""Stainless steel""}",W900xD485xH850 mm,#304 stainless steel,,1,https://www.tanko.com.tw/upload/catalog_package_b/ALL_catalog_package_26B25_Cup4nYiWmA.jpg,C:\Users\User\OneDrive\tanko seo\assets\product\EKA-301MS.jpg
EKA-302MS,EKA-302MS,Trolley,eka-3ms,https://www.tanko.com.tw/en/products-detail/eka-3ms/,"{""Drawer Qty"": ""2"", ""Color"": ""Stainless steel""}",W900xD485xH850 mm,#304 stainless steel,,1,https://www.tanko.com.tw/upload/catalog_package_b/ALL_catalog_package_26B25_qsxawDB2RF.jpg,C:\Users\User\OneDrive\tanko seo\assets\product\EKA-302MS.jpg
EKA-305MS,EKA-305MS,Trolley,eka-3ms,https://www.tanko.com.tw/en/products-detail/eka-3ms/,"{""Drawer Qty"": ""5"", ""Color"": ""Stainless steel""}",W900xD485xH850 mm,#304 stainless steel,,1,https://www.tanko.com.tw/upload/catalog_package_b/ALL_catalog_package_26B25_B48OTWD0kF.jpg,C:\Users\User\OneDrive\tanko seo\assets\product\EKA-305MS.jpg
EKB-308AM,EKB-308AM,Trolley,ekb-3m,https://www.tanko.com.tw/en/products-detail/ekb-3m/,"{""Color"": ""Blue"", ""Accessories"": ""Steel drawer + Parts drawer(8)""}",W850xD485xH855 mm,Cabinet ▸ Steel,,3,https://www.tanko.com.tw/upload/catalog_package_b/ALL_catalog_package_25D09_GplsI3suMg.jpg,C:\Users\User\OneDrive\tanko seo\assets\product\EKB-308AM-blue.jpg
EKB-3AM,EKB-3AM,Trolley,ekb-3m,https://www.tanko.com.tw/en/products-detail/ekb-3m/,"{""Color"": ""Blue"", ""Accessories"": ""Steel drawer""}",W850xD485xH855 mm,Cabinet ▸ Steel,,3,https://www.tanko.com.tw/upload/catalog_package_b/ALL_catalog_package_25D09_kkl50qwhs6.jpg,C:\Users\User\OneDrive\tanko seo\assets\product\EKB-3AM-blue.jpg
EKB-316M,EKB-316M,Trolley,ekb-3m,https://www.tanko.com.tw/en/products-detail/ekb-3m/,"{""Color"": ""Blue"", ""Accessories"": ""Parts drawer(16)""}",W850xD485xH855 mm,Cabinet ▸ Steel,,2,https://www.tanko.com.tw/upload/catalog_package_b/ALL_catalog_package_24C21_9UGSbv3ErV.jpg,C:\Users\User\OneDrive\tanko seo\assets\product\EKB-316M-blue.jpg
EKB-308M,EKB-308M,Trolley,ekb-3m,https://www.tanko.com.tw/en/products-detail/ekb-3m/,"{""Color"": ""Blue"", ""Accessories"": ""Parts drawer(8)""}",W850xD485xH855 mm,Cabinet ▸ Steel,,2,https://www.tanko.com.tw/upload/catalog_package_b/ALL_catalog_package_24C21_tKEC2SQySF.jpg,C:\Users\User\OneDrive\tanko seo\assets\product\EKB-308M-blue.jpg
EKB-3M,EKB-3M,Trolley,ekb-3m,https://www.tanko.com.tw/en/products-detail/ekb-3m/,"{""Color"": ""Blue"", ""Accessories"": ""None""}",W850xD485xH855 mm,Cabinet ▸ Steel,,2,https://www.tanko.com.tw/upload/catalog_package_b/ALL_catalog_package_24C21_2MoGfnBhm4.jpg,C:\Users\User\OneDrive\tanko seo\assets\product\EKB-3M-blue.jpg
EKB-308AM,EKB-308AM,Trolley,ekb-3m,https://www.tanko.com.tw/en/products-detail/ekb-3m/,"{""Color"": ""Red"", ""Accessories"": ""Steel drawer + Parts drawer(8)""}",W850xD485xH855 mm,Cabinet ▸ Steel,,3,https://www.tanko.com.tw/upload/catalog_package_b/ALL_catalog_package_25D09_OjrONZx3CZ.jpg,C:\Users\User\OneDrive\tanko seo\assets\product\EKB-308AM-red.jpg
EKB-3AM,EKB-3AM,Trolley,ekb-3m,https://www.tanko.com.tw/en/products-detail/ekb-3m/,"{""Color"": ""Red"", ""Accessories"": ""Steel drawer""}",W850xD485xH855 mm,Cabinet ▸ Steel,,3,https://www.tanko.com.tw/upload/catalog_package_b/ALL_catalog_package_25D09_qZREK9WOzR.jpg,C:\Users\User\OneDrive\tanko seo\assets\product\EKB-3AM-red.jpg
EKB-316M,EKB-316M,Trolley,ekb-3m,https://www.tanko.com.tw/en/products-detail/ekb-3m/,"{""Color"": ""Red"", ""Accessories"": ""Parts drawer(16)""}",W850xD485xH855 mm,Cabinet ▸ Steel,,2,https://www.tanko.com.tw/upload/catalog_package_b/ALL_catalog_package_24C21_UfC2UAOUAu.jpg,C:\Users\User\OneDrive\tanko seo\assets\product\EKB-316M-red.jpg
EKB-308M,EKB-308M,Trolley,ekb-3m,https://www.tanko.com.tw/en/products-detail/ekb-3m/,"{""Color"": ""Red"", ""Accessories"": ""Parts drawer(8)""}",W850xD485xH855 mm,Cabinet ▸ Steel,,2,https://www.tanko.com.tw/upload/catalog_package_b/ALL_catalog_package_24C21_8TzZ56pc4v.jpg,C:\Users\User\OneDrive\tanko seo\assets\product\EKB-308M-red.jpg
EKB-3M,EKB-3M,Trolley,ekb-3m,https://www.tanko.com.tw/en/products-detail/ekb-3m/,"{""Color"": ""Red"", ""Accessories"": ""None""}",W850xD485xH855 mm,Cabinet ▸ Steel,,2,https://www.tanko.com.tw/upload/catalog_package_b/ALL_catalog_package_24C21_KfZNeEebs5.jpg,C:\Users\User\OneDrive\tanko seo\assets\product\EKB-3M-red.jpg
EKB-308AM,EKB-308AM,Trolley,ekb-3m,https://www.tanko.com.tw/en/products-detail/ekb-3m/,"{""Color"": ""Gray"", ""Accessories"": ""Steel drawer + Parts drawer(8)""}",W850xD485xH855 mm,Cabinet ▸ Steel,,3,https://www.tanko.com.tw/upload/catalog_package_b/ALL_catalog_package_25D09_1lEydqhtuG.jpg,C:\Users\User\OneDrive\tanko seo\assets\product\EKB-308AM-gray.jpg
EKB-3AM (Gray),EKB-3AM (Gray),Trolley,ekb-3m,https://www.tanko.com.tw/en/products-detail/ekb-3m/,"{""Color"": ""Gray"", ""Accessories"": ""Steel drawer""}",W850xD485xH855 mm,Cabinet ▸ Steel,,3,https://www.tanko.com.tw/upload/catalog_package_b/ALL_catalog_package_25D09_rjli9jO0Xd.jpg,C:\Users\User\OneDrive\tanko seo\assets\product\EKB-3AM (Gray)-gray.jpg
EKB-316M,EKB-316M,Trolley,ekb-3m,https://www.tanko.com.tw/en/products-detail/ekb-3m/,"{""Color"": ""Gray"", ""Accessories"": ""Parts drawer(16)""}",W850xD485xH855 mm,Cabinet ▸ Steel,,2,https://www.tanko.com.tw/upload/catalog_package_b/ALL_catalog_package_24C21_wY2RsJAO6R.jpg,C:\Users\User\OneDrive\tanko seo\assets\product\EKB-316M-gray.jpg
EKB-308M,EKB-308M,Trolley,ekb-3m,https://www.tanko.com.tw/en/products-detail/ekb-3m/,"{""Color"": ""Gray"", ""Accessories"": ""Parts drawer(8)""}",W850xD485xH855 mm,Cabinet ▸ Steel,,2,https://www.tanko.com.tw/upload/catalog_package_b/ALL_catalog_package_24C21_y5XlwrXbeg.jpg,C:\Users\User\OneDrive\tanko seo\assets\product\EKB-308M-gray.jpg
EKB-3M,EKB-3M,Trolley,ekb-3m,https://www.tanko.com.tw/en/products-detail/ekb-3m/,"{""Color"": ""Gray"", ""Accessories"": ""None""}",W850xD485xH855 mm,Cabinet ▸ Steel,,2,https://www.tanko.com.tw/upload/catalog_package_b/ALL_catalog_package_24C21_7qcepgUaRJ.jpg,C:\Users\User\OneDrive\tanko seo\assets\product\EKB-3M-gray.jpg
EKC-333M,EKC-333M,Tilt Out Bins Cart,ekc,https://www.tanko.com.tw/en/products-detail/ekc/,"{""Layer A, B"": ""All (S)"", ""Layer C"": ""Tilt out bin (S)""}",,,,1,https://www.tanko.com.tw/upload/catalog_package_b/ALL_catalog_package_24C21_dhPnFIKGXn.png,C:\Users\User\OneDrive\tanko seo\assets\product\EKC-333M.png
EKC-332M,EKC-332M,Tilt Out Bins Cart,ekc,https://www.tanko.com.tw/en/products-detail/ekc/,"{""Layer A, B"": ""All (S)"", ""Layer C"": ""Tilt out bin (M)""}",,,,1,https://www.tanko.com.tw/upload/catalog_package_b/ALL_catalog_package_24C21_EDEobx0DpP.png,C:\Users\User\OneDrive\tanko seo\assets\product\EKC-332M.png
EKC-331M,EKC-331M,Tilt Out Bins Cart,ekc,https://www.tanko.com.tw/en/products-detail/ekc/,"{""Layer A, B"": ""All (S)"", ""Layer C"": ""Tilt out bin (L)""}",,,,1,https://www.tanko.com.tw/upload/catalog_package_b/ALL_catalog_package_24C21_yMxqsLS9xi.png,C:\Users\User\OneDrive\tanko seo\assets\product\EKC-331M.png
EKC-330M,EKC-330M,Tilt Out Bins Cart,ekc,https://www.tanko.com.tw/en/products-detail/ekc/,"{""Layer A, B"": ""All (S)"", ""Layer C"": ""Hanging bin (TKI-8305)""}",,,,1,https://www.tanko.com.tw/upload/catalog_package_b/ALL_catalog_package_24C21_N9oBaBylRM.png,C:\Users\User\OneDrive\tanko seo\assets\product\EKC-330M-tki-8305.png
EKC-330M,EKC-330M,Tilt Out Bins Cart,ekc,https://www.tanko.com.tw/en/products-detail/ekc/,"{""Layer A, B"": ""All (S)"", ""Layer C"": ""Hanging bin (TKI-8304)""}",,,,1,https://www.tanko.com.tw/upload/catalog_package_b/ALL_catalog_package_24C21_G1HLnUNTOx.png,C:\Users\User\OneDrive\tanko seo\assets\product\EKC-330M-tki-8304.png
EKC-330M,EKC-330M,Tilt Out Bins Cart,ekc,https://www.tanko.com.tw/en/products-detail/ekc/,"{""Layer A, B"": ""All (S)"", ""Layer C"": ""Hanging bin (TKI-8303)""}",,,,1,https://www.tanko.com.tw/upload/catalog_package_b/ALL_catalog_package_24C21_C01Esl3nzl.png,C:\Users\User\OneDrive\tanko seo\assets\product\EKC-330M-tki-8303.png
EKC-330M,EKC-330M,Tilt Out Bins Cart,ekc,https://www.tanko.com.tw/en/products-detail/ekc/,"{""Layer A, B"": ""All (S)"", ""Layer C"": ""Hanging bin (TKI-8302)""}",,,,1,https://www.tanko.com.tw/upload/catalog_package_b/ALL_catalog_package_24C21_V0seQcLOEh.png,C:\Users\User\OneDrive\tanko seo\assets\product\EKC-330M-tki-8302.png
EKC-330M,EKC-330M,Tilt Out Bins Cart,ekc,https://www.tanko.com.tw/en/products-detail/ekc/,"{""Layer A, B"": ""All (S)"", ""Layer C"": ""Hanging bin (TKI-8301)""}",,,,1,https://www.tanko.com.tw/upload/catalog_package_b/ALL_catalog_package_24C21_uchr9zJ3ID.png,C:\Users\User\OneDrive\tanko seo\assets\product\EKC-330M-tki-8301.png
EKC-330M,EKC-330M,Tilt Out Bins Cart,ekc,https://www.tanko.com.tw/en/products-detail/ekc/,"{""Layer A, B"": ""All (S)"", ""Layer C"": ""Team bin (TA-115)""}",,,,1,https://www.tanko.com.tw/upload/catalog_package_b/ALL_catalog_package_24C21_r2vrXe0tqg.png,C:\Users\User\OneDrive\tanko seo\assets\product\EKC-330M-ta-115.png
EKC-330M,EKC-330M,Tilt Out Bins Cart,ekc,https://www.tanko.com.tw/en/products-detail/ekc/,"{""Layer A, B"": ""All (S)"", ""Layer C"": ""Team bin (TA-112)""}",,,,1,https://www.tanko.com.tw/upload/catalog_package_b/ALL_catalog_package_24C21_3eOsYVhAw8.png,C:\Users\User\OneDrive\tanko seo\assets\product\EKC-330M-ta-112.png
EKC-330M,EKC-330M,Tilt Out Bins Cart,ekc,https://www.tanko.com.tw/en/products-detail/ekc/,"{""Layer A, B"": ""All (S)"", ""Layer C"": ""Shelf""}",,,,1,https://www.tanko.com.tw/upload/catalog_package_b/ALL_catalog_package_24C21_Q9q3ljOxlb.png,C:\Users\User\OneDrive\tanko seo\assets\product\EKC-330M-shelf.png
EKC-330M,EKC-330M,Tilt Out Bins Cart,ekc,https://www.tanko.com.tw/en/products-detail/ekc/,"{""Layer A, B"": ""All (S)"", ""Layer C"": ""None""}",,,,1,https://www.tanko.com.tw/upload/catalog_package_b/ALL_catalog_package_24C21_blB7pKK00m.png,C:\Users\User\OneDrive\tanko seo\assets\product\EKC-330M-none.png
EKC-222M,EKC-222M,Tilt Out Bins Cart,ekc,https://www.tanko.com.tw/en/products-detail/ekc/,"{""Layer A, B"": ""All (M)"", ""Layer C"": ""Tilt out bin (M)""}",,,,1,https://www.tanko.com.tw/upload/catalog_package_b/ALL_catalog_package_24C21_21bfsiHVKD.png,C:\Users\User\OneDrive\tanko seo\assets\product\EKC-222M.png
EKC-221M,EKC-221M,Tilt Out Bins Cart,ekc,https://www.tanko.com.tw/en/products-detail/ekc/,"{""Layer A, B"": ""All (M)"", ""Layer C"": ""Tilt out bin (L)""}",,,,1,https://www.tanko.com.tw/upload/catalog_package_b/ALL_catalog_package_24C21_JRvy7WVwGl.png,C:\Users\User\OneDrive\tanko seo\assets\product\EKC-221M.png
EKC-220M,EKC-220M,Tilt Out Bins Cart,ekc,https://www.tanko.com.tw/en/products-detail/ekc/,"{""Layer A, B"": ""All (M)"", ""Layer C"": ""Hanging bin (TKI-8305)""}",,,,1,https://www.tanko.com.tw/upload/catalog_package_b/ALL_catalog_package_24C21_K8g8rcI8KK.png,C:\Users\User\OneDrive\tanko seo\assets\product\EKC-220M-tki-8305.png
EKC-220M,EKC-220M,Tilt Out Bins Cart,ekc,https://www.tanko.com.tw/en/products-detail/ekc/,"{""Layer A, B"": ""All (M)"", ""Layer C"": ""Hanging bin (TKI-8304)""}",,,,1,https://www.tanko.com.tw/upload/catalog_package_b/ALL_catalog_package_24C21_bSbj8kA0Lx.png,C:\Users\User\OneDrive\tanko seo\assets\product\EKC-220M-tki-8304.png
EKC-220M,EKC-220M,Tilt Out Bins Cart,ekc,https://www.tanko.com.tw/en/products-detail/ekc/,"{""Layer A, B"": ""All (M)"", ""Layer C"": ""Hanging bin (TKI-8303)""}",,,,1,https://www.tanko.com.tw/upload/catalog_package_b/ALL_catalog_package_24C21_i12uUoeGHb.png,C:\Users\User\OneDrive\tanko seo\assets\product\EKC-220M-tki-8303.png
EKC-220M,EKC-220M,Tilt Out Bins Cart,ekc,https://www.tanko.com.tw/en/products-detail/ekc/,"{""Layer A, B"": ""All (M)"", ""Layer C"": ""Hanging bin (TKI-8302)""}",,,,1,https://www.tanko.com.tw/upload/catalog_package_b/ALL_catalog_package_24C21_yMRaQZhapj.png,C:\Users\User\OneDrive\tanko seo\assets\product\EKC-220M-tki-8302.png
EKC-220M,EKC-220M,Tilt Out Bins Cart,ekc,https://www.tanko.com.tw/en/products-detail/ekc/,"{""Layer A, B"": ""All (M)"", ""Layer C"": ""Hanging bin (TKI-8301)""}",,,,1,https://www.tanko.com.tw/upload/catalog_package_b/ALL_catalog_package_24C21_zQQjjYWADO.png,C:\Users\User\OneDrive\tanko seo\assets\product\EKC-220M-tki-8301.png
EKC-220M,EKC-220M,Tilt Out Bins Cart,ekc,https://www.tanko.com.tw/en/products-detail/ekc/,"{""Layer A, B"": ""All (M)"", ""Layer C"": ""Team bin (TA-115)""}",,,,1,https://www.tanko.com.tw/upload/catalog_package_b/ALL_catalog_package_24C21_x7v0W0X8wG.png,C:\Users\User\OneDrive\tanko seo\assets\product\EKC-220M-ta-115.png
EKC-220M,EKC-220M,Tilt Out Bins Cart,ekc,https://www.tanko.com.tw/en/products-detail/ekc/,"{""Layer A, B"": ""All (M)"", ""Layer C"": ""Team bin (TA-112)""}",,,,1,https://www.tanko.com.tw/upload/catalog_package_b/ALL_catalog_package_24C21_EMTZkWXq7i.png,C:\Users\User\OneDrive\tanko seo\assets\product\EKC-220M-ta-112.png
EKC-220M,EKC-220M,Tilt Out Bins Cart,ekc,https://www.tanko.com.tw/en/products-detail/ekc/,"{""Layer A, B"": ""All (M)"", ""Layer C"": ""Shelf""}",,,,1,https://www.tanko.com.tw/upload/catalog_package_b/ALL_catalog_package_24C21_wVMrp2mrXi.png,C:\Users\User\OneDrive\tanko seo\assets\product\EKC-220M-shelf.png
EKC-220M,EKC-220M,Tilt Out Bins Cart,ekc,https://www.tanko.com.tw/en/products-detail/ekc/,"{""Layer A, B"": ""All (M)"", ""Layer C"": ""None""}",,,,1,https://www.tanko.com.tw/upload/catalog_package_b/ALL_catalog_package_24C21_ysolPe3J2U.png,C:\Users\User\OneDrive\tanko seo\assets\product\EKC-220M-none.png
EKC-111M,EKC-111M,Tilt Out Bins Cart,ekc,https://www.tanko.com.tw/en/products-detail/ekc/,"{""Layer A, B"": ""All (L)"", ""Layer C"": ""Tilt out bin (L)""}",,,,1,https://www.tanko.com.tw/upload/catalog_package_b/ALL_catalog_package_24C21_rrBoOyJEDu.png,C:\Users\User\OneDrive\tanko seo\assets\product\EKC-111M.png
EKC-110M,EKC-110M,Tilt Out Bins Cart,ekc,https://www.tanko.com.tw/en/products-detail/ekc/,"{""Layer A, B"": ""All (L)"", ""Layer C"": ""Hanging bin (TKI-8305)""}",,,,1,https://www.tanko.com.tw/upload/catalog_package_b/ALL_catalog_package_24C21_rzwA8twFEM.png,C:\Users\User\OneDrive\tanko seo\assets\product\EKC-110M-tki-8305.png
EKC-110M,EKC-110M,Tilt Out Bins Cart,ekc,https://www.tanko.com.tw/en/products-detail/ekc/,"{""Layer A, B"": ""All (L)"", ""Layer C"": ""Hanging bin (TKI-8304)""}",,,,1,https://www.tanko.com.tw/upload/catalog_package_b/ALL_catalog_package_24C21_DkfSWuxjfX.png,C:\Users\User\OneDrive\tanko seo\assets\product\EKC-110M-tki-8304.png
EKC-110M,EKC-110M,Tilt Out Bins Cart,ekc,https://www.tanko.com.tw/en/products-detail/ekc/,"{""Layer A, B"": ""All (L)"", ""Layer C"": ""Hanging bin (TKI-8303)""}",,,,1,https://www.tanko.com.tw/upload/catalog_package_b/ALL_catalog_package_24C21_AkqfGfQI4S.png,C:\Users\User\OneDrive\tanko seo\assets\product\EKC-110M-tki-8303.png
EKC-110M,EKC-110M,Tilt Out Bins Cart,ekc,https://www.tanko.com.tw/en/products-detail/ekc/,"{""Layer A, B"": ""All (L)"", ""Layer C"": ""Hanging bin (TKI-8302)""}",,,,1,https://www.tanko.com.tw/upload/catalog_package_b/ALL_catalog_package_24C21_uKQzElifcQ.png,C:\Users\User\OneDrive\tanko seo\assets\product\EKC-110M-tki-8302.png
EKC-110M,EKC-110M,Tilt Out Bins Cart,ekc,https://www.tanko.com.tw/en/products-detail/ekc/,"{""Layer A, B"": ""All (L)"", ""Layer C"": ""Hanging bin (TKI-8301)""}",,,,1,https://www.tanko.com.tw/upload/catalog_package_b/ALL_catalog_package_24C21_nXWiEBBytR.png,C:\Users\User\OneDrive\tanko seo\assets\product\EKC-110M-tki-8301.png
EKC-110M,EKC-110M,Tilt Out Bins Cart,ekc,https://www.tanko.com.tw/en/products-detail/ekc/,"{""Layer A, B"": ""All (L)"", ""Layer C"": ""Team bin (TA-115)""}",,,,1,https://www.tanko.com.tw/upload/catalog_package_b/ALL_catalog_package_24C21_g2vEQ07nKd.png,C:\Users\User\OneDrive\tanko seo\assets\product\EKC-110M-ta-115.png
EKC-110M,EKC-110M,Tilt Out Bins Cart,ekc,https://www.tanko.com.tw/en/products-detail/ekc/,"{""Layer A, B"": ""All (L)"", ""Layer C"": ""Team bin (TA-112)""}",,,,1,https://www.tanko.com.tw/upload/catalog_package_b/ALL_catalog_package_24C21_xbsPJwdRdB.png,C:\Users\User\OneDrive\tanko seo\assets\product\EKC-110M-ta-112.png
EKC-110M,EKC-110M,Tilt Out Bins Cart,ekc,https://www.tanko.com.tw/en/products-detail/ekc/,"{""Layer A, B"": ""All (L)"", ""Layer C"": ""Shelf""}",,,,1,https://www.tanko.com.tw/upload/catalog_package_b/ALL_catalog_package_24C21_b2zuH6Q5Sl.png,C:\Users\User\OneDrive\tanko seo\assets\product\EKC-110M-shelf.png
EKC-110M,EKC-110M,Tilt Out Bins Cart,ekc,https://www.tanko.com.tw/en/products-detail/ekc/,"{""Layer A, B"": ""All (L)"", ""Layer C"": ""None""}",,,,1,https://www.tanko.com.tw/upload/catalog_package_b/ALL_catalog_package_24C21_Pr6wKGfQMn.png,C:\Users\User\OneDrive\tanko seo\assets\product\EKC-110M-none.png
EKC-322M,EKC-322M,Tilt Out Bins Cart,ekc,https://www.tanko.com.tw/en/products-detail/ekc/,"{""Layer A, B"": ""(S)+(M)"", ""Layer C"": ""Tilt out bin (M)""}",,,,1,https://www.tanko.com.tw/upload/catalog_package_b/ALL_catalog_package_24C21_mobrULCtZj.png,C:\Users\User\OneDrive\tanko seo\assets\product\EKC-322M.png
EKC-321M,EKC-321M,Tilt Out Bins Cart,ekc,https://www.tanko.com.tw/en/products-detail/ekc/,"{""Layer A, B"": ""(S)+(M)"", ""Layer C"": ""Tilt out bin (L)""}",,,,1,https://www.tanko.com.tw/upload/catalog_package_b/ALL_catalog_package_24C21_qCJNSUxohs.png,C:\Users\User\OneDrive\tanko seo\assets\product\EKC-321M.png
EKC-320M,EKC-320M,Tilt Out Bins Cart,ekc,https://www.tanko.com.tw/en/products-detail/ekc/,"{""Layer A, B"": ""(S)+(M)"", ""Layer C"": ""Hanging bin (TKI-8305)""}",,,,1,https://www.tanko.com.tw/upload/catalog_package_b/ALL_catalog_package_24C21_8FrUtCLAMX.png,C:\Users\User\OneDrive\tanko seo\assets\product\EKC-320M-tki-8305.png
EKC-320M,EKC-320M,Tilt Out Bins Cart,ekc,https://www.tanko.com.tw/en/products-detail/ekc/,"{""Layer A, B"": ""(S)+(M)"", ""Layer C"": ""Hanging bin (TKI-8304)""}",,,,1,https://www.tanko.com.tw/upload/catalog_package_b/ALL_catalog_package_24C21_hzBBzQUylK.png,C:\Users\User\OneDrive\tanko seo\assets\product\EKC-320M-tki-8304.png
EKC-320M,EKC-320M,Tilt Out Bins Cart,ekc,https://www.tanko.com.tw/en/products-detail/ekc/,"{""Layer A, B"": ""(S)+(M)"", ""Layer C"": ""Hanging bin (TKI-8303)""}",,,,1,https://www.tanko.com.tw/upload/catalog_package_b/ALL_catalog_package_24C21_WeCx0bfvc2.png,C:\Users\User\OneDrive\tanko seo\assets\product\EKC-320M-tki-8303.png
EKC-320M,EKC-320M,Tilt Out Bins Cart,ekc,https://www.tanko.com.tw/en/products-detail/ekc/,"{""Layer A, B"": ""(S)+(M)"", ""Layer C"": ""Hanging bin (TKI-8302)""}",,,,1,https://www.tanko.com.tw/upload/catalog_package_b/ALL_catalog_package_24C21_VlwtMzEFyZ.png,C:\Users\User\OneDrive\tanko seo\assets\product\EKC-320M-tki-8302.png
EKC-320M,EKC-320M,Tilt Out Bins Cart,ekc,https://www.tanko.com.tw/en/products-detail/ekc/,"{""Layer A, B"": ""(S)+(M)"", ""Layer C"": ""Hanging bin (TKI-8301)""}",,,,1,https://www.tanko.com.tw/upload/catalog_package_b/ALL_catalog_package_24C21_SErRFPD8Jq.png,C:\Users\User\OneDrive\tanko seo\assets\product\EKC-320M-tki-8301.png
EKC-320M,EKC-320M,Tilt Out Bins Cart,ekc,https://www.tanko.com.tw/en/products-detail/ekc/,"{""Layer A, B"": ""(S)+(M)"", ""Layer C"": ""Team bin (TA-115)""}",,,,1,https://www.tanko.com.tw/upload/catalog_package_b/ALL_catalog_package_24C21_2yJLjJzYVL.png,C:\Users\User\OneDrive\tanko seo\assets\product\EKC-320M-ta-115.png
EKC-320M,EKC-320M,Tilt Out Bins Cart,ekc,https://www.tanko.com.tw/en/products-detail/ekc/,"{""Layer A, B"": ""(S)+(M)"", ""Layer C"": ""Team bin (TA-112)""}",,,,1,https://www.tanko.com.tw/upload/catalog_package_b/ALL_catalog_package_24C21_dhwx0YzpxQ.png,C:\Users\User\OneDrive\tanko seo\assets\product\EKC-320M-ta-112.png
EKC-320M,EKC-320M,Tilt Out Bins Cart,ekc,https://www.tanko.com.tw/en/products-detail/ekc/,"{""Layer A, B"": ""(S)+(M)"", ""Layer C"": ""Shelf""}",,,,1,https://www.tanko.com.tw/upload/catalog_package_b/ALL_catalog_package_24C21_DgzYLebI7z.png,C:\Users\User\OneDrive\tanko seo\assets\product\EKC-320M-shelf.png
EKC-320M,EKC-320M,Tilt Out Bins Cart,ekc,https://www.tanko.com.tw/en/products-detail/ekc/,"{""Layer A, B"": ""(S)+(M)"", ""Layer C"": ""None""}",,,,1,https://www.tanko.com.tw/upload/catalog_package_b/ALL_catalog_package_24C21_SEEfMdt7LK.png,C:\Users\User\OneDrive\tanko seo\assets\product\EKC-320M-none.png
EKC-311M,EKC-311M,Tilt Out Bins Cart,ekc,https://www.tanko.com.tw/en/products-detail/ekc/,"{""Layer A, B"": ""(S)+(L)"", ""Layer C"": ""Tilt out bin (L)""}",,,,1,https://www.tanko.com.tw/upload/catalog_package_b/ALL_catalog_package_24C21_PQ9xXK8SCS.png,C:\Users\User\OneDrive\tanko seo\assets\product\EKC-311M.png
EKC-310M,EKC-310M,Tilt Out Bins Cart,ekc,https://www.tanko.com.tw/en/products-detail/ekc/,"{""Layer A, B"": ""(S)+(L)"", ""Layer C"": ""Hanging bin (TKI-8305)""}",,,,1,https://www.tanko.com.tw/upload/catalog_package_b/ALL_catalog_package_24C21_29tcWvWAjG.png,C:\Users\User\OneDrive\tanko seo\assets\product\EKC-310M-tki-8305.png
EKC-310M,EKC-310M,Tilt Out Bins Cart,ekc,https://www.tanko.com.tw/en/products-detail/ekc/,"{""Layer A, B"": ""(S)+(L)"", ""Layer C"": ""Hanging bin (TKI-8304)""}",,,,1,https://www.tanko.com.tw/upload/catalog_package_b/ALL_catalog_package_24C21_87F2k7osa6.png,C:\Users\User\OneDrive\tanko seo\assets\product\EKC-310M-tki-8304.png
EKC-310M,EKC-310M,Tilt Out Bins Cart,ekc,https://www.tanko.com.tw/en/products-detail/ekc/,"{""Layer A, B"": ""(S)+(L)"", ""Layer C"": ""Hanging bin (TKI-8303)""}",,,,1,https://www.tanko.com.tw/upload/catalog_package_b/ALL_catalog_package_24C21_SL8khWqRkY.png,C:\Users\User\OneDrive\tanko seo\assets\product\EKC-310M-tki-8303.png
EKC-310M,EKC-310M,Tilt Out Bins Cart,ekc,https://www.tanko.com.tw/en/products-detail/ekc/,"{""Layer A, B"": ""(S)+(L)"", ""Layer C"": ""Hanging bin (TKI-8302)""}",,,,1,https://www.tanko.com.tw/upload/catalog_package_b/ALL_catalog_package_24C21_awnHW25O8Y.png,C:\Users\User\OneDrive\tanko seo\assets\product\EKC-310M-tki-8302.png
EKC-310M,EKC-310M,Tilt Out Bins Cart,ekc,https://www.tanko.com.tw/en/products-detail/ekc/,"{""Layer A, B"": ""(S)+(L)"", ""Layer C"": ""Hanging bin (TKI-8301)""}",,,,1,https://www.tanko.com.tw/upload/catalog_package_b/ALL_catalog_package_24C21_UwOBVjUCED.png,C:\Users\User\OneDrive\tanko seo\assets\product\EKC-310M-tki-8301.png
EKC-310M,EKC-310M,Tilt Out Bins Cart,ekc,https://www.tanko.com.tw/en/products-detail/ekc/,"{""Layer A, B"": ""(S)+(L)"", ""Layer C"": ""Team bin (TA-115)""}",,,,1,https://www.tanko.com.tw/upload/catalog_package_b/ALL_catalog_package_24C21_10agumarUt.png,C:\Users\User\OneDrive\tanko seo\assets\product\EKC-310M-ta-115.png
EKC-310M,EKC-310M,Tilt Out Bins Cart,ekc,https://www.tanko.com.tw/en/products-detail/ekc/,"{""Layer A, B"": ""(S)+(L)"", ""Layer C"": ""Team bin (TA-112)""}",,,,1,https://www.tanko.com.tw/upload/catalog_package_b/ALL_catalog_package_24C21_gEi0AS2KIS.png,C:\Users\User\OneDrive\tanko seo\assets\product\EKC-310M-ta-112.png
EKC-310M,EKC-310M,Tilt Out Bins Cart,ekc,https://www.tanko.com.tw/en/products-detail/ekc/,"{""Layer A, B"": ""(S)+(L)"", ""Layer C"": ""Shelf""}",,,,1,https://www.tanko.com.tw/upload/catalog_package_b/ALL_catalog_package_24C21_TOdwdGM9d3.png,C:\Users\User\OneDrive\tanko seo\assets\product\EKC-310M-shelf.png
EKC-310M,EKC-310M,Tilt Out Bins Cart,ekc,https://www.tanko.com.tw/en/products-detail/ekc/,"{""Layer A, B"": ""(S)+(L)"", ""Layer C"": ""None""}",,,,1,https://www.tanko.com.tw/upload/catalog_package_b/ALL_catalog_package_24C21_R6gIWYOoUd.png,C:\Users\User\OneDrive\tanko seo\assets\product\EKC-310M-none.png
EKC-211M,EKC-211M,Tilt Out Bins Cart,ekc,https://www.tanko.com.tw/en/products-detail/ekc/,"{""Layer A, B"": ""(M)+(L)"", ""Layer C"": ""Tilt out bin (L)""}",,,,1,https://www.tanko.com.tw/upload/catalog_package_b/ALL_catalog_package_24C21_02Y3ZvHdJp.png,C:\Users\User\OneDrive\tanko seo\assets\product\EKC-211M.png
EKC-210M,EKC-210M,Tilt Out Bins Cart,ekc,https://www.tanko.com.tw/en/products-detail/ekc/,"{""Layer A, B"": ""(M)+(L)"", ""Layer C"": ""Hanging bin (TKI-8305)""}",,,,1,https://www.tanko.com.tw/upload/catalog_package_b/ALL_catalog_package_24C21_JmMzCHcxjD.png,C:\Users\User\OneDrive\tanko seo\assets\product\EKC-210M-tki-8305.png
EKC-210M,EKC-210M,Tilt Out Bins Cart,ekc,https://www.tanko.com.tw/en/products-detail/ekc/,"{""Layer A, B"": ""(M)+(L)"", ""Layer C"": ""Hanging bin (TKI-8304)""}",,,,1,https://www.tanko.com.tw/upload/catalog_package_b/ALL_catalog_package_24C21_9IGb8vU1tC.png,C:\Users\User\OneDrive\tanko seo\assets\product\EKC-210M-tki-8304.png
EKC-210M,EKC-210M,Tilt Out Bins Cart,ekc,https://www.tanko.com.tw/en/products-detail/ekc/,"{""Layer A, B"": ""(M)+(L)"", ""Layer C"": ""Hanging bin (TKI-8303)""}",,,,1,https://www.tanko.com.tw/upload/catalog_package_b/ALL_catalog_package_24C21_GsJjJLMkYU.png,C:\Users\User\OneDrive\tanko seo\assets\product\EKC-210M-tki-8303.png
EKC-210M,EKC-210M,Tilt Out Bins Cart,ekc,https://www.tanko.com.tw/en/products-detail/ekc/,"{""Layer A, B"": ""(M)+(L)"", ""Layer C"": ""Hanging bin (TKI-8302)""}",,,,1,https://www.tanko.com.tw/upload/catalog_package_b/ALL_catalog_package_24C21_wb7ybRulQv.png,C:\Users\User\OneDrive\tanko seo\assets\product\EKC-210M-tki-8302.png
EKC-210M,EKC-210M,Tilt Out Bins Cart,ekc,https://www.tanko.com.tw/en/products-detail/ekc/,"{""Layer A, B"": ""(M)+(L)"", ""Layer C"": ""Hanging bin (TKI-8301)""}",,,,1,https://www.tanko.com.tw/upload/catalog_package_b/ALL_catalog_package_24C21_gJn5DB1O8i.png,C:\Users\User\OneDrive\tanko seo\assets\product\EKC-210M-tki-8301.png
EKC-210M,EKC-210M,Tilt Out Bins Cart,ekc,https://www.tanko.com.tw/en/products-detail/ekc/,"{""Layer A, B"": ""(M)+(L)"", ""Layer C"": ""Team bin (TA-115)""}",,,,1,https://www.tanko.com.tw/upload/catalog_package_b/ALL_catalog_package_24C21_8apeIE53yt.png,C:\Users\User\OneDrive\tanko seo\assets\product\EKC-210M-ta-115.png
EKC-210M,EKC-210M,Tilt Out Bins Cart,ekc,https://www.tanko.com.tw/en/products-detail/ekc/,"{""Layer A, B"": ""(M)+(L)"", ""Layer C"": ""Team bin (TA-112)""}",,,,1,https://www.tanko.com.tw/upload/catalog_package_b/ALL_catalog_package_24C21_Oo3FLXHdPG.png,C:\Users\User\OneDrive\tanko seo\assets\product\EKC-210M-ta-112.png
EKC-210M,EKC-210M,Tilt Out Bins Cart,ekc,https://www.tanko.com.tw/en/products-detail/ekc/,"{""Layer A, B"": ""(M)+(L)"", ""Layer C"": ""Shelf""}",,,,1,https://www.tanko.com.tw/upload/catalog_package_b/ALL_catalog_package_24C21_nGXA9mN78B.png,C:\Users\User\OneDrive\tanko seo\assets\product\EKC-210M-shelf.png
EKC-210M,EKC-210M,Tilt Out Bins Cart,ekc,https://www.tanko.com.tw/en/products-detail/ekc/,"{""Layer A, B"": ""(M)+(L)"", ""Layer C"": ""None""}",,,,1,https://www.tanko.com.tw/upload/catalog_package_b/ALL_catalog_package_24C21_RzIrAmGnmH.png,C:\Users\User\OneDrive\tanko seo\assets\product\EKC-210M-none.png
ELA-185M,ELA-185M,Mobile Tool Cabinet,ela-1,https://www.tanko.com.tw/en/products-detail/ela-1/,"{""Model No."": ""ELA-185M"", ""Accessories"": ""None""}",W690xD510xH1010 mm,Steel,,1,https://www.tanko.com.tw/upload/catalog_package_b/ALL_catalog_package_24C20_qBM2HfiXgT.png,C:\Users\User\OneDrive\tanko seo\assets\product\ELA-185M.png
ELA-185MA,ELA-185MA,Mobile Tool Cabinet,ela-1,https://www.tanko.com.tw/en/products-detail/ela-1/,"{""Model No."": ""ELA-185M"", ""Accessories"": ""Perforated board""}",W690xD510xH1010 mm,Steel,,2,https://www.tanko.com.tw/upload/catalog_package_b/ALL_catalog_package_26E28_yCyWhn5KeZ.jpg,C:\Users\User\OneDrive\tanko seo\assets\product\ELA-185MA.jpg
ELA-187M,ELA-187M,Mobile Tool Cabinet,ela-1,https://www.tanko.com.tw/en/products-detail/ela-1/,"{""Model No."": ""ELA-187M"", ""Accessories"": ""None""}",W690xD510xH1010 mm,Steel,,1,https://www.tanko.com.tw/upload/catalog_package_b/ALL_catalog_package_24C20_ZVxwTJsDwa.png,C:\Users\User\OneDrive\tanko seo\assets\product\ELA-187M.png
ELA-187MA,ELA-187MA,Mobile Tool Cabinet,ela-1,https://www.tanko.com.tw/en/products-detail/ela-1/,"{""Model No."": ""ELA-187M"", ""Accessories"": ""Perforated board""}",W690xD510xH1010 mm,Steel,,2,https://www.tanko.com.tw/upload/catalog_package_b/ALL_catalog_package_26E28_YcB6gNVZMw.jpg,C:\Users\User\OneDrive\tanko seo\assets\product\ELA-187MA.jpg
ELS-274M,ELS-274M,Mobile Tool Cabinet,els-2,https://www.tanko.com.tw/en/products-detail/els-2/,"{""Model No."": ""ELS-274M"", ""Accessories"": ""None""}",W1060xD515xH865 mm,Steel,,1,https://www.tanko.com.tw/upload/catalog_package_b/ALL_catalog_package_24C20_eZPpJ74g5u.png,C:\Users\User\OneDrive\tanko seo\assets\product\ELS-274M.png
ELS-274MA,ELS-274MA,Mobile Tool Cabinet,els-2,https://www.tanko.com.tw/en/products-detail/els-2/,"{""Model No."": ""ELS-274M"", ""Accessories"": ""Perforated board""}",W1060xD515xH865 mm,Steel,,2,https://www.tanko.com.tw/upload/catalog_package_b/ALL_catalog_package_26E28_ncmuckg2SK.jpg,C:\Users\User\OneDrive\tanko seo\assets\product\ELS-274MA.jpg
ELS-276M,ELS-276M,Mobile Tool Cabinet,els-2,https://www.tanko.com.tw/en/products-detail/els-2/,"{""Model No."": ""ELS-276M"", ""Accessories"": ""None""}",W1060xD515xH865 mm,Steel,,1,https://www.tanko.com.tw/upload/catalog_package_b/ALL_catalog_package_24C20_fNnFKskl50.png,C:\Users\User\OneDrive\tanko seo\assets\product\ELS-276M.png
ELS-276MA,ELS-276MA,Mobile Tool Cabinet,els-2,https://www.tanko.com.tw/en/products-detail/els-2/,"{""Model No."": ""ELS-276M"", ""Accessories"": ""Perforated board""}",W1060xD515xH865 mm,Steel,,2,https://www.tanko.com.tw/upload/catalog_package_b/ALL_catalog_package_26E28_lsZX4t1yFz.jpg,C:\Users\User\OneDrive\tanko seo\assets\product\ELS-276MA.jpg
ENR-1218M,ENR-1218M,CNC Trolley,enr-12,https://www.tanko.com.tw/en/products-detail/enr-12/,"{""Tool Holders"": ""BT-30"", ""Color"": ""Gray""}",W1047xD613xH1585 mm,,,1,https://www.tanko.com.tw/upload/catalog_package_b/ALL_catalog_package_25B10_aGqfF3ChHj.png,C:\Users\User\OneDrive\tanko seo\assets\product\ENR-1218M.png
ENR-1228M,ENR-1228M,CNC Trolley,enr-12,https://www.tanko.com.tw/en/products-detail/enr-12/,"{""Tool Holders"": ""BT-40"", ""Color"": ""Gray""}",W1047xD613xH1585 mm,,,1,https://www.tanko.com.tw/upload/catalog_package_b/ALL_catalog_package_25B10_fGrzfolsiK.png,C:\Users\User\OneDrive\tanko seo\assets\product\ENR-1228M.png
ENR-1238M,ENR-1238M,CNC Trolley,enr-12,https://www.tanko.com.tw/en/products-detail/enr-12/,"{""Tool Holders"": ""BT-50"", ""Color"": ""Gray""}",W1047xD613xH1585 mm,,,1,https://www.tanko.com.tw/upload/catalog_package_b/ALL_catalog_package_25B10_dqotqTUr1A.png,C:\Users\User\OneDrive\tanko seo\assets\product\ENR-1238M.png
ENR-1268M,ENR-1268M,CNC Trolley,enr-12,https://www.tanko.com.tw/en/products-detail/enr-12/,"{""Tool Holders"": ""HSK-40"", ""Color"": ""Gray""}",W1047xD613xH1585 mm,,,1,https://www.tanko.com.tw/upload/catalog_package_b/ALL_catalog_package_25B10_nt2YeC3ddi.png,C:\Users\User\OneDrive\tanko seo\assets\product\ENR-1268M.png
ENR-1288M,ENR-1288M,CNC Trolley,enr-12,https://www.tanko.com.tw/en/products-detail/enr-12/,"{""Tool Holders"": ""HSK-63"", ""Color"": ""Gray""}",W1047xD613xH1585 mm,,,1,https://www.tanko.com.tw/upload/catalog_package_b/ALL_catalog_package_25B10_iHOGpcL0Iy.png,C:\Users\User\OneDrive\tanko seo\assets\product\ENR-1288M.png
ENS-112M,ENS-112M,CNC Trolley,ens-1,https://www.tanko.com.tw/en/products-detail/ens-1/,"{""Tool Holders"": ""BT-30"", ""Color"": ""Gray""}",W1030xD656xH911 mm,,,1,https://www.tanko.com.tw/upload/catalog_package_b/ALL_catalog_package_25B10_AzGo169l1s.png,C:\Users\User\OneDrive\tanko seo\assets\product\ENS-112M.png
ENS-122M,ENS-122M,CNC Trolley,ens-1,https://www.tanko.com.tw/en/products-detail/ens-1/,"{""Tool Holders"": ""BT-40"", ""Color"": ""Gray""}",W1030xD656xH911 mm,,,1,https://www.tanko.com.tw/upload/catalog_package_b/ALL_catalog_package_25B10_0MRkB5XzLF.png,C:\Users\User\OneDrive\tanko seo\assets\product\ENS-122M.png
ENS-132M,ENS-132M,CNC Trolley,ens-1,https://www.tanko.com.tw/en/products-detail/ens-1/,"{""Tool Holders"": ""BT-50"", ""Color"": ""Gray""}",W1030xD656xH911 mm,,,1,https://www.tanko.com.tw/upload/catalog_package_b/ALL_catalog_package_25B10_tfhAIQM2yx.png,C:\Users\User\OneDrive\tanko seo\assets\product\ENS-132M.png
ENS-162M,ENS-162M,CNC Trolley,ens-1,https://www.tanko.com.tw/en/products-detail/ens-1/,"{""Tool Holders"": ""HSK-40"", ""Color"": ""Gray""}",W1030xD656xH911 mm,,,1,https://www.tanko.com.tw/upload/catalog_package_b/ALL_catalog_package_25B10_Y9mhHNQJpm.png,C:\Users\User\OneDrive\tanko seo\assets\product\ENS-162M.png
ENS-182M,ENS-182M,CNC Trolley,ens-1,https://www.tanko.com.tw/en/products-detail/ens-1/,"{""Tool Holders"": ""HSK-63"", ""Color"": ""Gray""}",W1030xD656xH911 mm,,,1,https://www.tanko.com.tw/upload/catalog_package_b/ALL_catalog_package_25B10_oQHhAjCt8s.png,C:\Users\User\OneDrive\tanko seo\assets\product\ENS-182M.png
ENS-312M,ENS-312M,CNC Trolley,ens-3,https://www.tanko.com.tw/en/products-detail/ens-3/,"{""Tool Holders"": ""BT-30"", ""Color"": ""Gray""}",W947xD485xH876 mm,,,1,https://www.tanko.com.tw/upload/catalog_package_b/ALL_catalog_package_24C26_wiiYNLzFSG.png,C:\Users\User\OneDrive\tanko seo\assets\product\ENS-312M.png
ENS-322M,ENS-322M,CNC Trolley,ens-3,https://www.tanko.com.tw/en/products-detail/ens-3/,"{""Tool Holders"": ""BT-40"", ""Color"": ""Gray""}",W947xD485xH876 mm,,,1,https://www.tanko.com.tw/upload/catalog_package_b/ALL_catalog_package_24C26_8Q7BexD95C.png,C:\Users\User\OneDrive\tanko seo\assets\product\ENS-322M.png
ENS-332M,ENS-332M,CNC Trolley,ens-3,https://www.tanko.com.tw/en/products-detail/ens-3/,"{""Tool Holders"": ""BT-50"", ""Color"": ""Gray""}",W947xD485xH876 mm,,,1,https://www.tanko.com.tw/upload/catalog_package_b/ALL_catalog_package_24C26_4Hz7tgZWgg.png,C:\Users\User\OneDrive\tanko seo\assets\product\ENS-332M.png
ENS-362M,ENS-362M,CNC Trolley,ens-3,https://www.tanko.com.tw/en/products-detail/ens-3/,"{""Tool Holders"": ""HSK-40"", ""Color"": ""Gray""}",W947xD485xH876 mm,,,1,https://www.tanko.com.tw/upload/catalog_package_b/ALL_catalog_package_24C26_oGrHCqfqHY.png,C:\Users\User\OneDrive\tanko seo\assets\product\ENS-362M.png
ENS-382M,ENS-382M,CNC Trolley,ens-3,https://www.tanko.com.tw/en/products-detail/ens-3/,"{""Tool Holders"": ""HSK-63"", ""Color"": ""Gray""}",W947xD485xH876 mm,,,1,https://www.tanko.com.tw/upload/catalog_package_b/ALL_catalog_package_24C26_SxZKPGsakU.png,C:\Users\User\OneDrive\tanko seo\assets\product\ENS-382M.png
HAA-715W,HAA-715W,Chest of Drawers,haa,https://www.tanko.com.tw/en/products-detail/haa/,"{""Width"": ""700mm"", ""Drawer Qty"": ""5""}",W700xD450xH1135mm,"Steel, Rubber wood top",,3,https://www.tanko.com.tw/upload/catalog_package_b/ALL_catalog_package_24G29_4UmtYcuXeM.png,C:\Users\User\OneDrive\tanko seo\assets\product\HAA-715W.png
HAA-915W,HAA-915W,Chest of Drawers,haa,https://www.tanko.com.tw/en/products-detail/haa/,"{""Width"": ""900mm"", ""Drawer Qty"": ""5""}",W700xD450xH1135mm,"Steel, Rubber wood top",,3,https://www.tanko.com.tw/upload/catalog_package_b/ALL_catalog_package_24C08_La038lgU31.png,C:\Users\User\OneDrive\tanko seo\assets\product\HAA-915W.png
KH-306A,KH-306A,Louvred Board,kh-3,https://www.tanko.com.tw/en/products-detail/kh-3/,"{""Color"": ""Gray"", ""Dimensions"": ""W900xH450""}",W900xH450,steel,,1,https://www.tanko.com.tw/upload/catalog_package_b/ALL_catalog_package_25J20_kftEA40f7v.png,C:\Users\User\OneDrive\tanko seo\assets\product\KH-306A.png
KM-2240,KM-2240,Mobile Hanger Rack,km-22,https://www.tanko.com.tw/en/products-detail/km-22/,"{""Panel"": ""Perforated (4)"", ""Color"": ""Gray""}",W1050xD613xH1121 mm,Steel,,1,https://www.tanko.com.tw/upload/catalog_package_b/ALL_catalog_package_24C26_Hdrj7YPILp.jpg,C:\Users\User\OneDrive\tanko seo\assets\product\KM-2240-gray.jpg
KM-2240,KM-2240,Mobile Hanger Rack,km-22,https://www.tanko.com.tw/en/products-detail/km-22/,"{""Panel"": ""Perforated (4)"", ""Color"": ""White""}",W1050xD613xH1121 mm,Steel,,1,https://www.tanko.com.tw/upload/catalog_package_b/ALL_catalog_package_24C26_5l5qABLxdU.jpg,C:\Users\User\OneDrive\tanko seo\assets\product\KM-2240-white.jpg
KM-2240,KM-2240,Mobile Hanger Rack,km-22,https://www.tanko.com.tw/en/products-detail/km-22/,"{""Panel"": ""Perforated (4)"", ""Color"": ""Black""}",W1050xD613xH1121 mm,Steel,,1,https://www.tanko.com.tw/upload/catalog_package_b/ALL_catalog_package_24C26_XbaOqHG9as.jpg,C:\Users\User\OneDrive\tanko seo\assets\product\KM-2240-black.jpg
KM-2240,KM-2240,Mobile Hanger Rack,km-22,https://www.tanko.com.tw/en/products-detail/km-22/,"{""Panel"": ""Perforated (4)"", ""Color"": ""Blue""}",W1050xD613xH1121 mm,Steel,,1,https://www.tanko.com.tw/upload/catalog_package_b/ALL_catalog_package_24C26_rGdKs6g7nj.jpg,C:\Users\User\OneDrive\tanko seo\assets\product\KM-2240-blue.jpg
KM-2240,KM-2240,Mobile Hanger Rack,km-22,https://www.tanko.com.tw/en/products-detail/km-22/,"{""Panel"": ""Perforated (4)"", ""Color"": ""Red""}",W1050xD613xH1121 mm,Steel,,1,https://www.tanko.com.tw/upload/catalog_package_b/ALL_catalog_package_24C26_dgdoOPjqR5.jpg,C:\Users\User\OneDrive\tanko seo\assets\product\KM-2240-red.jpg
KM-2204,KM-2204,Mobile Hanger Rack,km-22,https://www.tanko.com.tw/en/products-detail/km-22/,"{""Panel"": ""Louvred (4)"", ""Color"": ""Gray""}",W1050xD613xH1121 mm,Steel,,1,https://www.tanko.com.tw/upload/catalog_package_b/ALL_catalog_package_24C26_Njfw80hut8.jpg,C:\Users\User\OneDrive\tanko seo\assets\product\KM-2204.jpg
KM-2222,KM-2222,Mobile Hanger Rack,km-22,https://www.tanko.com.tw/en/products-detail/km-22/,"{""Panel"": ""Perforated (2) + Louvred (2)"", ""Color"": ""Gray""}",W1050xD613xH1121 mm,Steel,,1,https://www.tanko.com.tw/upload/catalog_package_b/ALL_catalog_package_24C26_tDKeXBVQd6.jpg,C:\Users\User\OneDrive\tanko seo\assets\product\KM-2222.jpg
KM-2360,KM-2360,Mobile Hanger Rack,km-23,https://www.tanko.com.tw/en/products-detail/km-23/,"{""Panel"": ""Perforated (6)"", ""Color"": ""Gray""}",W1072xD613xH1571 mm,Steel,,1,https://www.tanko.com.tw/upload/catalog_package_b/ALL_catalog_package_25B04_FQOUWKs1Ni.jpg,C:\Users\User\OneDrive\tanko seo\assets\product\KM-2360-gray.jpg
KM-2360,KM-2360,Mobile Hanger Rack,km-23,https://www.tanko.com.tw/en/products-detail/km-23/,"{""Panel"": ""Perforated (6)"", ""Color"": ""White""}",W1072xD613xH1571 mm,Steel,,1,https://www.tanko.com.tw/upload/catalog_package_b/ALL_catalog_package_25B04_42SDAGI3XY.jpg,C:\Users\User\OneDrive\tanko seo\assets\product\KM-2360-white.jpg
KM-2360,KM-2360,Mobile Hanger Rack,km-23,https://www.tanko.com.tw/en/products-detail/km-23/,"{""Panel"": ""Perforated (6)"", ""Color"": ""Red""}",W1072xD613xH1571 mm,Steel,,1,https://www.tanko.com.tw/upload/catalog_package_b/ALL_catalog_package_25B04_MA8U7S0Ta2.jpg,C:\Users\User\OneDrive\tanko seo\assets\product\KM-2360-red.jpg
KM-2360,KM-2360,Mobile Hanger Rack,km-23,https://www.tanko.com.tw/en/products-detail/km-23/,"{""Panel"": ""Perforated (6)"", ""Color"": ""Blue""}",W1072xD613xH1571 mm,Steel,,1,https://www.tanko.com.tw/upload/catalog_package_b/ALL_catalog_package_25B04_nLuE438KtU.jpg,C:\Users\User\OneDrive\tanko seo\assets\product\KM-2360-blue.jpg
KM-2360,KM-2360,Mobile Hanger Rack,km-23,https://www.tanko.com.tw/en/products-detail/km-23/,"{""Panel"": ""Perforated (6)"", ""Color"": ""Black""}",W1072xD613xH1571 mm,Steel,,1,https://www.tanko.com.tw/upload/catalog_package_b/ALL_catalog_package_25B04_JEPKhE6KFP.jpg,C:\Users\User\OneDrive\tanko seo\assets\product\KM-2360-black.jpg
KM-2306,KM-2306,Mobile Hanger Rack,km-23,https://www.tanko.com.tw/en/products-detail/km-23/,"{""Panel"": ""Louvred (6)"", ""Color"": ""Gray""}",W1072xD613xH1571 mm,Steel,,1,https://www.tanko.com.tw/upload/catalog_package_b/ALL_catalog_package_25B04_F4I15uBXTD.jpg,C:\Users\User\OneDrive\tanko seo\assets\product\KM-2306.jpg
KM-2342,KM-2342,Mobile Hanger Rack,km-23,https://www.tanko.com.tw/en/products-detail/km-23/,"{""Panel"": ""Perforated (4) + Louvred (2)"", ""Color"": ""Gray""}",W1072xD613xH1571 mm,Steel,,1,https://www.tanko.com.tw/upload/catalog_package_b/ALL_catalog_package_25B04_yc8ZxZrzRZ.jpg,C:\Users\User\OneDrive\tanko seo\assets\product\KM-2342.jpg
KM-2324,KM-2324,Mobile Hanger Rack,km-23,https://www.tanko.com.tw/en/products-detail/km-23/,"{""Panel"": ""Perforated (2) + Louvred (4)"", ""Color"": ""Gray""}",W1072xD613xH1571 mm,Steel,,1,https://www.tanko.com.tw/upload/catalog_package_b/ALL_catalog_package_25B04_48JKBmBXjF.jpg,C:\Users\User\OneDrive\tanko seo\assets\product\KM-2324.jpg
KP-17,KP-17,Shelf,kp-17,https://www.tanko.com.tw/en/products-detail/kp-17/,"{""Dimensions"": ""W900xD300"", ""color"": ""Gray""}",W900xD300,Steel,,1,https://www.tanko.com.tw/upload/catalog_package_b/ALL_catalog_package_24C05_A09b4cQBGw.png,C:\Users\User\OneDrive\tanko seo\assets\product\KP-17.png
KP-3305,KP-3305,Metal Hook,kp-3,https://www.tanko.com.tw/en/products-detail/kp-3/,"{""Type"": ""Single hook (L50)"", ""Quantity"": ""10pcs""}",,,,1,https://www.tanko.com.tw/upload/catalog_package_b/ALL_catalog_package_24C01_haHsaR2s2Y.png,C:\Users\User\OneDrive\tanko seo\assets\product\KP-3305.png
KP-3108,KP-3108,Metal Hook,kp-3,https://www.tanko.com.tw/en/products-detail/kp-3/,"{""Type"": ""Single hook (L80)"", ""Quantity"": ""10pcs""}",,,,1,https://www.tanko.com.tw/upload/catalog_package_b/ALL_catalog_package_24C01_BlpkFqDIzy.png,C:\Users\User\OneDrive\tanko seo\assets\product\KP-3108.png
KP-3112,KP-3112,Metal Hook,kp-3,https://www.tanko.com.tw/en/products-detail/kp-3/,"{""Type"": ""Single hook (L120)"", ""Quantity"": ""10pcs""}",,,,1,https://www.tanko.com.tw/upload/catalog_package_b/ALL_catalog_package_24C01_nEXhDDsvMl.png,C:\Users\User\OneDrive\tanko seo\assets\product\KP-3112.png
KP-3116,KP-3116,Metal Hook,kp-3,https://www.tanko.com.tw/en/products-detail/kp-3/,"{""Type"": ""Single hook (L160)"", ""Quantity"": ""10pcs""}",,,,1,https://www.tanko.com.tw/upload/catalog_package_b/ALL_catalog_package_24C01_rYM8267LPo.png,C:\Users\User\OneDrive\tanko seo\assets\product\KP-3116.png
KP-3130,KP-3130,Metal Hook,kp-3,https://www.tanko.com.tw/en/products-detail/kp-3/,"{""Type"": ""Single hook (L300)"", ""Quantity"": ""10pcs""}",,,,1,https://www.tanko.com.tw/upload/catalog_package_b/ALL_catalog_package_24C01_7Yi3c6bCkk.png,C:\Users\User\OneDrive\tanko seo\assets\product\KP-3130.png
KP-3405,KP-3405,Metal Hook,kp-3,https://www.tanko.com.tw/en/products-detail/kp-3/,"{""Type"": ""Double hook (L50)"", ""Quantity"": ""10pcs""}",,,,1,https://www.tanko.com.tw/upload/catalog_package_b/ALL_catalog_package_24C01_U7fIRxWrYF.png,C:\Users\User\OneDrive\tanko seo\assets\product\KP-3405.png
KP-3208,KP-3208,Metal Hook,kp-3,https://www.tanko.com.tw/en/products-detail/kp-3/,"{""Type"": ""Double hook (L80)"", ""Quantity"": ""10pcs""}",,,,1,https://www.tanko.com.tw/upload/catalog_package_b/ALL_catalog_package_24C01_FRbMoj94FF.png,C:\Users\User\OneDrive\tanko seo\assets\product\KP-3208.png
KP-3212,KP-3212,Metal Hook,kp-3,https://www.tanko.com.tw/en/products-detail/kp-3/,"{""Type"": ""Double hook (L120)"", ""Quantity"": ""10pcs""}",,,,1,https://www.tanko.com.tw/upload/catalog_package_b/ALL_catalog_package_24C01_ec7HbBVtXW.png,C:\Users\User\OneDrive\tanko seo\assets\product\KP-3212.png
KP-3216,KP-3216,Metal Hook,kp-3,https://www.tanko.com.tw/en/products-detail/kp-3/,"{""Type"": ""Double hook (L160)"", ""Quantity"": ""10pcs""}",,,,1,https://www.tanko.com.tw/upload/catalog_package_b/ALL_catalog_package_24C01_XthiJk2Bt2.png,C:\Users\User\OneDrive\tanko seo\assets\product\KP-3216.png
KP-3230,KP-3230,Metal Hook,kp-3,https://www.tanko.com.tw/en/products-detail/kp-3/,"{""Type"": ""Double hook (L300)"", ""Quantity"": ""10pcs""}",,,,1,https://www.tanko.com.tw/upload/catalog_package_b/ALL_catalog_package_24C01_mJc6pyDz7f.png,C:\Users\User\OneDrive\tanko seo\assets\product\KP-3230.png
KP-3502,KP-3502,Metal Hook,kp-3,https://www.tanko.com.tw/en/products-detail/kp-3/,"{""Type"": ""Loop hook-S (Ø20)"", ""Quantity"": ""10pcs""}",,,,1,https://www.tanko.com.tw/upload/catalog_package_b/ALL_catalog_package_24C01_12QeBJadXa.png,C:\Users\User\OneDrive\tanko seo\assets\product\KP-3502.png
KP-3503,KP-3503,Metal Hook,kp-3,https://www.tanko.com.tw/en/products-detail/kp-3/,"{""Type"": ""Loop hook-S (Ø30)"", ""Quantity"": ""10pcs""}",,,,1,https://www.tanko.com.tw/upload/catalog_package_b/ALL_catalog_package_24C01_youQ04uthd.png,C:\Users\User\OneDrive\tanko seo\assets\product\KP-3503.png
KP-3506,KP-3506,Metal Hook,kp-3,https://www.tanko.com.tw/en/products-detail/kp-3/,"{""Type"": ""Loop hook-L (Ø60)"", ""Quantity"": ""10pcs""}",,,,1,https://www.tanko.com.tw/upload/catalog_package_b/ALL_catalog_package_24C01_UYNP7mUbNZ.png,C:\Users\User\OneDrive\tanko seo\assets\product\KP-3506.png
KP-3510,KP-3510,Metal Hook,kp-3,https://www.tanko.com.tw/en/products-detail/kp-3/,"{""Type"": ""Loop hook-L (Ø100)"", ""Quantity"": ""10pcs""}",,,,1,https://www.tanko.com.tw/upload/catalog_package_b/ALL_catalog_package_24C01_LvxxcBAEyS.png,C:\Users\User\OneDrive\tanko seo\assets\product\KP-3510.png
KP-3805,KP-3805,Metal Hook,kp-3,https://www.tanko.com.tw/en/products-detail/kp-3/,"{""Type"": ""U hook (L50)"", ""Quantity"": ""10pcs""}",,,,1,https://www.tanko.com.tw/upload/catalog_package_b/ALL_catalog_package_24C01_HjQ8XDhgp8.png,C:\Users\User\OneDrive\tanko seo\assets\product\KP-3805.png
KP-3810,KP-3810,Metal Hook,kp-3,https://www.tanko.com.tw/en/products-detail/kp-3/,"{""Type"": ""U hook (L100)"", ""Quantity"": ""10pcs""}",,,,1,https://www.tanko.com.tw/upload/catalog_package_b/ALL_catalog_package_24C01_D8uYVSIdjd.png,C:\Users\User\OneDrive\tanko seo\assets\product\KP-3810.png
KP-3705,KP-3705,Metal Hook,kp-3,https://www.tanko.com.tw/en/products-detail/kp-3/,"{""Type"": ""Semicircle hook (L50)"", ""Quantity"": ""10pcs""}",,,,1,https://www.tanko.com.tw/upload/catalog_package_b/ALL_catalog_package_24C01_fi3tJhNxzd.png,C:\Users\User\OneDrive\tanko seo\assets\product\KP-3705.png
KP-3709,KP-3709,Metal Hook,kp-3,https://www.tanko.com.tw/en/products-detail/kp-3/,"{""Type"": ""Semicircle hook (L90)"", ""Quantity"": ""10pcs""}",,,,1,https://www.tanko.com.tw/upload/catalog_package_b/ALL_catalog_package_24C01_NMsRlg9Bic.png,C:\Users\User\OneDrive\tanko seo\assets\product\KP-3709.png
KP-4114,KP-4114,Drill Holder,kp-41,https://www.tanko.com.tw/en/products-detail/kp-41/,"{""Specification"": ""Ø14x6+Ø19x4+Ø22x4"", ""NA"": ""NA""}",L390mm,Steel,,1,https://www.tanko.com.tw/upload/catalog_package_b/ALL_catalog_package_24C05_FkdgKpq0sm.png,C:\Users\User\OneDrive\tanko seo\assets\product\KP-4114.png
KP-4120,KP-4120,Drill Holder,kp-41,https://www.tanko.com.tw/en/products-detail/kp-41/,"{""Specification"": ""Ø5x8+Ø8x7+Ø13x5"", ""NA"": ""NA""}",L390mm,Steel,,1,https://www.tanko.com.tw/upload/catalog_package_b/ALL_catalog_package_24C05_ebQXLSVTQv.png,C:\Users\User\OneDrive\tanko seo\assets\product\KP-4120.png
KP-4213,KP-4213,Screwdriver Holder,kp-42,https://www.tanko.com.tw/en/products-detail/kp-42/,"{""Specification"": ""Ø8x7+Ø10x6"", ""NA"": ""NA""}",L390mm,Steel,,1,https://www.tanko.com.tw/upload/catalog_package_b/ALL_catalog_package_24C05_vq1oLOK2ss.png,C:\Users\User\OneDrive\tanko seo\assets\product\KP-4213.png
KP-4300,KP-4300,Bin Hanger,kp-43,https://www.tanko.com.tw/en/products-detail/kp-43/,"{""Quantity"": ""12 pcs"", ""NA"": ""NA""}",,Steel,,1,https://www.tanko.com.tw/upload/catalog_package_b/ALL_catalog_package_24C05_nblnex1y2r.png,C:\Users\User\OneDrive\tanko seo\assets\product\KP-4300.png
KP-4418,KP-4418,Clip Holder,kp-44,https://www.tanko.com.tw/en/products-detail/kp-44/,"{""Capacity"": ""18 clips"", ""NA"": ""NA""}",L430mm,,,1,https://www.tanko.com.tw/upload/catalog_package_b/ALL_catalog_package_24C05_UbJt6t3PIH.png,C:\Users\User\OneDrive\tanko seo\assets\product\KP-4418.png
KP-4504,KP-4504,T Handle Holder,kp-45,https://www.tanko.com.tw/en/products-detail/kp-45/,"{""Capacity"": ""4 pcs"", ""NA"": ""NA""}",W88xD110xH62mm,Steel,,1,https://www.tanko.com.tw/upload/catalog_package_b/ALL_catalog_package_24C05_M0kFIKdBVJ.png,C:\Users\User\OneDrive\tanko seo\assets\product\KP-4504.png
KP-4604,KP-4604,Bottle Holder,kp-46,https://www.tanko.com.tw/en/products-detail/kp-46/,"{""Capacity"": ""4 bottles"", ""NA"": ""NA""}",W390xD90xH85mm,Steel,,1,https://www.tanko.com.tw/upload/catalog_package_b/ALL_catalog_package_24C05_m97HxEWSYS.png,C:\Users\User\OneDrive\tanko seo\assets\product\KP-4604.png
KP-4802,KP-4802,Monitor Arm,kp-4802,https://www.tanko.com.tw/en/products-detail/kp-4802/,"{""Dimensions"": ""W134xH216 mm"", ""Display Size"": ""≤ 27 Inches""}",W134xH216 mm,,,1,https://www.tanko.com.tw/upload/catalog_package_b/ALL_catalog_package_26F12_vDA0puxxZ7.png,C:\Users\User\OneDrive\tanko seo\assets\product\KP-4802.png
KP-6101,KP-6101,Plastic Hook,kp-6,https://www.tanko.com.tw/en/products-detail/kp-6/,"{""Type"": ""Single hook-S (20pcs)"", ""Color"": ""Gray""}",,,,1,https://www.tanko.com.tw/upload/catalog_package_b/ALL_catalog_package_25E22_f5t6e9kUv3.png,C:\Users\User\OneDrive\tanko seo\assets\product\KP-6101-gray.png
KP-6101,KP-6101,Plastic Hook,kp-6,https://www.tanko.com.tw/en/products-detail/kp-6/,"{""Type"": ""Single hook-S (20pcs)"", ""Color"": ""Red""}",,,,1,https://www.tanko.com.tw/upload/catalog_package_b/ALL_catalog_package_24C01_TvCEpKbMVM.png,C:\Users\User\OneDrive\tanko seo\assets\product\KP-6101-red.png
KP-6102,KP-6102,Plastic Hook,kp-6,https://www.tanko.com.tw/en/products-detail/kp-6/,"{""Type"": ""Single hook-M (10pcs)"", ""Color"": ""Gray""}",,,,1,https://www.tanko.com.tw/upload/catalog_package_b/ALL_catalog_package_25E22_TyNjVMqwkw.png,C:\Users\User\OneDrive\tanko seo\assets\product\KP-6102.png
KP-6103,KP-6103,Plastic Hook,kp-6,https://www.tanko.com.tw/en/products-detail/kp-6/,"{""Type"": ""U hook (6pcs)"", ""Color"": ""Gray""}",,,,1,https://www.tanko.com.tw/upload/catalog_package_b/ALL_catalog_package_25E22_DZyhpMk9fY.png,C:\Users\User\OneDrive\tanko seo\assets\product\KP-6103-gray.png
KP-6103,KP-6103,Plastic Hook,kp-6,https://www.tanko.com.tw/en/products-detail/kp-6/,"{""Type"": ""U hook (6pcs)"", ""Color"": ""Red""}",,,,1,https://www.tanko.com.tw/upload/catalog_package_b/ALL_catalog_package_24C01_9Rd139E6PZ.png,C:\Users\User\OneDrive\tanko seo\assets\product\KP-6103-red.png
KP-6104,KP-6104,Plastic Hook,kp-6,https://www.tanko.com.tw/en/products-detail/kp-6/,"{""Type"": ""Spring Clips (10pcs)"", ""Color"": ""Gray""}",,,,1,https://www.tanko.com.tw/upload/catalog_package_b/ALL_catalog_package_25E22_A0AnFupW2A.png,C:\Users\User\OneDrive\tanko seo\assets\product\KP-6104-gray.png
KP-6104,KP-6104,Plastic Hook,kp-6,https://www.tanko.com.tw/en/products-detail/kp-6/,"{""Type"": ""Spring Clips (10pcs)"", ""Color"": ""Red""}",,,,1,https://www.tanko.com.tw/upload/catalog_package_b/ALL_catalog_package_24C01_1SOqlEWYG2.png,C:\Users\User\OneDrive\tanko seo\assets\product\KP-6104-red.png
KP-6308,KP-6308,Plastic Hook,kp-6,https://www.tanko.com.tw/en/products-detail/kp-6/,"{""Type"": ""Single hook-L (10pcs)"", ""Color"": ""Gray""}",,,,1,https://www.tanko.com.tw/upload/catalog_package_b/ALL_catalog_package_25E22_axSMzXkTsI.png,C:\Users\User\OneDrive\tanko seo\assets\product\KP-6308-gray.png
KP-6308,KP-6308,Plastic Hook,kp-6,https://www.tanko.com.tw/en/products-detail/kp-6/,"{""Type"": ""Single hook-L (10pcs)"", ""Color"": ""Red""}",,,,1,https://www.tanko.com.tw/upload/catalog_package_b/ALL_catalog_package_24C01_KtlZfVMXMh.png,C:\Users\User\OneDrive\tanko seo\assets\product\KP-6308-red.png
KP-6208,KP-6208,Plastic Hook,kp-6,https://www.tanko.com.tw/en/products-detail/kp-6/,"{""Type"": ""Double hook-L (10pcs)"", ""Color"": ""Gray""}",,,,1,https://www.tanko.com.tw/upload/catalog_package_b/ALL_catalog_package_25E22_joDx1hR0ch.png,C:\Users\User\OneDrive\tanko seo\assets\product\KP-6208-gray.png
KP-6208,KP-6208,Plastic Hook,kp-6,https://www.tanko.com.tw/en/products-detail/kp-6/,"{""Type"": ""Double hook-L (10pcs)"", ""Color"": ""Red""}",,,,1,https://www.tanko.com.tw/upload/catalog_package_b/ALL_catalog_package_24C01_Ely8K9aV4r.png,C:\Users\User\OneDrive\tanko seo\assets\product\KP-6208-red.png
KPQ-B,KPQ-B,Plastic Hook,kp-6,https://www.tanko.com.tw/en/products-detail/kp-6/,"{""Type"": ""Hooks Set (12pcs)"", ""Color"": ""Gray""}",,,,2,https://www.tanko.com.tw/upload/catalog_package_b/ALL_catalog_package_25E22_9VlNi0IPVR.png,C:\Users\User\OneDrive\tanko seo\assets\product\KPQ-B-gray.png
KPQ-B,KPQ-B,Plastic Hook,kp-6,https://www.tanko.com.tw/en/products-detail/kp-6/,"{""Type"": ""Hooks Set (12pcs)"", ""Color"": ""Red""}",,,,1,https://www.tanko.com.tw/upload/catalog_package_b/ALL_catalog_package_24C01_gihAg3En4G.png,C:\Users\User\OneDrive\tanko seo\assets\product\KPQ-B-red.png
KP-6109 (Gray),KP-6109 (Gray),Wrench Holder,kp-6109,https://www.tanko.com.tw/en/products-detail/kp-6109/,"{""Material"": ""ABS"", ""Color"": ""Gray""}",W120xH220mm,ABS,,1,https://www.tanko.com.tw/upload/catalog_package_b/ALL_catalog_package_25G11_GiOX2IBf8S.png,C:\Users\User\OneDrive\tanko seo\assets\product\KP-6109(GRAY).png
KP-6109 (Red),KP-6109 (Red),Wrench Holder,kp-6109,https://www.tanko.com.tw/en/products-detail/kp-6109/,"{""Material"": ""ABS"", ""Color"": ""Red""}",W120xH220mm,ABS,,1,https://www.tanko.com.tw/upload/catalog_package_b/ALL_catalog_package_24C05_QQQp0ECkmM.png,C:\Users\User\OneDrive\tanko seo\assets\product\KP-6109(RED).png
KP-7203,KP-7203,Stainless Steel Hook,kp-7,https://www.tanko.com.tw/en/products-detail/kp-7/,"{""Type"": ""V hook"", ""Color"": ""White""}",,,,1,https://www.tanko.com.tw/upload/catalog_package_b/ALL_catalog_package_24C04_vpdlXIpmFH.png,C:\Users\User\OneDrive\tanko seo\assets\product\KP-7203-white.png
KP-7203,KP-7203,Stainless Steel Hook,kp-7,https://www.tanko.com.tw/en/products-detail/kp-7/,"{""Type"": ""V hook"", ""Color"": ""Green""}",,,,1,https://www.tanko.com.tw/upload/catalog_package_b/ALL_catalog_package_24C04_me7Hts74t1.png,C:\Users\User\OneDrive\tanko seo\assets\product\KP-7203-green.png
KP-7203,KP-7203,Stainless Steel Hook,kp-7,https://www.tanko.com.tw/en/products-detail/kp-7/,"{""Type"": ""V hook"", ""Color"": ""Yellow""}",,,,1,https://www.tanko.com.tw/upload/catalog_package_b/ALL_catalog_package_24C04_QuqgGBrk2r.png,C:\Users\User\OneDrive\tanko seo\assets\product\KP-7203-yellow.png
KP-7203,KP-7203,Stainless Steel Hook,kp-7,https://www.tanko.com.tw/en/products-detail/kp-7/,"{""Type"": ""V hook"", ""Color"": ""Orange""}",,,,1,https://www.tanko.com.tw/upload/catalog_package_b/ALL_catalog_package_24C04_dWwcn8ralV.png,C:\Users\User\OneDrive\tanko seo\assets\product\KP-7203-orange.png
KP-7203,KP-7203,Stainless Steel Hook,kp-7,https://www.tanko.com.tw/en/products-detail/kp-7/,"{""Type"": ""V hook"", ""Color"": ""Pink""}",,,,1,https://www.tanko.com.tw/upload/catalog_package_b/ALL_catalog_package_24C04_3tG4IsV4Gy.png,C:\Users\User\OneDrive\tanko seo\assets\product\KP-7203-pink.png
KP-7203,KP-7203,Stainless Steel Hook,kp-7,https://www.tanko.com.tw/en/products-detail/kp-7/,"{""Type"": ""V hook"", ""Color"": ""Red""}",,,,1,https://www.tanko.com.tw/upload/catalog_package_b/ALL_catalog_package_24C04_EWhBhuvWjJ.png,C:\Users\User\OneDrive\tanko seo\assets\product\KP-7203-red.png
KP-7203,KP-7203,Stainless Steel Hook,kp-7,https://www.tanko.com.tw/en/products-detail/kp-7/,"{""Type"": ""V hook"", ""Color"": ""Blue""}",,,,1,https://www.tanko.com.tw/upload/catalog_package_b/ALL_catalog_package_24C04_dQSeEg1T6F.png,C:\Users\User\OneDrive\tanko seo\assets\product\KP-7203-blue.png
KP-7203,KP-7203,Stainless Steel Hook,kp-7,https://www.tanko.com.tw/en/products-detail/kp-7/,"{""Type"": ""V hook"", ""Color"": ""Black""}",,,,1,https://www.tanko.com.tw/upload/catalog_package_b/ALL_catalog_package_24C01_ThTb5RvHyU.png,C:\Users\User\OneDrive\tanko seo\assets\product\KP-7203-black.png
KP-7108,KP-7108,Stainless Steel Hook,kp-7,https://www.tanko.com.tw/en/products-detail/kp-7/,"{""Type"": ""L hook"", ""Color"": ""White""}",,,,1,https://www.tanko.com.tw/upload/catalog_package_b/ALL_catalog_package_24C04_N72V4I3K8W.png,C:\Users\User\OneDrive\tanko seo\assets\product\KP-7108-white.png
KP-7108,KP-7108,Stainless Steel Hook,kp-7,https://www.tanko.com.tw/en/products-detail/kp-7/,"{""Type"": ""L hook"", ""Color"": ""Green""}",,,,1,https://www.tanko.com.tw/upload/catalog_package_b/ALL_catalog_package_24C04_BFWnN1pUoY.png,C:\Users\User\OneDrive\tanko seo\assets\product\KP-7108-green.png
KP-7108,KP-7108,Stainless Steel Hook,kp-7,https://www.tanko.com.tw/en/products-detail/kp-7/,"{""Type"": ""L hook"", ""Color"": ""Yellow""}",,,,1,https://www.tanko.com.tw/upload/catalog_package_b/ALL_catalog_package_24C04_dzVRJHjjEH.png,C:\Users\User\OneDrive\tanko seo\assets\product\KP-7108-yellow.png
KP-7108,KP-7108,Stainless Steel Hook,kp-7,https://www.tanko.com.tw/en/products-detail/kp-7/,"{""Type"": ""L hook"", ""Color"": ""Orange""}",,,,1,https://www.tanko.com.tw/upload/catalog_package_b/ALL_catalog_package_24C04_s7CDwsN8mw.png,C:\Users\User\OneDrive\tanko seo\assets\product\KP-7108-orange.png
KP-7108,KP-7108,Stainless Steel Hook,kp-7,https://www.tanko.com.tw/en/products-detail/kp-7/,"{""Type"": ""L hook"", ""Color"": ""Pink""}",,,,1,https://www.tanko.com.tw/upload/catalog_package_b/ALL_catalog_package_24C04_wKfwtRrCA4.png,C:\Users\User\OneDrive\tanko seo\assets\product\KP-7108-pink.png
KP-7108,KP-7108,Stainless Steel Hook,kp-7,https://www.tanko.com.tw/en/products-detail/kp-7/,"{""Type"": ""L hook"", ""Color"": ""Red""}",,,,1,https://www.tanko.com.tw/upload/catalog_package_b/ALL_catalog_package_24C04_nzoGRrzfeQ.png,C:\Users\User\OneDrive\tanko seo\assets\product\KP-7108-red.png
KP-7108,KP-7108,Stainless Steel Hook,kp-7,https://www.tanko.com.tw/en/products-detail/kp-7/,"{""Type"": ""L hook"", ""Color"": ""Blue""}",,,,1,https://www.tanko.com.tw/upload/catalog_package_b/ALL_catalog_package_24C04_gskK9T2Rek.png,C:\Users\User\OneDrive\tanko seo\assets\product\KP-7108-blue.png
KP-7108,KP-7108,Stainless Steel Hook,kp-7,https://www.tanko.com.tw/en/products-detail/kp-7/,"{""Type"": ""L hook"", ""Color"": ""Black""}",,,,1,https://www.tanko.com.tw/upload/catalog_package_b/ALL_catalog_package_24C04_uyEjfFjmVf.png,C:\Users\User\OneDrive\tanko seo\assets\product\KP-7108-black.png
KP-7604,KP-7604,Stainless Steel Hook,kp-7,https://www.tanko.com.tw/en/products-detail/kp-7/,"{""Type"": ""Closed end hook - S"", ""Color"": ""White""}",,,,1,https://www.tanko.com.tw/upload/catalog_package_b/ALL_catalog_package_24C04_vsgJm013xn.png,C:\Users\User\OneDrive\tanko seo\assets\product\KP-7604-white.png
KP-7604,KP-7604,Stainless Steel Hook,kp-7,https://www.tanko.com.tw/en/products-detail/kp-7/,"{""Type"": ""Closed end hook - S"", ""Color"": ""Green""}",,,,1,https://www.tanko.com.tw/upload/catalog_package_b/ALL_catalog_package_24C04_UeDWpzf4WU.png,C:\Users\User\OneDrive\tanko seo\assets\product\KP-7604-green.png
KP-7604,KP-7604,Stainless Steel Hook,kp-7,https://www.tanko.com.tw/en/products-detail/kp-7/,"{""Type"": ""Closed end hook - S"", ""Color"": ""Yellow""}",,,,1,https://www.tanko.com.tw/upload/catalog_package_b/ALL_catalog_package_24C04_cZ2kDEmHlR.png,C:\Users\User\OneDrive\tanko seo\assets\product\KP-7604-yellow.png
KP-7604,KP-7604,Stainless Steel Hook,kp-7,https://www.tanko.com.tw/en/products-detail/kp-7/,"{""Type"": ""Closed end hook - S"", ""Color"": ""Orange""}",,,,1,https://www.tanko.com.tw/upload/catalog_package_b/ALL_catalog_package_24C04_7CGRRFItij.png,C:\Users\User\OneDrive\tanko seo\assets\product\KP-7604-orange.png
KP-7604,KP-7604,Stainless Steel Hook,kp-7,https://www.tanko.com.tw/en/products-detail/kp-7/,"{""Type"": ""Closed end hook - S"", ""Color"": ""Pink""}",,,,1,https://www.tanko.com.tw/upload/catalog_package_b/ALL_catalog_package_24C04_WMC2t464Es.png,C:\Users\User\OneDrive\tanko seo\assets\product\KP-7604-pink.png
KP-7604,KP-7604,Stainless Steel Hook,kp-7,https://www.tanko.com.tw/en/products-detail/kp-7/,"{""Type"": ""Closed end hook - S"", ""Color"": ""Red""}",,,,1,https://www.tanko.com.tw/upload/catalog_package_b/ALL_catalog_package_24C04_mLk9kHK2OP.png,C:\Users\User\OneDrive\tanko seo\assets\product\KP-7604-red.png
KP-7604,KP-7604,Stainless Steel Hook,kp-7,https://www.tanko.com.tw/en/products-detail/kp-7/,"{""Type"": ""Closed end hook - S"", ""Color"": ""Blue""}",,,,1,https://www.tanko.com.tw/upload/catalog_package_b/ALL_catalog_package_24C04_DN6v498n1i.png,C:\Users\User\OneDrive\tanko seo\assets\product\KP-7604-blue.png
KP-7604,KP-7604,Stainless Steel Hook,kp-7,https://www.tanko.com.tw/en/products-detail/kp-7/,"{""Type"": ""Closed end hook - S"", ""Color"": ""Black""}",,,,1,https://www.tanko.com.tw/upload/catalog_package_b/ALL_catalog_package_24C04_X8UwFCuHrf.png,C:\Users\User\OneDrive\tanko seo\assets\product\KP-7604-black.png
KP-7308,KP-7308,Stainless Steel Hook,kp-7,https://www.tanko.com.tw/en/products-detail/kp-7/,"{""Type"": ""Closed end hook - L"", ""Color"": ""White""}",,,,1,https://www.tanko.com.tw/upload/catalog_package_b/ALL_catalog_package_24C04_NOXwADCKBe.png,C:\Users\User\OneDrive\tanko seo\assets\product\KP-7308-white.png
KP-7308,KP-7308,Stainless Steel Hook,kp-7,https://www.tanko.com.tw/en/products-detail/kp-7/,"{""Type"": ""Closed end hook - L"", ""Color"": ""Green""}",,,,1,https://www.tanko.com.tw/upload/catalog_package_b/ALL_catalog_package_24C04_w7VMuEKXz9.png,C:\Users\User\OneDrive\tanko seo\assets\product\KP-7308-green.png
KP-7308,KP-7308,Stainless Steel Hook,kp-7,https://www.tanko.com.tw/en/products-detail/kp-7/,"{""Type"": ""Closed end hook - L"", ""Color"": ""Yellow""}",,,,1,https://www.tanko.com.tw/upload/catalog_package_b/ALL_catalog_package_24C04_cPM0u9wW0U.png,C:\Users\User\OneDrive\tanko seo\assets\product\KP-7308-yellow.png
KP-7308,KP-7308,Stainless Steel Hook,kp-7,https://www.tanko.com.tw/en/products-detail/kp-7/,"{""Type"": ""Closed end hook - L"", ""Color"": ""Orange""}",,,,1,https://www.tanko.com.tw/upload/catalog_package_b/ALL_catalog_package_24C04_MEBjwyNYMY.png,C:\Users\User\OneDrive\tanko seo\assets\product\KP-7308-orange.png
KP-7308,KP-7308,Stainless Steel Hook,kp-7,https://www.tanko.com.tw/en/products-detail/kp-7/,"{""Type"": ""Closed end hook - L"", ""Color"": ""Pink""}",,,,1,https://www.tanko.com.tw/upload/catalog_package_b/ALL_catalog_package_24C04_Irjm6IPV5y.png,C:\Users\User\OneDrive\tanko seo\assets\product\KP-7308-pink.png
KP-7308,KP-7308,Stainless Steel Hook,kp-7,https://www.tanko.com.tw/en/products-detail/kp-7/,"{""Type"": ""Closed end hook - L"", ""Color"": ""Red""}",,,,1,https://www.tanko.com.tw/upload/catalog_package_b/ALL_catalog_package_24C04_3j2DBGYuaU.png,C:\Users\User\OneDrive\tanko seo\assets\product\KP-7308-red.png
KP-7308,KP-7308,Stainless Steel Hook,kp-7,https://www.tanko.com.tw/en/products-detail/kp-7/,"{""Type"": ""Closed end hook - L"", ""Color"": ""Blue""}",,,,1,https://www.tanko.com.tw/upload/catalog_package_b/ALL_catalog_package_24C04_OozYkYFijK.png,C:\Users\User\OneDrive\tanko seo\assets\product\KP-7308-blue.png
KP-7308,KP-7308,Stainless Steel Hook,kp-7,https://www.tanko.com.tw/en/products-detail/kp-7/,"{""Type"": ""Closed end hook - L"", ""Color"": ""Black""}",,,,1,https://www.tanko.com.tw/upload/catalog_package_b/ALL_catalog_package_24C04_V62uyY2KbU.png,C:\Users\User\OneDrive\tanko seo\assets\product\KP-7308-black.png
KP-7502,KP-7502,Stainless Steel Hook,kp-7,https://www.tanko.com.tw/en/products-detail/kp-7/,"{""Type"": ""Loop hook-S"", ""Color"": ""White""}",,,,1,https://www.tanko.com.tw/upload/catalog_package_b/ALL_catalog_package_24C04_911aSDrKXa.png,C:\Users\User\OneDrive\tanko seo\assets\product\KP-7502-white.png
KP-7502,KP-7502,Stainless Steel Hook,kp-7,https://www.tanko.com.tw/en/products-detail/kp-7/,"{""Type"": ""Loop hook-S"", ""Color"": ""Green""}",,,,1,https://www.tanko.com.tw/upload/catalog_package_b/ALL_catalog_package_24C04_7rfJhV8JOP.png,C:\Users\User\OneDrive\tanko seo\assets\product\KP-7502-green.png
KP-7502,KP-7502,Stainless Steel Hook,kp-7,https://www.tanko.com.tw/en/products-detail/kp-7/,"{""Type"": ""Loop hook-S"", ""Color"": ""Yellow""}",,,,1,https://www.tanko.com.tw/upload/catalog_package_b/ALL_catalog_package_24C04_b4XQenMVKr.png,C:\Users\User\OneDrive\tanko seo\assets\product\KP-7502-yellow.png
KP-7502,KP-7502,Stainless Steel Hook,kp-7,https://www.tanko.com.tw/en/products-detail/kp-7/,"{""Type"": ""Loop hook-S"", ""Color"": ""Orange""}",,,,1,https://www.tanko.com.tw/upload/catalog_package_b/ALL_catalog_package_24C04_9XydYjolUn.png,C:\Users\User\OneDrive\tanko seo\assets\product\KP-7502-orange.png
KP-7502,KP-7502,Stainless Steel Hook,kp-7,https://www.tanko.com.tw/en/products-detail/kp-7/,"{""Type"": ""Loop hook-S"", ""Color"": ""Pink""}",,,,1,https://www.tanko.com.tw/upload/catalog_package_b/ALL_catalog_package_24C04_4szlESv9t0.png,C:\Users\User\OneDrive\tanko seo\assets\product\KP-7502-pink.png
KP-7502,KP-7502,Stainless Steel Hook,kp-7,https://www.tanko.com.tw/en/products-detail/kp-7/,"{""Type"": ""Loop hook-S"", ""Color"": ""Red""}",,,,1,https://www.tanko.com.tw/upload/catalog_package_b/ALL_catalog_package_24C04_NjysyKy1Q3.png,C:\Users\User\OneDrive\tanko seo\assets\product\KP-7502-red.png
KP-7502,KP-7502,Stainless Steel Hook,kp-7,https://www.tanko.com.tw/en/products-detail/kp-7/,"{""Type"": ""Loop hook-S"", ""Color"": ""Blue""}",,,,1,https://www.tanko.com.tw/upload/catalog_package_b/ALL_catalog_package_24C04_c9aKKM0bif.png,C:\Users\User\OneDrive\tanko seo\assets\product\KP-7502-blue.png
KP-7502,KP-7502,Stainless Steel Hook,kp-7,https://www.tanko.com.tw/en/products-detail/kp-7/,"{""Type"": ""Loop hook-S"", ""Color"": ""Black""}",,,,1,https://www.tanko.com.tw/upload/catalog_package_b/ALL_catalog_package_24C04_lAiBPEEGfG.png,C:\Users\User\OneDrive\tanko seo\assets\product\KP-7502-black.png
KP-7506,KP-7506,Stainless Steel Hook,kp-7,https://www.tanko.com.tw/en/products-detail/kp-7/,"{""Type"": ""Loop hook-M"", ""Color"": ""White""}",,,,1,https://www.tanko.com.tw/upload/catalog_package_b/ALL_catalog_package_24C04_nTQ8107aMp.png,C:\Users\User\OneDrive\tanko seo\assets\product\KP-7506-white.png
KP-7506,KP-7506,Stainless Steel Hook,kp-7,https://www.tanko.com.tw/en/products-detail/kp-7/,"{""Type"": ""Loop hook-M"", ""Color"": ""Green""}",,,,1,https://www.tanko.com.tw/upload/catalog_package_b/ALL_catalog_package_24C04_IvtBvolfas.png,C:\Users\User\OneDrive\tanko seo\assets\product\KP-7506-green.png
KP-7506,KP-7506,Stainless Steel Hook,kp-7,https://www.tanko.com.tw/en/products-detail/kp-7/,"{""Type"": ""Loop hook-M"", ""Color"": ""Yellow""}",,,,1,https://www.tanko.com.tw/upload/catalog_package_b/ALL_catalog_package_24C04_smz9RWygUL.png,C:\Users\User\OneDrive\tanko seo\assets\product\KP-7506-yellow.png
KP-7506,KP-7506,Stainless Steel Hook,kp-7,https://www.tanko.com.tw/en/products-detail/kp-7/,"{""Type"": ""Loop hook-M"", ""Color"": ""Orange""}",,,,1,https://www.tanko.com.tw/upload/catalog_package_b/ALL_catalog_package_24C04_PZCspiImDq.png,C:\Users\User\OneDrive\tanko seo\assets\product\KP-7506-orange.png
KP-7506,KP-7506,Stainless Steel Hook,kp-7,https://www.tanko.com.tw/en/products-detail/kp-7/,"{""Type"": ""Loop hook-M"", ""Color"": ""Pink""}",,,,1,https://www.tanko.com.tw/upload/catalog_package_b/ALL_catalog_package_24C04_onRodChBb4.png,C:\Users\User\OneDrive\tanko seo\assets\product\KP-7506-pink.png
KP-7506,KP-7506,Stainless Steel Hook,kp-7,https://www.tanko.com.tw/en/products-detail/kp-7/,"{""Type"": ""Loop hook-M"", ""Color"": ""Red""}",,,,1,https://www.tanko.com.tw/upload/catalog_package_b/ALL_catalog_package_24C04_SYnwGb38Zp.png,C:\Users\User\OneDrive\tanko seo\assets\product\KP-7506-red.png
KP-7506,KP-7506,Stainless Steel Hook,kp-7,https://www.tanko.com.tw/en/products-detail/kp-7/,"{""Type"": ""Loop hook-M"", ""Color"": ""Blue""}",,,,1,https://www.tanko.com.tw/upload/catalog_package_b/ALL_catalog_package_24C04_JJ6Jby4dxm.png,C:\Users\User\OneDrive\tanko seo\assets\product\KP-7506-blue.png
KP-7506,KP-7506,Stainless Steel Hook,kp-7,https://www.tanko.com.tw/en/products-detail/kp-7/,"{""Type"": ""Loop hook-M"", ""Color"": ""Black""}",,,,1,https://www.tanko.com.tw/upload/catalog_package_b/ALL_catalog_package_24C04_CUAdi06ZaX.png,C:\Users\User\OneDrive\tanko seo\assets\product\KP-7506-black.png
KP-7510,KP-7510,Stainless Steel Hook,kp-7,https://www.tanko.com.tw/en/products-detail/kp-7/,"{""Type"": ""Loop hook-L"", ""Color"": ""White""}",,,,1,https://www.tanko.com.tw/upload/catalog_package_b/ALL_catalog_package_24C04_gOBE79xr3T.png,C:\Users\User\OneDrive\tanko seo\assets\product\KP-7510-white.png
KP-7510,KP-7510,Stainless Steel Hook,kp-7,https://www.tanko.com.tw/en/products-detail/kp-7/,"{""Type"": ""Loop hook-L"", ""Color"": ""Green""}",,,,1,https://www.tanko.com.tw/upload/catalog_package_b/ALL_catalog_package_24C04_C7wUwWFmkE.png,C:\Users\User\OneDrive\tanko seo\assets\product\KP-7510-green.png
KP-7510,KP-7510,Stainless Steel Hook,kp-7,https://www.tanko.com.tw/en/products-detail/kp-7/,"{""Type"": ""Loop hook-L"", ""Color"": ""Yellow""}",,,,1,https://www.tanko.com.tw/upload/catalog_package_b/ALL_catalog_package_24C04_3ORfvaUBCw.png,C:\Users\User\OneDrive\tanko seo\assets\product\KP-7510-yellow.png
KP-7510,KP-7510,Stainless Steel Hook,kp-7,https://www.tanko.com.tw/en/products-detail/kp-7/,"{""Type"": ""Loop hook-L"", ""Color"": ""Orange""}",,,,1,https://www.tanko.com.tw/upload/catalog_package_b/ALL_catalog_package_24C04_Hau7otL3Ni.png,C:\Users\User\OneDrive\tanko seo\assets\product\KP-7510-orange.png
KP-7510,KP-7510,Stainless Steel Hook,kp-7,https://www.tanko.com.tw/en/products-detail/kp-7/,"{""Type"": ""Loop hook-L"", ""Color"": ""Pink""}",,,,1,https://www.tanko.com.tw/upload/catalog_package_b/ALL_catalog_package_24C04_GsnMpY1g9J.png,C:\Users\User\OneDrive\tanko seo\assets\product\KP-7510-pink.png
KP-7510,KP-7510,Stainless Steel Hook,kp-7,https://www.tanko.com.tw/en/products-detail/kp-7/,"{""Type"": ""Loop hook-L"", ""Color"": ""Red""}",,,,1,https://www.tanko.com.tw/upload/catalog_package_b/ALL_catalog_package_24C04_DVsJfkPM3c.png,C:\Users\User\OneDrive\tanko seo\assets\product\KP-7510-red.png
KP-7510,KP-7510,Stainless Steel Hook,kp-7,https://www.tanko.com.tw/en/products-detail/kp-7/,"{""Type"": ""Loop hook-L"", ""Color"": ""Blue""}",,,,1,https://www.tanko.com.tw/upload/catalog_package_b/ALL_catalog_package_24C04_kFsucPYiC5.png,C:\Users\User\OneDrive\tanko seo\assets\product\KP-7510-blue.png
KP-7510,KP-7510,Stainless Steel Hook,kp-7,https://www.tanko.com.tw/en/products-detail/kp-7/,"{""Type"": ""Loop hook-L"", ""Color"": ""Black""}",,,,1,https://www.tanko.com.tw/upload/catalog_package_b/ALL_catalog_package_24C04_Zci6KbqaKg.png,C:\Users\User\OneDrive\tanko seo\assets\product\KP-7510-black.png
KPQ-C,KPQ-C,Stainless Steel Hook,kp-7,https://www.tanko.com.tw/en/products-detail/kp-7/,"{""Type"": ""Hooks Set"", ""Color"": ""White""}",,,,1,https://www.tanko.com.tw/upload/catalog_package_b/ALL_catalog_package_24C04_PRc4irPATT.png,C:\Users\User\OneDrive\tanko seo\assets\product\KPQ-C-white.png
KPQ-C,KPQ-C,Stainless Steel Hook,kp-7,https://www.tanko.com.tw/en/products-detail/kp-7/,"{""Type"": ""Hooks Set"", ""Color"": ""Green""}",,,,1,https://www.tanko.com.tw/upload/catalog_package_b/ALL_catalog_package_24C04_9NADFIHXLy.png,C:\Users\User\OneDrive\tanko seo\assets\product\KPQ-C-green.png
KPQ-C,KPQ-C,Stainless Steel Hook,kp-7,https://www.tanko.com.tw/en/products-detail/kp-7/,"{""Type"": ""Hooks Set"", ""Color"": ""Yellow""}",,,,1,https://www.tanko.com.tw/upload/catalog_package_b/ALL_catalog_package_24C04_IpnL8U5N91.png,C:\Users\User\OneDrive\tanko seo\assets\product\KPQ-C-yellow.png
KPQ-C,KPQ-C,Stainless Steel Hook,kp-7,https://www.tanko.com.tw/en/products-detail/kp-7/,"{""Type"": ""Hooks Set"", ""Color"": ""Orange""}",,,,1,https://www.tanko.com.tw/upload/catalog_package_b/ALL_catalog_package_24C01_KvQbqLwt5q.png,C:\Users\User\OneDrive\tanko seo\assets\product\KPQ-C-orange.png
KPQ-C,KPQ-C,Stainless Steel Hook,kp-7,https://www.tanko.com.tw/en/products-detail/kp-7/,"{""Type"": ""Hooks Set"", ""Color"": ""Pink""}",,,,1,https://www.tanko.com.tw/upload/catalog_package_b/ALL_catalog_package_24C01_Q8U7fqIGCu.png,C:\Users\User\OneDrive\tanko seo\assets\product\KPQ-C-pink.png
KPQ-C,KPQ-C,Stainless Steel Hook,kp-7,https://www.tanko.com.tw/en/products-detail/kp-7/,"{""Type"": ""Hooks Set"", ""Color"": ""Red""}",,,,1,https://www.tanko.com.tw/upload/catalog_package_b/ALL_catalog_package_24C01_eWszwsjLbi.png,C:\Users\User\OneDrive\tanko seo\assets\product\KPQ-C-red.png
KPQ-C,KPQ-C,Stainless Steel Hook,kp-7,https://www.tanko.com.tw/en/products-detail/kp-7/,"{""Type"": ""Hooks Set"", ""Color"": ""Blue""}",,,,1,https://www.tanko.com.tw/upload/catalog_package_b/ALL_catalog_package_24C01_vedzksixGD.png,C:\Users\User\OneDrive\tanko seo\assets\product\KPQ-C-blue.png
KPQ-C,KPQ-C,Stainless Steel Hook,kp-7,https://www.tanko.com.tw/en/products-detail/kp-7/,"{""Type"": ""Hooks Set"", ""Color"": ""Black""}",,,,1,https://www.tanko.com.tw/upload/catalog_package_b/ALL_catalog_package_24C01_LDf5EucDWG.png,C:\Users\User\OneDrive\tanko seo\assets\product\KPQ-C-black.png
KPQ-4301 (Blue),KPQ-4301 (Blue),Hanging Bin Set,kpq-4301,https://www.tanko.com.tw/en/products-detail/kpq-4301/,"{""Bins"": ""TKI-8301x4"", ""Color"": ""Blue""}",L420mm,"Steel, PP",,1,https://www.tanko.com.tw/upload/catalog_package_b/ALL_catalog_package_24C29_aoh7cLmJlK.png,C:\Users\User\OneDrive\tanko seo\assets\product\KPQ-4301 (Blue).png
KPQ-4301 (Red),KPQ-4301 (Red),Hanging Bin Set,kpq-4301,https://www.tanko.com.tw/en/products-detail/kpq-4301/,"{""Bins"": ""TKI-8301x4"", ""Color"": ""Red""}",L420mm,"Steel, PP",,1,https://www.tanko.com.tw/upload/catalog_package_b/ALL_catalog_package_25F06_3K00tWgOIh.png,C:\Users\User\OneDrive\tanko seo\assets\product\KPQ-4301 (Red).png
KPQ-4301 (Yellow),KPQ-4301 (Yellow),Hanging Bin Set,kpq-4301,https://www.tanko.com.tw/en/products-detail/kpq-4301/,"{""Bins"": ""TKI-8301x4"", ""Color"": ""Yellow""}",L420mm,"Steel, PP",,1,https://www.tanko.com.tw/upload/catalog_package_b/ALL_catalog_package_25F06_p5wKqAJCiV.png,C:\Users\User\OneDrive\tanko seo\assets\product\KPQ-4301 (Yellow).png
KPQ-4302 (Blue),KPQ-4302 (Blue),Hanging Bin Set,kpq-4301,https://www.tanko.com.tw/en/products-detail/kpq-4301/,"{""Bins"": ""TKI-8302x4"", ""Color"": ""Blue""}",L420mm,"Steel, PP",,1,https://www.tanko.com.tw/upload/catalog_package_b/ALL_catalog_package_24C29_NipsAfQc5y.png,C:\Users\User\OneDrive\tanko seo\assets\product\KPQ-4302 (Blue).png
KPQ-4302 (Red),KPQ-4302 (Red),Hanging Bin Set,kpq-4301,https://www.tanko.com.tw/en/products-detail/kpq-4301/,"{""Bins"": ""TKI-8302x4"", ""Color"": ""Red""}",L420mm,"Steel, PP",,1,https://www.tanko.com.tw/upload/catalog_package_b/ALL_catalog_package_25F06_DCWuZgGE5j.png,C:\Users\User\OneDrive\tanko seo\assets\product\KPQ-4302 (Red).png
KPQ-4302 (Yellow),KPQ-4302 (Yellow),Hanging Bin Set,kpq-4301,https://www.tanko.com.tw/en/products-detail/kpq-4301/,"{""Bins"": ""TKI-8302x4"", ""Color"": ""Yellow""}",L420mm,"Steel, PP",,1,https://www.tanko.com.tw/upload/catalog_package_b/ALL_catalog_package_25F06_fyi6TWGSOa.png,C:\Users\User\OneDrive\tanko seo\assets\product\KPQ-4302 (Yellow).png
KPQ-4302 (Black)(anti-static),KPQ-4302 (Black)(anti-static),Hanging Bin Set,kpq-4301,https://www.tanko.com.tw/en/products-detail/kpq-4301/,"{""Bins"": ""TKI-8302x4"", ""Color"": ""Black (anti-static)""}",L420mm,"Steel, PP",,1,https://www.tanko.com.tw/upload/catalog_package_b/ALL_catalog_package_25F06_HLFNqJh0Ms.png,C:\Users\User\OneDrive\tanko seo\assets\product\KPQ-4302 (Black)(anti-static).png
KPQ-4303 (Blue),KPQ-4303 (Blue),Hanging Bin Set,kpq-4301,https://www.tanko.com.tw/en/products-detail/kpq-4301/,"{""Bins"": ""TKI-8303x4"", ""Color"": ""Blue""}",L420mm,"Steel, PP",,1,https://www.tanko.com.tw/upload/catalog_package_b/ALL_catalog_package_24C29_dIEbrunYTm.png,C:\Users\User\OneDrive\tanko seo\assets\product\KPQ-4303 (Blue).png
KPQ-4303 (Red),KPQ-4303 (Red),Hanging Bin Set,kpq-4301,https://www.tanko.com.tw/en/products-detail/kpq-4301/,"{""Bins"": ""TKI-8303x4"", ""Color"": ""Red""}",L420mm,"Steel, PP",,1,https://www.tanko.com.tw/upload/catalog_package_b/ALL_catalog_package_25F06_sm4zJsenNp.png,C:\Users\User\OneDrive\tanko seo\assets\product\KPQ-4303 (Red).png
KPQ-4303 (Yellow),KPQ-4303 (Yellow),Hanging Bin Set,kpq-4301,https://www.tanko.com.tw/en/products-detail/kpq-4301/,"{""Bins"": ""TKI-8303x4"", ""Color"": ""Yellow""}",L420mm,"Steel, PP",,1,https://www.tanko.com.tw/upload/catalog_package_b/ALL_catalog_package_25F06_fNKMkGAy9k.png,C:\Users\User\OneDrive\tanko seo\assets\product\KPQ-4303 (Yellow).png
KPQ-4304 (Blue),KPQ-4304 (Blue),Hanging Bin Set,kpq-4301,https://www.tanko.com.tw/en/products-detail/kpq-4301/,"{""Bins"": ""TKI-8304x3"", ""Color"": ""Blue""}",L420mm,"Steel, PP",,1,https://www.tanko.com.tw/upload/catalog_package_b/ALL_catalog_package_24C29_xo61tlLwjf.png,C:\Users\User\OneDrive\tanko seo\assets\product\KPQ-4304 (Blue).png
KPQ-4304 (Red),KPQ-4304 (Red),Hanging Bin Set,kpq-4301,https://www.tanko.com.tw/en/products-detail/kpq-4301/,"{""Bins"": ""TKI-8304x3"", ""Color"": ""Red""}",L420mm,"Steel, PP",,1,https://www.tanko.com.tw/upload/catalog_package_b/ALL_catalog_package_25F06_gJZ94KybZQ.png,C:\Users\User\OneDrive\tanko seo\assets\product\KPQ-4304 (Red).png
KPQ-4304 (Yellow),KPQ-4304 (Yellow),Hanging Bin Set,kpq-4301,https://www.tanko.com.tw/en/products-detail/kpq-4301/,"{""Bins"": ""TKI-8304x3"", ""Color"": ""Yellow""}",L420mm,"Steel, PP",,1,https://www.tanko.com.tw/upload/catalog_package_b/ALL_catalog_package_25F06_EBOJUKli7s.png,C:\Users\User\OneDrive\tanko seo\assets\product\KPQ-4304 (Yellow).png
KPQ-4304 (Black)(anti-static),KPQ-4304 (Black)(anti-static),Hanging Bin Set,kpq-4301,https://www.tanko.com.tw/en/products-detail/kpq-4301/,"{""Bins"": ""TKI-8304x3"", ""Color"": ""Black (anti-static)""}",L420mm,"Steel, PP",,1,https://www.tanko.com.tw/upload/catalog_package_b/ALL_catalog_package_25F06_lqhEuvUoEz.png,C:\Users\User\OneDrive\tanko seo\assets\product\KPQ-4304 (Black)(anti-static).png
KPQ-4305 (Blue),KPQ-4305 (Blue),Hanging Bin Set,kpq-4301,https://www.tanko.com.tw/en/products-detail/kpq-4301/,"{""Bins"": ""TKI-8305x3"", ""Color"": ""Blue""}",L420mm,"Steel, PP",,1,https://www.tanko.com.tw/upload/catalog_package_b/ALL_catalog_package_24C29_okiNhR3EvW.png,C:\Users\User\OneDrive\tanko seo\assets\product\KPQ-4305 (Blue).png
KPQ-4305 (Red),KPQ-4305 (Red),Hanging Bin Set,kpq-4301,https://www.tanko.com.tw/en/products-detail/kpq-4301/,"{""Bins"": ""TKI-8305x3"", ""Color"": ""Red""}",L420mm,"Steel, PP",,1,https://www.tanko.com.tw/upload/catalog_package_b/ALL_catalog_package_25F06_L4ff0dzUcB.png,C:\Users\User\OneDrive\tanko seo\assets\product\KPQ-4305 (Red).png
KPQ-4305 (Yellow),KPQ-4305 (Yellow),Hanging Bin Set,kpq-4301,https://www.tanko.com.tw/en/products-detail/kpq-4301/,"{""Bins"": ""TKI-8305x3"", ""Color"": ""Yellow""}",L420mm,"Steel, PP",,1,https://www.tanko.com.tw/upload/catalog_package_b/ALL_catalog_package_25F06_HQe7mCLhpJ.png,C:\Users\User\OneDrive\tanko seo\assets\product\KPQ-4305 (Yellow).png
KPQ-4306,KPQ-4306,Hanging Bin Set,kpq-4306,https://www.tanko.com.tw/en/products-detail/kpq-4306/,"{""Width"": ""456mm"", ""NA"": ""NA""}",L456mm,"Steel, ABS",,1,https://www.tanko.com.tw/upload/catalog_package_b/ALL_catalog_package_24C04_lDRODGb9TY.png,C:\Users\User\OneDrive\tanko seo\assets\product\KPQ-4306.png
KPQ-4307,KPQ-4307,Hanging Bin Set,kpq-4306,https://www.tanko.com.tw/en/products-detail/kpq-4306/,"{""Width"": ""608mm"", ""NA"": ""NA""}",L456mm,"Steel, ABS",,1,https://www.tanko.com.tw/upload/catalog_package_b/ALL_catalog_package_24C04_lDJueBIBbX.png,C:\Users\User\OneDrive\tanko seo\assets\product\KPQ-4307.png
KQ-306A (Black),KQ-306A (Black),Perforated Board,kq-3,https://www.tanko.com.tw/en/products-detail/kq-3/,"{""Dimensions"": ""W900xH450"", ""Color"": ""Black""}",W900xH450,steel,,2,https://www.tanko.com.tw/upload/catalog_package_b/ALL_catalog_package_24J01_FxAdcMXNU8.png,C:\Users\User\OneDrive\tanko seo\assets\product\KQ-306A (Black).png
KQ-306A (White),KQ-306A (White),Perforated Board,kq-3,https://www.tanko.com.tw/en/products-detail/kq-3/,"{""Dimensions"": ""W900xH450"", ""Color"": ""White""}",W900xH450,steel,,2,https://www.tanko.com.tw/upload/catalog_package_b/ALL_catalog_package_24D18_o2g8FrEOvy.png,C:\Users\User\OneDrive\tanko seo\assets\product\KQ-306A (White).png
KQ-306A (Red),KQ-306A (Red),Perforated Board,kq-3,https://www.tanko.com.tw/en/products-detail/kq-3/,"{""Dimensions"": ""W900xH450"", ""Color"": ""Red""}",W900xH450,steel,,2,https://www.tanko.com.tw/upload/catalog_package_b/ALL_catalog_package_24D18_BYrRsMDRZv.png,C:\Users\User\OneDrive\tanko seo\assets\product\KQ-306A (Red).png
KQ-306A (Blue),KQ-306A (Blue),Perforated Board,kq-3,https://www.tanko.com.tw/en/products-detail/kq-3/,"{""Dimensions"": ""W900xH450"", ""Color"": ""Blue""}",W900xH450,steel,,2,https://www.tanko.com.tw/upload/catalog_package_b/ALL_catalog_package_24D18_I7UoSqhdXr.png,C:\Users\User\OneDrive\tanko seo\assets\product\KQ-306A (Blue).png
KQ-306A (Gray),KQ-306A (Gray),Perforated Board,kq-3,https://www.tanko.com.tw/en/products-detail/kq-3/,"{""Dimensions"": ""W900xH450"", ""Color"": ""Gray""}",W900xH450,steel,,2,https://www.tanko.com.tw/upload/catalog_package_b/ALL_catalog_package_24D18_nREmPdTlZ4.png,C:\Users\User\OneDrive\tanko seo\assets\product\KQ-306A (Gray).png
KQ-306AS (Stainless Steel),KQ-306AS (Stainless Steel),Perforated Board,kq-3,https://www.tanko.com.tw/en/products-detail/kq-3/,"{""Dimensions"": ""W900xH450"", ""Color"": ""Stainless Steel""}",W900xH450,steel,,1,https://www.tanko.com.tw/upload/catalog_package_b/ALL_catalog_package_24D02_yQaRJ6Sy0N.png,C:\Users\User\OneDrive\tanko seo\assets\product\KQ-306AS (Stainless Steel).png
KQ-308A (Black),KQ-308A (Black),Perforated Board,kq-3,https://www.tanko.com.tw/en/products-detail/kq-3/,"{""Dimensions"": ""W1200xH450"", ""Color"": ""Black""}",W900xH450,steel,,1,https://www.tanko.com.tw/upload/catalog_package_b/ALL_catalog_package_24J01_TFf76xVsWd.png,C:\Users\User\OneDrive\tanko seo\assets\product\KQ-308A (Black).png
KQ-308A (White),KQ-308A (White),Perforated Board,kq-3,https://www.tanko.com.tw/en/products-detail/kq-3/,"{""Dimensions"": ""W1200xH450"", ""Color"": ""White""}",W900xH450,steel,,1,https://www.tanko.com.tw/upload/catalog_package_b/ALL_catalog_package_24J01_tXyrgIFA5a.png,C:\Users\User\OneDrive\tanko seo\assets\product\KQ-308A (White).png
KQ-308A (Red),KQ-308A (Red),Perforated Board,kq-3,https://www.tanko.com.tw/en/products-detail/kq-3/,"{""Dimensions"": ""W1200xH450"", ""Color"": ""Red""}",W900xH450,steel,,1,https://www.tanko.com.tw/upload/catalog_package_b/ALL_catalog_package_24J01_c8VSJTXgRb.png,C:\Users\User\OneDrive\tanko seo\assets\product\KQ-308A (Red).png
KQ-308A (Blue),KQ-308A (Blue),Perforated Board,kq-3,https://www.tanko.com.tw/en/products-detail/kq-3/,"{""Dimensions"": ""W1200xH450"", ""Color"": ""Blue""}",W900xH450,steel,,1,https://www.tanko.com.tw/upload/catalog_package_b/ALL_catalog_package_24J01_VJl31DupVI.png,C:\Users\User\OneDrive\tanko seo\assets\product\KQ-308A (Blue).png
KQ-308A (Gray),KQ-308A (Gray),Perforated Board,kq-3,https://www.tanko.com.tw/en/products-detail/kq-3/,"{""Dimensions"": ""W1200xH450"", ""Color"": ""Gray""}",W900xH450,steel,,1,https://www.tanko.com.tw/upload/catalog_package_b/ALL_catalog_package_24D18_mXhdKNPFKP.png,C:\Users\User\OneDrive\tanko seo\assets\product\KQ-308A (Gray).png
KQ-310A (Black),KQ-310A (Black),Perforated Board,kq-3,https://www.tanko.com.tw/en/products-detail/kq-3/,"{""Dimensions"": ""W1500xH450"", ""Color"": ""Black""}",W900xH450,steel,,1,https://www.tanko.com.tw/upload/catalog_package_b/ALL_catalog_package_24J01_AlzMaFXpTM.png,C:\Users\User\OneDrive\tanko seo\assets\product\KQ-310A (Black).png
KQ-310A (White),KQ-310A (White),Perforated Board,kq-3,https://www.tanko.com.tw/en/products-detail/kq-3/,"{""Dimensions"": ""W1500xH450"", ""Color"": ""White""}",W900xH450,steel,,1,https://www.tanko.com.tw/upload/catalog_package_b/ALL_catalog_package_24J01_r5S8Iy2C3g.png,C:\Users\User\OneDrive\tanko seo\assets\product\KQ-310A (White).png
KQ-310A (Red),KQ-310A (Red),Perforated Board,kq-3,https://www.tanko.com.tw/en/products-detail/kq-3/,"{""Dimensions"": ""W1500xH450"", ""Color"": ""Red""}",W900xH450,steel,,1,https://www.tanko.com.tw/upload/catalog_package_b/ALL_catalog_package_24J01_B9rt6rxCzo.png,C:\Users\User\OneDrive\tanko seo\assets\product\KQ-310A (Red).png
KQ-310A (Blue),KQ-310A (Blue),Perforated Board,kq-3,https://www.tanko.com.tw/en/products-detail/kq-3/,"{""Dimensions"": ""W1500xH450"", ""Color"": ""Blue""}",W900xH450,steel,,1,https://www.tanko.com.tw/upload/catalog_package_b/ALL_catalog_package_24J01_5ohJqv1xK3.png,C:\Users\User\OneDrive\tanko seo\assets\product\KQ-310A (Blue).png
KQ-310A (Gray),KQ-310A (Gray),Perforated Board,kq-3,https://www.tanko.com.tw/en/products-detail/kq-3/,"{""Dimensions"": ""W1500xH450"", ""Color"": ""Gray""}",W900xH450,steel,,1,https://www.tanko.com.tw/upload/catalog_package_b/ALL_catalog_package_24D18_PV50JPvaPT.png,C:\Users\User\OneDrive\tanko seo\assets\product\KQ-310A (Gray).png
KQ-312A (Black),KQ-312A (Black),Perforated Board,kq-3,https://www.tanko.com.tw/en/products-detail/kq-3/,"{""Dimensions"": ""W1800xH450"", ""Color"": ""Black""}",W900xH450,steel,,1,https://www.tanko.com.tw/upload/catalog_package_b/ALL_catalog_package_24J01_NjH4DuDf3V.png,C:\Users\User\OneDrive\tanko seo\assets\product\KQ-312A (Black).png
KQ-312A (White),KQ-312A (White),Perforated Board,kq-3,https://www.tanko.com.tw/en/products-detail/kq-3/,"{""Dimensions"": ""W1800xH450"", ""Color"": ""White""}",W900xH450,steel,,1,https://www.tanko.com.tw/upload/catalog_package_b/ALL_catalog_package_24J01_wOUejxREQz.png,C:\Users\User\OneDrive\tanko seo\assets\product\KQ-312A (White).png
KQ-312A (Red),KQ-312A (Red),Perforated Board,kq-3,https://www.tanko.com.tw/en/products-detail/kq-3/,"{""Dimensions"": ""W1800xH450"", ""Color"": ""Red""}",W900xH450,steel,,1,https://www.tanko.com.tw/upload/catalog_package_b/ALL_catalog_package_24J01_5ynb1TU2YR.png,C:\Users\User\OneDrive\tanko seo\assets\product\KQ-312A (Red).png
KQ-312A (Blue),KQ-312A (Blue),Perforated Board,kq-3,https://www.tanko.com.tw/en/products-detail/kq-3/,"{""Dimensions"": ""W1800xH450"", ""Color"": ""Blue""}",W900xH450,steel,,1,https://www.tanko.com.tw/upload/catalog_package_b/ALL_catalog_package_24J01_8xsfz9Lhx7.png,C:\Users\User\OneDrive\tanko seo\assets\product\KQ-312A (Blue).png
KQ-312A (Gray),KQ-312A (Gray),Perforated Board,kq-3,https://www.tanko.com.tw/en/products-detail/kq-3/,"{""Dimensions"": ""W1800xH450"", ""Color"": ""Gray""}",W900xH450,steel,,1,https://www.tanko.com.tw/upload/catalog_package_b/ALL_catalog_package_24D18_zfFf2nUsRt.png,C:\Users\User\OneDrive\tanko seo\assets\product\KQ-312A (Gray).png
KQ-314A (Black),KQ-314A (Black),Perforated Board,kq-3,https://www.tanko.com.tw/en/products-detail/kq-3/,"{""Dimensions"": ""W2100xH450"", ""Color"": ""Black""}",W900xH450,steel,,1,https://www.tanko.com.tw/upload/catalog_package_b/ALL_catalog_package_24J01_o9GRFl6c8w.png,C:\Users\User\OneDrive\tanko seo\assets\product\KQ-314A (Black).png
KQ-314A (White),KQ-314A (White),Perforated Board,kq-3,https://www.tanko.com.tw/en/products-detail/kq-3/,"{""Dimensions"": ""W2100xH450"", ""Color"": ""White""}",W900xH450,steel,,1,https://www.tanko.com.tw/upload/catalog_package_b/ALL_catalog_package_24J01_mUOtACtqjb.png,C:\Users\User\OneDrive\tanko seo\assets\product\KQ-314A (White).png
KQ-314A (Red),KQ-314A (Red),Perforated Board,kq-3,https://www.tanko.com.tw/en/products-detail/kq-3/,"{""Dimensions"": ""W2100xH450"", ""Color"": ""Red""}",W900xH450,steel,,1,https://www.tanko.com.tw/upload/catalog_package_b/ALL_catalog_package_24J01_TxXwxYkIz2.png,C:\Users\User\OneDrive\tanko seo\assets\product\KQ-314A (Red).png
KQ-314A (Blue),KQ-314A (Blue),Perforated Board,kq-3,https://www.tanko.com.tw/en/products-detail/kq-3/,"{""Dimensions"": ""W2100xH450"", ""Color"": ""Blue""}",W900xH450,steel,,1,https://www.tanko.com.tw/upload/catalog_package_b/ALL_catalog_package_24J01_JAIouFhE15.png,C:\Users\User\OneDrive\tanko seo\assets\product\KQ-314A (Blue).png
KQ-314A (Gray),KQ-314A (Gray),Perforated Board,kq-3,https://www.tanko.com.tw/en/products-detail/kq-3/,"{""Dimensions"": ""W2100xH450"", ""Color"": ""Gray""}",W900xH450,steel,,1,https://www.tanko.com.tw/upload/catalog_package_b/ALL_catalog_package_24D18_Kj0WwlnVJw.png,C:\Users\User\OneDrive\tanko seo\assets\product\KQ-314A (Gray).png
KQ-408A (Black),KQ-408A (Black),Perforated Board,kq-3,https://www.tanko.com.tw/en/products-detail/kq-3/,"{""Dimensions"": ""W1200xH600"", ""Color"": ""Black""}",W900xH450,steel,,1,https://www.tanko.com.tw/upload/catalog_package_b/ALL_catalog_package_24J01_sq0rg35em0.png,C:\Users\User\OneDrive\tanko seo\assets\product\KQ-408A (Black).png
KQ-408A (White),KQ-408A (White),Perforated Board,kq-3,https://www.tanko.com.tw/en/products-detail/kq-3/,"{""Dimensions"": ""W1200xH600"", ""Color"": ""White""}",W900xH450,steel,,1,https://www.tanko.com.tw/upload/catalog_package_b/ALL_catalog_package_24J01_py9uN1q79i.png,C:\Users\User\OneDrive\tanko seo\assets\product\KQ-408A (White).png
KQ-408A (Red),KQ-408A (Red),Perforated Board,kq-3,https://www.tanko.com.tw/en/products-detail/kq-3/,"{""Dimensions"": ""W1200xH600"", ""Color"": ""Red""}",W900xH450,steel,,1,https://www.tanko.com.tw/upload/catalog_package_b/ALL_catalog_package_24J01_dbwotfC4NN.png,C:\Users\User\OneDrive\tanko seo\assets\product\KQ-408A (Red).png
KQ-408A (Blue),KQ-408A (Blue),Perforated Board,kq-3,https://www.tanko.com.tw/en/products-detail/kq-3/,"{""Dimensions"": ""W1200xH600"", ""Color"": ""Blue""}",W900xH450,steel,,1,https://www.tanko.com.tw/upload/catalog_package_b/ALL_catalog_package_24J01_ZfDeW7GKOW.png,C:\Users\User\OneDrive\tanko seo\assets\product\KQ-408A (Blue).png
KQ-408A (Gray),KQ-408A (Gray),Perforated Board,kq-3,https://www.tanko.com.tw/en/products-detail/kq-3/,"{""Dimensions"": ""W1200xH600"", ""Color"": ""Gray""}",W900xH450,steel,,1,https://www.tanko.com.tw/upload/catalog_package_b/ALL_catalog_package_24D18_KpravhRC5j.png,C:\Users\User\OneDrive\tanko seo\assets\product\KQ-408A (Gray).png
KQ-410A (Black),KQ-410A (Black),Perforated Board,kq-3,https://www.tanko.com.tw/en/products-detail/kq-3/,"{""Dimensions"": ""W1500xH600"", ""Color"": ""Black""}",W900xH450,steel,,1,https://www.tanko.com.tw/upload/catalog_package_b/ALL_catalog_package_24J01_7UAEZuLtXB.png,C:\Users\User\OneDrive\tanko seo\assets\product\KQ-410A (Black).png
KQ-410A (White),KQ-410A (White),Perforated Board,kq-3,https://www.tanko.com.tw/en/products-detail/kq-3/,"{""Dimensions"": ""W1500xH600"", ""Color"": ""White""}",W900xH450,steel,,1,https://www.tanko.com.tw/upload/catalog_package_b/ALL_catalog_package_24J01_rfswnw9xg6.png,C:\Users\User\OneDrive\tanko seo\assets\product\KQ-410A (White).png
KQ-410A (Red),KQ-410A (Red),Perforated Board,kq-3,https://www.tanko.com.tw/en/products-detail/kq-3/,"{""Dimensions"": ""W1500xH600"", ""Color"": ""Red""}",W900xH450,steel,,1,https://www.tanko.com.tw/upload/catalog_package_b/ALL_catalog_package_24J01_NsjujfTWa2.png,C:\Users\User\OneDrive\tanko seo\assets\product\KQ-410A (Red).png
KQ-410A (Blue),KQ-410A (Blue),Perforated Board,kq-3,https://www.tanko.com.tw/en/products-detail/kq-3/,"{""Dimensions"": ""W1500xH600"", ""Color"": ""Blue""}",W900xH450,steel,,1,https://www.tanko.com.tw/upload/catalog_package_b/ALL_catalog_package_24J01_THzda0WTRr.png,C:\Users\User\OneDrive\tanko seo\assets\product\KQ-410A (Blue).png
KQ-410A (Gray),KQ-410A (Gray),Perforated Board,kq-3,https://www.tanko.com.tw/en/products-detail/kq-3/,"{""Dimensions"": ""W1500xH600"", ""Color"": ""Gray""}",W900xH450,steel,,1,https://www.tanko.com.tw/upload/catalog_package_b/ALL_catalog_package_24D18_bI1GTYANnU.png,C:\Users\User\OneDrive\tanko seo\assets\product\KQ-410A (Gray).png
KQ-412A (Black),KQ-412A (Black),Perforated Board,kq-3,https://www.tanko.com.tw/en/products-detail/kq-3/,"{""Dimensions"": ""W1800xH600"", ""Color"": ""Black""}",W900xH450,steel,,1,https://www.tanko.com.tw/upload/catalog_package_b/ALL_catalog_package_24J01_cwjtvP6t1h.png,C:\Users\User\OneDrive\tanko seo\assets\product\KQ-412A (Black).png
KQ-412A (White),KQ-412A (White),Perforated Board,kq-3,https://www.tanko.com.tw/en/products-detail/kq-3/,"{""Dimensions"": ""W1800xH600"", ""Color"": ""White""}",W900xH450,steel,,1,https://www.tanko.com.tw/upload/catalog_package_b/ALL_catalog_package_24J01_eKur8jpkto.png,C:\Users\User\OneDrive\tanko seo\assets\product\KQ-412A (White).png
KQ-412A (Red),KQ-412A (Red),Perforated Board,kq-3,https://www.tanko.com.tw/en/products-detail/kq-3/,"{""Dimensions"": ""W1800xH600"", ""Color"": ""Red""}",W900xH450,steel,,1,https://www.tanko.com.tw/upload/catalog_package_b/ALL_catalog_package_24J01_uRHtvWYaAF.png,C:\Users\User\OneDrive\tanko seo\assets\product\KQ-412A (Red).png
KQ-412A (Blue),KQ-412A (Blue),Perforated Board,kq-3,https://www.tanko.com.tw/en/products-detail/kq-3/,"{""Dimensions"": ""W1800xH600"", ""Color"": ""Blue""}",W900xH450,steel,,1,https://www.tanko.com.tw/upload/catalog_package_b/ALL_catalog_package_24J01_tiINDfw7pS.png,C:\Users\User\OneDrive\tanko seo\assets\product\KQ-412A (Blue).png
KQ-412A (Gray),KQ-412A (Gray),Perforated Board,kq-3,https://www.tanko.com.tw/en/products-detail/kq-3/,"{""Dimensions"": ""W1800xH600"", ""Color"": ""Gray""}",W900xH450,steel,,1,https://www.tanko.com.tw/upload/catalog_package_b/ALL_catalog_package_24D18_AivFexsr2q.png,C:\Users\User\OneDrive\tanko seo\assets\product\KQ-412A (Gray).png
KQ-414A (Black),KQ-414A (Black),Perforated Board,kq-3,https://www.tanko.com.tw/en/products-detail/kq-3/,"{""Dimensions"": ""W2100xH600"", ""Color"": ""Black""}",W900xH450,steel,,1,https://www.tanko.com.tw/upload/catalog_package_b/ALL_catalog_package_24J01_iZeWI2tRu1.png,C:\Users\User\OneDrive\tanko seo\assets\product\KQ-414A (Black).png
KQ-414A (White),KQ-414A (White),Perforated Board,kq-3,https://www.tanko.com.tw/en/products-detail/kq-3/,"{""Dimensions"": ""W2100xH600"", ""Color"": ""White""}",W900xH450,steel,,1,https://www.tanko.com.tw/upload/catalog_package_b/ALL_catalog_package_24J01_BjEgdnqY1W.png,C:\Users\User\OneDrive\tanko seo\assets\product\KQ-414A (White).png
KQ-414A (Red),KQ-414A (Red),Perforated Board,kq-3,https://www.tanko.com.tw/en/products-detail/kq-3/,"{""Dimensions"": ""W2100xH600"", ""Color"": ""Red""}",W900xH450,steel,,1,https://www.tanko.com.tw/upload/catalog_package_b/ALL_catalog_package_24J01_FY7YKdJ25w.png,C:\Users\User\OneDrive\tanko seo\assets\product\KQ-414A (Red).png
KQ-414A (Blue),KQ-414A (Blue),Perforated Board,kq-3,https://www.tanko.com.tw/en/products-detail/kq-3/,"{""Dimensions"": ""W2100xH600"", ""Color"": ""Blue""}",W900xH450,steel,,1,https://www.tanko.com.tw/upload/catalog_package_b/ALL_catalog_package_24J01_1ZSQK96NIR.png,C:\Users\User\OneDrive\tanko seo\assets\product\KQ-414A (Blue).png
KQ-414A (Gray),KQ-414A (Gray),Perforated Board,kq-3,https://www.tanko.com.tw/en/products-detail/kq-3/,"{""Dimensions"": ""W2100xH600"", ""Color"": ""Gray""}",W900xH450,steel,,1,https://www.tanko.com.tw/upload/catalog_package_b/ALL_catalog_package_24D18_KZAXdSmRBC.png,C:\Users\User\OneDrive\tanko seo\assets\product\KQ-414A (Gray).png
KQ-306AS,KQ-306AS,Stainless Steel Perforated Board,kq-306as,https://www.tanko.com.tw/en/products-detail/kq-306as/,"{""Dimensions"": ""W900xH450 mm"", ""Material"": ""Stainless Steel""}",W900xH450 mm,Stainless Steel,,1,https://www.tanko.com.tw/upload/catalog_package_b/ALL_catalog_package_25G29_ED6t5PS89j.png,C:\Users\User\OneDrive\tanko seo\assets\product\KQ-306AS.png
KR-1330,KR-1330,Hanger Rack,kr-13,https://www.tanko.com.tw/en/products-detail/kr-13/,"{""Panel"": ""Perforated (3)"", ""Type"": ""Independent type""}",W971xD360xH1453mm,Steel,,6,https://www.tanko.com.tw/upload/catalog_package_b/ALL_catalog_package_26H17_YZXl3QRM3g.png,C:\Users\User\OneDrive\tanko seo\assets\product\KR-1330.jpg
KL-1330,KL-1330,Hanger Rack,kr-13,https://www.tanko.com.tw/en/products-detail/kr-13/,"{""Panel"": ""Perforated (3)"", ""Type"": ""Linkable type""}",W971xD360xH1453mm,Steel,,5,https://www.tanko.com.tw/upload/catalog_package_b/ALL_catalog_package_26H17_yW7EUvWOYJ.png,C:\Users\User\OneDrive\tanko seo\assets\product\KL-1330.jpg
KR-1303,KR-1303,Hanger Rack,kr-13,https://www.tanko.com.tw/en/products-detail/kr-13/,"{""Panel"": ""Louvred (3)"", ""Type"": ""Independent type""}",W971xD360xH1453mm,Steel,,1,https://www.tanko.com.tw/upload/catalog_package_b/ALL_catalog_package_26H17_OUWItybENN.png,C:\Users\User\OneDrive\tanko seo\assets\product\KR-1303.jpg
KL-1303,KL-1303,Hanger Rack,kr-13,https://www.tanko.com.tw/en/products-detail/kr-13/,"{""Panel"": ""Louvred (3)"", ""Type"": ""Linkable type""}",W971xD360xH1453mm,Steel,,1,https://www.tanko.com.tw/upload/catalog_package_b/ALL_catalog_package_26H17_MJimiL4dek.png,C:\Users\User\OneDrive\tanko seo\assets\product\KL-1303.jpg
KR-1321,KR-1321,Hanger Rack,kr-13,https://www.tanko.com.tw/en/products-detail/kr-13/,"{""Panel"": ""Perforated (2) + Louvred (1)"", ""Type"": ""Independent type""}",W971xD360xH1453mm,Steel,,1,https://www.tanko.com.tw/upload/catalog_package_b/ALL_catalog_package_26H17_AXja2bth2o.png,C:\Users\User\OneDrive\tanko seo\assets\product\KR-1321.jpg
KL-1321,KL-1321,Hanger Rack,kr-13,https://www.tanko.com.tw/en/products-detail/kr-13/,"{""Panel"": ""Perforated (2) + Louvred (1)"", ""Type"": ""Linkable type""}",W971xD360xH1453mm,Steel,,1,https://www.tanko.com.tw/upload/catalog_package_b/ALL_catalog_package_26H17_LKn0R7Nc8i.png,C:\Users\User\OneDrive\tanko seo\assets\product\KL-1321.jpg
KR-1312,KR-1312,Hanger Rack,kr-13,https://www.tanko.com.tw/en/products-detail/kr-13/,"{""Panel"": ""Perforated (1) + Louvred (2)"", ""Type"": ""Independent type""}",W971xD360xH1453mm,Steel,,1,https://www.tanko.com.tw/upload/catalog_package_b/ALL_catalog_package_26H17_4AQ8ltVyj3.png,C:\Users\User\OneDrive\tanko seo\assets\product\KR-1312.jpg
KL-1312,KL-1312,Hanger Rack,kr-13,https://www.tanko.com.tw/en/products-detail/kr-13/,"{""Panel"": ""Perforated (1) + Louvred (2)"", ""Type"": ""Linkable type""}",W971xD360xH1453mm,Steel,,1,https://www.tanko.com.tw/upload/catalog_package_b/ALL_catalog_package_26H17_Qmm3lx5jhW.png,C:\Users\User\OneDrive\tanko seo\assets\product\KL-1312.jpg
KR-1440,KR-1440,Hanger Rack,kr-14,https://www.tanko.com.tw/en/products-detail/kr-14/,"{""Panel"": ""Perforated (4)"", ""Type"": ""Independent type""}",W971xD360xH1903mm,Steel,,6,https://www.tanko.com.tw/upload/catalog_package_b/ALL_catalog_package_25B05_SIiWvZmay1.jpg,C:\Users\User\OneDrive\tanko seo\assets\product\KR-1440.jpg
KL-1440,KL-1440,Hanger Rack,kr-14,https://www.tanko.com.tw/en/products-detail/kr-14/,"{""Panel"": ""Perforated (4)"", ""Type"": ""Linkable type""}",W971xD360xH1903mm,Steel,,5,https://www.tanko.com.tw/upload/catalog_package_b/ALL_catalog_package_25B05_sfCxZEq7J0.jpg,C:\Users\User\OneDrive\tanko seo\assets\product\KL-1440.jpg
KR-1404,KR-1404,Hanger Rack,kr-14,https://www.tanko.com.tw/en/products-detail/kr-14/,"{""Panel"": ""Louvred (4)"", ""Type"": ""Independent type""}",W971xD360xH1903mm,Steel,,1,https://www.tanko.com.tw/upload/catalog_package_b/ALL_catalog_package_25B05_cLlgJ4UO6S.jpg,C:\Users\User\OneDrive\tanko seo\assets\product\KR-1404.jpg
KL-1404,KL-1404,Hanger Rack,kr-14,https://www.tanko.com.tw/en/products-detail/kr-14/,"{""Panel"": ""Louvred (4)"", ""Type"": ""Linkable type""}",W971xD360xH1903mm,Steel,,1,https://www.tanko.com.tw/upload/catalog_package_b/ALL_catalog_package_25B05_oEBEVuAtRM.jpg,C:\Users\User\OneDrive\tanko seo\assets\product\KL-1404.jpg
KR-1431,KR-1431,Hanger Rack,kr-14,https://www.tanko.com.tw/en/products-detail/kr-14/,"{""Panel"": ""Perforated (3) + Louvred (1)"", ""Type"": ""Independent type""}",W971xD360xH1903mm,Steel,,1,https://www.tanko.com.tw/upload/catalog_package_b/ALL_catalog_package_25B05_HvMtwueUrf.jpg,C:\Users\User\OneDrive\tanko seo\assets\product\KR-1431.jpg
KL-1431,KL-1431,Hanger Rack,kr-14,https://www.tanko.com.tw/en/products-detail/kr-14/,"{""Panel"": ""Perforated (3) + Louvred (1)"", ""Type"": ""Linkable type""}",W971xD360xH1903mm,Steel,,1,https://www.tanko.com.tw/upload/catalog_package_b/ALL_catalog_package_25B05_EYSQrTYUnB.jpg,C:\Users\User\OneDrive\tanko seo\assets\product\KL-1431.jpg
KR-1422,KR-1422,Hanger Rack,kr-14,https://www.tanko.com.tw/en/products-detail/kr-14/,"{""Panel"": ""Perforated (2) + Louvred (2)"", ""Type"": ""Independent type""}",W971xD360xH1903mm,Steel,,1,https://www.tanko.com.tw/upload/catalog_package_b/ALL_catalog_package_25B05_YJ58J4mPJH.jpg,C:\Users\User\OneDrive\tanko seo\assets\product\KR-1422.jpg
KL-1422,KL-1422,Hanger Rack,kr-14,https://www.tanko.com.tw/en/products-detail/kr-14/,"{""Panel"": ""Perforated (2) + Louvred (2)"", ""Type"": ""Linkable type""}",W971xD360xH1903mm,Steel,,1,https://www.tanko.com.tw/upload/catalog_package_b/ALL_catalog_package_25B05_kzTdn9YArF.jpg,C:\Users\User\OneDrive\tanko seo\assets\product\KL-1422.jpg
KR-1413,KR-1413,Hanger Rack,kr-14,https://www.tanko.com.tw/en/products-detail/kr-14/,"{""Panel"": ""Perforated (1) + Louvred (3)"", ""Type"": ""Independent type""}",W971xD360xH1903mm,Steel,,1,https://www.tanko.com.tw/upload/catalog_package_b/ALL_catalog_package_25B05_NA2OR0XAXM.jpg,C:\Users\User\OneDrive\tanko seo\assets\product\KR-1413.jpg
KL-1413,KL-1413,Hanger Rack,kr-14,https://www.tanko.com.tw/en/products-detail/kr-14/,"{""Panel"": ""Perforated (1) + Louvred (3)"", ""Type"": ""Linkable type""}",W971xD360xH1903mm,Steel,,1,https://www.tanko.com.tw/upload/catalog_package_b/ALL_catalog_package_25B05_YSro8dbdN5.jpg,C:\Users\User\OneDrive\tanko seo\assets\product\KL-1413.jpg
KR-2360,KR-2360,Hanger Rack,kr-23,https://www.tanko.com.tw/en/products-detail/kr-23/,"{""Panel"": ""Perforated (6)"", ""Type"": ""Independent type""}",W971xD620xH1453mm,Steel,,6,https://www.tanko.com.tw/upload/catalog_package_b/ALL_catalog_package_25B05_X8bXKGenlW.jpg,C:\Users\User\OneDrive\tanko seo\assets\product\KR-2360.jpg
KL-2360,KL-2360,Hanger Rack,kr-23,https://www.tanko.com.tw/en/products-detail/kr-23/,"{""Panel"": ""Perforated (6)"", ""Type"": ""Linkable type""}",W971xD620xH1453mm,Steel,,5,https://www.tanko.com.tw/upload/catalog_package_b/ALL_catalog_package_25B05_duc4QbNUuR.jpg,C:\Users\User\OneDrive\tanko seo\assets\product\KL-2360.jpg
KR-2306,KR-2306,Hanger Rack,kr-23,https://www.tanko.com.tw/en/products-detail/kr-23/,"{""Panel"": ""Louvred (6)"", ""Type"": ""Independent type""}",W971xD620xH1453mm,Steel,,1,https://www.tanko.com.tw/upload/catalog_package_b/ALL_catalog_package_25B05_Ms9iUcRy7w.jpg,C:\Users\User\OneDrive\tanko seo\assets\product\KR-2306.jpg
KL-2306,KL-2306,Hanger Rack,kr-23,https://www.tanko.com.tw/en/products-detail/kr-23/,"{""Panel"": ""Louvred (6)"", ""Type"": ""Linkable type""}",W971xD620xH1453mm,Steel,,1,https://www.tanko.com.tw/upload/catalog_package_b/ALL_catalog_package_25B05_8Fd35snvyI.jpg,C:\Users\User\OneDrive\tanko seo\assets\product\KL-2306.jpg
KR-2342,KR-2342,Hanger Rack,kr-23,https://www.tanko.com.tw/en/products-detail/kr-23/,"{""Panel"": ""Perforated (4) + Louvred (2)"", ""Type"": ""Independent type""}",W971xD620xH1453mm,Steel,,1,https://www.tanko.com.tw/upload/catalog_package_b/ALL_catalog_package_25B05_5viVrHyRbq.jpg,C:\Users\User\OneDrive\tanko seo\assets\product\KR-2342.jpg
KL-2342,KL-2342,Hanger Rack,kr-23,https://www.tanko.com.tw/en/products-detail/kr-23/,"{""Panel"": ""Perforated (4) + Louvred (2)"", ""Type"": ""Linkable type""}",W971xD620xH1453mm,Steel,,1,https://www.tanko.com.tw/upload/catalog_package_b/ALL_catalog_package_25B05_IYVuxiQcp3.jpg,C:\Users\User\OneDrive\tanko seo\assets\product\KL-2342.jpg
KR-2324,KR-2324,Hanger Rack,kr-23,https://www.tanko.com.tw/en/products-detail/kr-23/,"{""Panel"": ""Perforated (2) + Louvred (4)"", ""Type"": ""Independent type""}",W971xD620xH1453mm,Steel,,1,https://www.tanko.com.tw/upload/catalog_package_b/ALL_catalog_package_25B05_uAsNU45lRw.jpg,C:\Users\User\OneDrive\tanko seo\assets\product\KR-2324.jpg
KL-2324,KL-2324,Hanger Rack,kr-23,https://www.tanko.com.tw/en/products-detail/kr-23/,"{""Panel"": ""Perforated (2) + Louvred (4)"", ""Type"": ""Linkable type""}",W971xD620xH1453mm,Steel,,1,https://www.tanko.com.tw/upload/catalog_package_b/ALL_catalog_package_25B05_5rHqatUWMd.jpg,C:\Users\User\OneDrive\tanko seo\assets\product\KL-2324.jpg
KR-2480,KR-2480,Hanger Rack,kr-24,https://www.tanko.com.tw/en/products-detail/kr-24/,"{""Panel"": ""Perforated (8)"", ""Type"": ""Independent type""}",W971xD620xH1903mm,Steel,,6,https://www.tanko.com.tw/upload/catalog_package_b/ALL_catalog_package_25B05_W6JpcKCWMx.jpg,C:\Users\User\OneDrive\tanko seo\assets\product\KR-2480.jpg
KL-2480,KL-2480,Hanger Rack,kr-24,https://www.tanko.com.tw/en/products-detail/kr-24/,"{""Panel"": ""Perforated (8)"", ""Type"": ""Linkable type""}",W971xD620xH1903mm,Steel,,5,https://www.tanko.com.tw/upload/catalog_package_b/ALL_catalog_package_25B05_OQwq07oXSE.jpg,C:\Users\User\OneDrive\tanko seo\assets\product\KL-2480.jpg
KR-2408,KR-2408,Hanger Rack,kr-24,https://www.tanko.com.tw/en/products-detail/kr-24/,"{""Panel"": ""Louvred (8)"", ""Type"": ""Independent type""}",W971xD620xH1903mm,Steel,,1,https://www.tanko.com.tw/upload/catalog_package_b/ALL_catalog_package_25B05_WKaUmTWuNW.jpg,C:\Users\User\OneDrive\tanko seo\assets\product\KR-2408.jpg
KL-2408,KL-2408,Hanger Rack,kr-24,https://www.tanko.com.tw/en/products-detail/kr-24/,"{""Panel"": ""Louvred (8)"", ""Type"": ""Linkable type""}",W971xD620xH1903mm,Steel,,1,https://www.tanko.com.tw/upload/catalog_package_b/ALL_catalog_package_25B05_XntizIoZMZ.jpg,C:\Users\User\OneDrive\tanko seo\assets\product\KL-2408.jpg
KR-2462,KR-2462,Hanger Rack,kr-24,https://www.tanko.com.tw/en/products-detail/kr-24/,"{""Panel"": ""Perforated (6) + Louvred (2)"", ""Type"": ""Independent type""}",W971xD620xH1903mm,Steel,,1,https://www.tanko.com.tw/upload/catalog_package_b/ALL_catalog_package_25B05_Fr0TC53CE1.jpg,C:\Users\User\OneDrive\tanko seo\assets\product\KR-2462.jpg
KL-2462,KL-2462,Hanger Rack,kr-24,https://www.tanko.com.tw/en/products-detail/kr-24/,"{""Panel"": ""Perforated (6) + Louvred (2)"", ""Type"": ""Linkable type""}",W971xD620xH1903mm,Steel,,1,https://www.tanko.com.tw/upload/catalog_package_b/ALL_catalog_package_25B05_7tQhzvnza9.jpg,C:\Users\User\OneDrive\tanko seo\assets\product\KL-2462.jpg
KR-2444,KR-2444,Hanger Rack,kr-24,https://www.tanko.com.tw/en/products-detail/kr-24/,"{""Panel"": ""Perforated (4) + Louvred (4)"", ""Type"": ""Independent type""}",W971xD620xH1903mm,Steel,,1,https://www.tanko.com.tw/upload/catalog_package_b/ALL_catalog_package_25B05_mm6j3zKkUK.jpg,C:\Users\User\OneDrive\tanko seo\assets\product\KR-2444.jpg
KL-2444,KL-2444,Hanger Rack,kr-24,https://www.tanko.com.tw/en/products-detail/kr-24/,"{""Panel"": ""Perforated (4) + Louvred (4)"", ""Type"": ""Linkable type""}",W971xD620xH1903mm,Steel,,1,https://www.tanko.com.tw/upload/catalog_package_b/ALL_catalog_package_25B05_btXmxxWelc.jpg,C:\Users\User\OneDrive\tanko seo\assets\product\KL-2444.jpg
KR-2426,KR-2426,Hanger Rack,kr-24,https://www.tanko.com.tw/en/products-detail/kr-24/,"{""Panel"": ""Perforated (2) + Louvred (6)"", ""Type"": ""Independent type""}",W971xD620xH1903mm,Steel,,1,https://www.tanko.com.tw/upload/catalog_package_b/ALL_catalog_package_25B05_AvHsgjBVJo.jpg,C:\Users\User\OneDrive\tanko seo\assets\product\KR-2426.jpg
KL-2426,KL-2426,Hanger Rack,kr-24,https://www.tanko.com.tw/en/products-detail/kr-24/,"{""Panel"": ""Perforated (2) + Louvred (6)"", ""Type"": ""Linkable type""}",W971xD620xH1903mm,Steel,,1,https://www.tanko.com.tw/upload/catalog_package_b/ALL_catalog_package_25B05_Zj6eBC5XjZ.jpg,C:\Users\User\OneDrive\tanko seo\assets\product\KL-2426.jpg
FBB-202,FBB-202,Locker,locker-gray,https://www.tanko.com.tw/en/products-detail/locker-gray/,"{""Storage unit"": ""2"", ""Lock"": ""Combination lock""}",W900xD515xH1800mm,Steel,,1,https://www.tanko.com.tw/upload/catalog_package_b/ALL_catalog_package_26C05_Vy9YOJX3j4.jpg,C:\Users\User\OneDrive\tanko seo\assets\product\FBB-202.jpg
FBB-202A,FBB-202A,Locker,locker-gray,https://www.tanko.com.tw/en/products-detail/locker-gray/,"{""Storage unit"": ""2"", ""Lock"": ""Key Lock""}",W900xD515xH1800mm,Steel,,1,https://www.tanko.com.tw/upload/catalog_package_b/ALL_catalog_package_26F10_WjcJL3vO0t.png,
FBB-204,FBB-204,Locker,locker-gray,https://www.tanko.com.tw/en/products-detail/locker-gray/,"{""Storage unit"": ""4"", ""Lock"": ""Combination lock""}",W900xD515xH1800mm,Steel,,1,https://www.tanko.com.tw/upload/catalog_package_b/ALL_catalog_package_26C05_CteRgwrtaS.jpg,C:\Users\User\OneDrive\tanko seo\assets\product\FBB-204.jpg
FBB-204A,FBB-204A,Locker,locker-gray,https://www.tanko.com.tw/en/products-detail/locker-gray/,"{""Storage unit"": ""4"", ""Lock"": ""Key Lock""}",W900xD515xH1800mm,Steel,,1,https://www.tanko.com.tw/upload/catalog_package_b/ALL_catalog_package_26F10_C2eqA00opE.png,
FBB-208,FBB-208,Locker,locker-gray,https://www.tanko.com.tw/en/products-detail/locker-gray/,"{""Storage unit"": ""8"", ""Lock"": ""Combination lock""}",W900xD515xH1800mm,Steel,,1,https://www.tanko.com.tw/upload/catalog_package_b/ALL_catalog_package_26C05_L4jQXZF868.jpg,C:\Users\User\OneDrive\tanko seo\assets\product\FBB-208.jpg
FBB-208A,FBB-208A,Locker,locker-gray,https://www.tanko.com.tw/en/products-detail/locker-gray/,"{""Storage unit"": ""8"", ""Lock"": ""Key Lock""}",W900xD515xH1800mm,Steel,,1,https://www.tanko.com.tw/upload/catalog_package_b/ALL_catalog_package_26F10_PyF3a2XU7u.png,
FBB-303,FBB-303,Locker,locker-gray,https://www.tanko.com.tw/en/products-detail/locker-gray/,"{""Storage unit"": ""3"", ""Lock"": ""Combination lock""}",W900xD515xH1800mm,Steel,,1,https://www.tanko.com.tw/upload/catalog_package_b/ALL_catalog_package_26C05_iMRaFhxsOK.jpg,C:\Users\User\OneDrive\tanko seo\assets\product\FBB-303.jpg
FBB-303A,FBB-303A,Locker,locker-gray,https://www.tanko.com.tw/en/products-detail/locker-gray/,"{""Storage unit"": ""3"", ""Lock"": ""Key Lock""}",W900xD515xH1800mm,Steel,,1,https://www.tanko.com.tw/upload/catalog_package_b/ALL_catalog_package_26F10_ymOGyIqwYy.png,
FBB-306,FBB-306,Locker,locker-gray,https://www.tanko.com.tw/en/products-detail/locker-gray/,"{""Storage unit"": ""6"", ""Lock"": ""Combination lock""}",W900xD515xH1800mm,Steel,,1,https://www.tanko.com.tw/upload/catalog_package_b/ALL_catalog_package_26C05_ghVXmfOoZy.jpg,C:\Users\User\OneDrive\tanko seo\assets\product\FBB-306.jpg
FBB-306A,FBB-306A,Locker,locker-gray,https://www.tanko.com.tw/en/products-detail/locker-gray/,"{""Storage unit"": ""6"", ""Lock"": ""Key Lock""}",W900xD515xH1800mm,Steel,,1,https://www.tanko.com.tw/upload/catalog_package_b/ALL_catalog_package_26F10_TlnAvsQYjx.png,
FBB-309,FBB-309,Locker,locker-gray,https://www.tanko.com.tw/en/products-detail/locker-gray/,"{""Storage unit"": ""9"", ""Lock"": ""Combination lock""}",W900xD515xH1800mm,Steel,,1,https://www.tanko.com.tw/upload/catalog_package_b/ALL_catalog_package_26C05_Kwhch0SCM0.jpg,C:\Users\User\OneDrive\tanko seo\assets\product\FBB-309.jpg
FBB-309A,FBB-309A,Locker,locker-gray,https://www.tanko.com.tw/en/products-detail/locker-gray/,"{""Storage unit"": ""9"", ""Lock"": ""Key Lock""}",W900xD515xH1800mm,Steel,,1,https://www.tanko.com.tw/upload/catalog_package_b/ALL_catalog_package_26F10_V9hlk9w24w.png,
FBB-312,FBB-312,Locker,locker-gray,https://www.tanko.com.tw/en/products-detail/locker-gray/,"{""Storage unit"": ""12"", ""Lock"": ""Combination lock""}",W900xD515xH1800mm,Steel,,1,https://www.tanko.com.tw/upload/catalog_package_b/ALL_catalog_package_26C05_zGqqFUbUXJ.jpg,C:\Users\User\OneDrive\tanko seo\assets\product\FBB-312.jpg
FBB-312A,FBB-312A,Locker,locker-gray,https://www.tanko.com.tw/en/products-detail/locker-gray/,"{""Storage unit"": ""12"", ""Lock"": ""Key Lock""}",W900xD515xH1800mm,Steel,,1,https://www.tanko.com.tw/upload/catalog_package_b/ALL_catalog_package_26F10_3GTpRVoLsD.png,
FBB-315,FBB-315,Locker,locker-gray,https://www.tanko.com.tw/en/products-detail/locker-gray/,"{""Storage unit"": ""15"", ""Lock"": ""Combination lock""}",W900xD515xH1800mm,Steel,,1,https://www.tanko.com.tw/upload/catalog_package_b/ALL_catalog_package_26C05_U5oWLF5LKl.jpg,C:\Users\User\OneDrive\tanko seo\assets\product\FBB-315.jpg
FBB-315A,FBB-315A,Locker,locker-gray,https://www.tanko.com.tw/en/products-detail/locker-gray/,"{""Storage unit"": ""15"", ""Lock"": ""Key Lock""}",W900xD515xH1800mm,Steel,,1,https://www.tanko.com.tw/upload/catalog_package_b/ALL_catalog_package_26F10_wc5gr5vkpv.png,
FBA-202W,FBA-202W,Locker,locker-white,https://www.tanko.com.tw/en/products-detail/locker-white/,"{""Storage unit"": ""2"", ""Lock"": ""Combination lock""}",W900xD465xH1070mm,Steel,,1,https://www.tanko.com.tw/upload/catalog_package_b/ALL_catalog_package_26C05_i3dGN4wAvS.jpg,C:\Users\User\OneDrive\tanko seo\assets\product\FBA-202W.jpg
FBA-202AW,FBA-202AW,Locker,locker-white,https://www.tanko.com.tw/en/products-detail/locker-white/,"{""Storage unit"": ""2"", ""Lock"": ""Key lock""}",W900xD465xH1070mm,Steel,,1,https://www.tanko.com.tw/upload/catalog_package_b/ALL_catalog_package_26F10_tdICUWcm09.png,
FBA-204W,FBA-204W,Locker,locker-white,https://www.tanko.com.tw/en/products-detail/locker-white/,"{""Storage unit"": ""4"", ""Lock"": ""Combination lock""}",W900xD465xH1070mm,Steel,,1,https://www.tanko.com.tw/upload/catalog_package_b/ALL_catalog_package_26C05_CGbV7oItao.jpg,C:\Users\User\OneDrive\tanko seo\assets\product\FBA-204W.jpg
FBA-204AW,FBA-204AW,Locker,locker-white,https://www.tanko.com.tw/en/products-detail/locker-white/,"{""Storage unit"": ""4"", ""Lock"": ""Key lock""}",W900xD465xH1070mm,Steel,,1,https://www.tanko.com.tw/upload/catalog_package_b/ALL_catalog_package_26F10_4f0VCPICey.png,
MB-206,MB-206,Mould Rack (2 columns),mb-2,https://www.tanko.com.tw/en/products-detail/mb-2/,"{""Shelf Qty"": ""6"", ""Hoist Rail"": ""No""}",W2116xD704xH2000 mm,Cabinet ▸ Steel,,1,https://www.tanko.com.tw/upload/catalog_package_b/ALL_catalog_package_24C21_SMhWIA1OxD.jpg,C:\Users\User\OneDrive\tanko seo\assets\product\MB-206.jpg
MB-2061,MB-2061,Mould Rack (2 columns),mb-2,https://www.tanko.com.tw/en/products-detail/mb-2/,"{""Shelf Qty"": ""6"", ""Hoist Rail"": ""Yes""}",W2116xD704xH2000 mm,Cabinet ▸ Steel,,1,https://www.tanko.com.tw/upload/catalog_package_b/ALL_catalog_package_24C21_76B8GhLNhp.jpg,C:\Users\User\OneDrive\tanko seo\assets\product\MB-2061.jpg
MB-208,MB-208,Mould Rack (2 columns),mb-2,https://www.tanko.com.tw/en/products-detail/mb-2/,"{""Shelf Qty"": ""8"", ""Hoist Rail"": ""No""}",W2116xD704xH2000 mm,Cabinet ▸ Steel,,1,https://www.tanko.com.tw/upload/catalog_package_b/ALL_catalog_package_24C21_yhae03jIbu.jpg,C:\Users\User\OneDrive\tanko seo\assets\product\MB-208.jpg
MB-2081,MB-2081,Mould Rack (2 columns),mb-2,https://www.tanko.com.tw/en/products-detail/mb-2/,"{""Shelf Qty"": ""8"", ""Hoist Rail"": ""Yes""}",W2116xD704xH2000 mm,Cabinet ▸ Steel,,1,https://www.tanko.com.tw/upload/catalog_package_b/ALL_catalog_package_24C21_VkkvsViitO.jpg,C:\Users\User\OneDrive\tanko seo\assets\product\MB-2081.jpg
MB-309,MB-309,Mould Rack (3 columns),mb-3,https://www.tanko.com.tw/en/products-detail/mb-3/,"{""Shelf Qty"": ""9"", ""Hoist Rail"": ""No""}",W3116xD704xH2000 mm,Cabinet ▸ Steel,,1,https://www.tanko.com.tw/upload/catalog_package_b/ALL_catalog_package_24C21_M9i6IX4uy2.jpg,C:\Users\User\OneDrive\tanko seo\assets\product\MB-309.jpg
MB-3091,MB-3091,Mould Rack (3 columns),mb-3,https://www.tanko.com.tw/en/products-detail/mb-3/,"{""Shelf Qty"": ""9"", ""Hoist Rail"": ""Yes""}",W3116xD704xH2000 mm,Cabinet ▸ Steel,,1,https://www.tanko.com.tw/upload/catalog_package_b/ALL_catalog_package_24C21_pjHNceLTUK.jpg,C:\Users\User\OneDrive\tanko seo\assets\product\MB-3091.jpg
MB-312,MB-312,Mould Rack (3 columns),mb-3,https://www.tanko.com.tw/en/products-detail/mb-3/,"{""Shelf Qty"": ""12"", ""Hoist Rail"": ""No""}",W3116xD704xH2000 mm,Cabinet ▸ Steel,,1,https://www.tanko.com.tw/upload/catalog_package_b/ALL_catalog_package_24C21_C0bfle6Vxt.jpg,C:\Users\User\OneDrive\tanko seo\assets\product\MB-312.jpg
MB-3121,MB-3121,Mould Rack (3 columns),mb-3,https://www.tanko.com.tw/en/products-detail/mb-3/,"{""Shelf Qty"": ""12"", ""Hoist Rail"": ""Yes""}",W3116xD704xH2000 mm,Cabinet ▸ Steel,,1,https://www.tanko.com.tw/upload/catalog_package_b/ALL_catalog_package_24C21_0EQbexEMG4.jpg,C:\Users\User\OneDrive\tanko seo\assets\product\MB-3121.jpg
ME-321,ME-321,Pull-out Rack,me,https://www.tanko.com.tw/en/products-detail/me/,"{""Type"": ""A type"", ""Pull-out Rack"": ""Independent""}",W970xD700xH2000mm,Steel,,1,https://www.tanko.com.tw/upload/catalog_package_b/ALL_catalog_package_26G31_OKSha6LOrH.png,
ME-322,ME-322,Pull-out Rack,me,https://www.tanko.com.tw/en/products-detail/me/,"{""Type"": ""A type"", ""Pull-out Rack"": ""Linkable""}",W970xD700xH2000mm,Steel,,1,https://www.tanko.com.tw/upload/catalog_package_b/ALL_catalog_package_26G31_C7iskqVRNY.png,
ME-321,ME-321,Pull-out Rack,me,https://www.tanko.com.tw/en/products-detail/me/,"{""Type"": ""B type"", ""Pull-out Rack"": ""Independent""}",W970xD700xH2000mm,Steel,,1,https://www.tanko.com.tw/upload/catalog_package_b/ALL_catalog_package_26G31_IC8um8cwFg.png,
ME-322,ME-322,Pull-out Rack,me,https://www.tanko.com.tw/en/products-detail/me/,"{""Type"": ""B type"", ""Pull-out Rack"": ""Linkable""}",W970xD700xH2000mm,Steel,,1,https://www.tanko.com.tw/upload/catalog_package_b/ALL_catalog_package_26G31_5GIO5doBVb.png,
RA-309,RA-309,Parts Cabinet,ra-5,https://www.tanko.com.tw/en/products-detail/ra-5/,"{""Cabinet"": ""RA-309"", ""Type"": ""Stand-alone""}",W560xD420xH468 mm,Cabinet ▸ Steel,,1,https://www.tanko.com.tw/upload/catalog_package_b/ALL_catalog_package_24I23_KTR8XBoogC.jpg,C:\Users\User\OneDrive\tanko seo\assets\product\RA-309.jpg
RA-318,RA-318,Parts Cabinet,ra-5,https://www.tanko.com.tw/en/products-detail/ra-5/,"{""Cabinet"": ""RA-318"", ""Type"": ""Stand-alone""}",W560xD420xH468 mm,Cabinet ▸ Steel,,1,https://www.tanko.com.tw/upload/catalog_package_b/ALL_catalog_package_24I23_iPdozYixwT.jpg,C:\Users\User\OneDrive\tanko seo\assets\product\RA-318.jpg
RA-515,RA-515,Parts Cabinet,ra-5,https://www.tanko.com.tw/en/products-detail/ra-5/,"{""Cabinet"": ""RA-515"", ""Type"": ""Stand-alone""}",W560xD420xH468 mm,Cabinet ▸ Steel,,1,https://www.tanko.com.tw/upload/catalog_package_b/ALL_catalog_package_24I23_ov8hzLWzi8.jpg,C:\Users\User\OneDrive\tanko seo\assets\product\RA-515.jpg
RA-530,RA-530,Parts Cabinet,ra-5,https://www.tanko.com.tw/en/products-detail/ra-5/,"{""Cabinet"": ""RA-530"", ""Type"": ""Stand-alone""}",W560xD420xH468 mm,Cabinet ▸ Steel,,1,https://www.tanko.com.tw/upload/catalog_package_b/ALL_catalog_package_25I23_4bUMwhkmix.jpg,C:\Users\User\OneDrive\tanko seo\assets\product\RA-530.jpg
RA-530M,RA-530M,Parts Cabinet,ra-5,https://www.tanko.com.tw/en/products-detail/ra-5/,"{""Cabinet"": ""RA-530"", ""Type"": ""Mobile""}",W560xD420xH468 mm,Cabinet ▸ Steel,,1,https://www.tanko.com.tw/upload/catalog_package_b/ALL_catalog_package_25J13_N4vwGC8B3i.jpg,C:\Users\User\OneDrive\tanko seo\assets\product\RA-530M.jpg
RA-560M,RA-560M,Parts Cabinet,ra-5,https://www.tanko.com.tw/en/products-detail/ra-5/,"{""Cabinet"": ""RA-560"", ""Type"": ""Mobile""}",W560xD420xH468 mm,Cabinet ▸ Steel,,1,https://www.tanko.com.tw/upload/catalog_package_b/ALL_catalog_package_25J13_tKuxYj3Tjs.jpg,C:\Users\User\OneDrive\tanko seo\assets\product\RA-560M.jpg
RA-6091,RA-6091,Professional Workstation,ra-6091,https://www.tanko.com.tw/en/products-detail/ra-6091/,"{""Top"": ""Stainless steel"", ""Panel set"": ""None""}",W620xD510xH970mm,Steel,,3,https://www.tanko.com.tw/upload/catalog_package_b/ALL_catalog_package_24C08_k8qptwX7nQ.png,C:\Users\User\OneDrive\tanko seo\assets\product\RA-6091(S STEEL).png
RA-6091 + RPQ-6103A,RA-6091 + RPQ-6103A,Professional Workstation,ra-6091,https://www.tanko.com.tw/en/products-detail/ra-6091/,"{""Top"": ""Stainless steel"", ""Panel set"": ""Panel""}",W620xD510xH970mm,Steel,,1,https://www.tanko.com.tw/upload/catalog_package_b/ALL_catalog_package_24C19_1iQzhEHj5v.png,C:\Users\User\OneDrive\tanko seo\assets\product\RA-6091+RPQ-6103A(S STEEL).png
RA-6091 + RPQ-6063A + RPH-61,RA-6091 + RPQ-6063A + RPH-61,Professional Workstation,ra-6091,https://www.tanko.com.tw/en/products-detail/ra-6091/,"{""Top"": ""Stainless steel"", ""Panel set"": ""Panel+Wall cabinet""}",W620xD510xH970mm,Steel,,1,https://www.tanko.com.tw/upload/catalog_package_b/ALL_catalog_package_24C19_E63TGGZUKh.png,C:\Users\User\OneDrive\tanko seo\assets\product\RA-6091+RPQ-6063A+RPH-61(S STEEL).png
RA-6091,RA-6091,Professional Workstation,ra-6091,https://www.tanko.com.tw/en/products-detail/ra-6091/,"{""Top"": ""Wood"", ""Panel set"": ""None""}",W620xD510xH970mm,Steel,,2,https://www.tanko.com.tw/upload/catalog_package_b/ALL_catalog_package_24C08_h3w0M2FoCf.png,C:\Users\User\OneDrive\tanko seo\assets\product\RA-6091(WOOD).png
RA-6091 + RPQ-6103A,RA-6091 + RPQ-6103A,Professional Workstation,ra-6091,https://www.tanko.com.tw/en/products-detail/ra-6091/,"{""Top"": ""Wood"", ""Panel set"": ""Panel""}",W620xD510xH970mm,Steel,,1,https://www.tanko.com.tw/upload/catalog_package_b/ALL_catalog_package_24C19_omar66X1Xc.png,C:\Users\User\OneDrive\tanko seo\assets\product\RA-6091+RPQ-6103A(WOOD).png
RA-6091 + RPQ-6063A + RPH-61,RA-6091 + RPQ-6063A + RPH-61,Professional Workstation,ra-6091,https://www.tanko.com.tw/en/products-detail/ra-6091/,"{""Top"": ""Wood"", ""Panel set"": ""Panel+Wall cabinet""}",W620xD510xH970mm,Steel,,1,https://www.tanko.com.tw/upload/catalog_package_b/ALL_catalog_package_24C19_RBH5bVIWmv.png,C:\Users\User\OneDrive\tanko seo\assets\product\RA-6091+RPQ-6063A+RPH-61(WOOD).png
RA-6201,RA-6201,Professional Workstation,ra-6201,https://www.tanko.com.tw/en/products-detail/ra-6201/,"{""Dimensions"": ""W620xD510xH2020"", ""Shelf"": ""4 pcs""}",W620xD510xH2020,Steel,,2,https://www.tanko.com.tw/upload/catalog_package_b/ALL_catalog_package_24C01_4meaW2ohDh.png,C:\Users\User\OneDrive\tanko seo\assets\product\RA-6201.png
RA-9091,RA-9091,Professional Workstation,ra-9091,https://www.tanko.com.tw/en/products-detail/ra-9091/,"{""Top"": ""Stainless steel"", ""Panel set"": ""None""}",W900xD510xH970mm,Steel,,4,https://www.tanko.com.tw/upload/catalog_package_b/ALL_catalog_package_24C08_yhdt13Odph.png,C:\Users\User\OneDrive\tanko seo\assets\product\RA-9091(S STEEL).png
RA-9091 + RPQ-9103A,RA-9091 + RPQ-9103A,Professional Workstation,ra-9091,https://www.tanko.com.tw/en/products-detail/ra-9091/,"{""Top"": ""Stainless steel"", ""Panel set"": ""Panel""}",W900xD510xH970mm,Steel,,1,https://www.tanko.com.tw/upload/catalog_package_b/ALL_catalog_package_24C18_XlmOD5Innf.png,C:\Users\User\OneDrive\tanko seo\assets\product\RA-9091+RPQ-9103A(S STEEL).png
RA-9091 + RPQ-9063A + RPH-91,RA-9091 + RPQ-9063A + RPH-91,Professional Workstation,ra-9091,https://www.tanko.com.tw/en/products-detail/ra-9091/,"{""Top"": ""Stainless steel"", ""Panel set"": ""Panel+Wall cabinet""}",W900xD510xH970mm,Steel,,1,https://www.tanko.com.tw/upload/catalog_package_b/ALL_catalog_package_24C18_bqKwRsktCB.png,C:\Users\User\OneDrive\tanko seo\assets\product\RA-9091+RPQ-9063A+RPH-91(S STEEL).png
RA-9091,RA-9091,Professional Workstation,ra-9091,https://www.tanko.com.tw/en/products-detail/ra-9091/,"{""Top"": ""Wood"", ""Panel set"": ""None""}",W900xD510xH970mm,Steel,,4,https://www.tanko.com.tw/upload/catalog_package_b/ALL_catalog_package_24C08_UvGnVBVAF0.png,C:\Users\User\OneDrive\tanko seo\assets\product\RA-9091(WOOD).png
RA-9091 + RPQ-9103A,RA-9091 + RPQ-9103A,Professional Workstation,ra-9091,https://www.tanko.com.tw/en/products-detail/ra-9091/,"{""Top"": ""Wood"", ""Panel set"": ""Panel""}",W900xD510xH970mm,Steel,,1,https://www.tanko.com.tw/upload/catalog_package_b/ALL_catalog_package_24C18_7LZFnpQD6a.png,C:\Users\User\OneDrive\tanko seo\assets\product\RA-9091+RPQ-9103A(WOOD).png
RA-9091 + RPQ-9063A + RPH-91,RA-9091 + RPQ-9063A + RPH-91,Professional Workstation,ra-9091,https://www.tanko.com.tw/en/products-detail/ra-9091/,"{""Top"": ""Wood"", ""Panel set"": ""Panel+Wall cabinet""}",W900xD510xH970mm,Steel,,1,https://www.tanko.com.tw/upload/catalog_package_b/ALL_catalog_package_24C18_O7DoywjBdN.png,C:\Users\User\OneDrive\tanko seo\assets\product\RA-9091+RPQ-9063A+RPH-91(WOOD).png
RA-9201,RA-9201,Professional Workstation,ra-9201,https://www.tanko.com.tw/en/products-detail/ra-9201/,"{""Accessories"": ""None"", ""Dimensions"": ""W900xD510xH2020mm""}",W900xD510xH2020mm,Steel,,2,https://www.tanko.com.tw/upload/catalog_package_b/ALL_catalog_package_24C01_5fGcJ751ZO.png,C:\Users\User\OneDrive\tanko seo\assets\product\RA-9201.png
RA-9201 + RPB-92,RA-9201 + RPB-92,Professional Workstation,ra-9201,https://www.tanko.com.tw/en/products-detail/ra-9201/,"{""Accessories"": ""Adjustable shelf"", ""Dimensions"": ""W900xD510xH2020mm""}",W900xD510xH2020mm,Steel,,2,https://www.tanko.com.tw/upload/catalog_package_b/ALL_catalog_package_24C01_BrCAuMRcnb.png,C:\Users\User\OneDrive\tanko seo\assets\product\RA-9201+RPB-92.png
RA-9201 + RPB-91,RA-9201 + RPB-91,Professional Workstation,ra-9201,https://www.tanko.com.tw/en/products-detail/ra-9201/,"{""Accessories"": ""Drawer set"", ""Dimensions"": ""W900xD510xH2020mm""}",W900xD510xH2020mm,Steel,,2,https://www.tanko.com.tw/upload/catalog_package_b/ALL_catalog_package_24C01_NXO0Ut7ndF.png,C:\Users\User\OneDrive\tanko seo\assets\product\RA-9201+RPB-91.png
RB-530,RB-530,Parts Cabinet,rb-5,https://www.tanko.com.tw/en/products-detail/rb-5/,"{""Cabinet"": ""RB-530"", ""Type"": ""Stand-alone""}",W900xD500xH900 mm,Cabinet ▸ Steel,,1,https://www.tanko.com.tw/upload/catalog_package_b/ALL_catalog_package_24C27_1K9T1Nracl.png,C:\Users\User\OneDrive\tanko seo\assets\product\RB-530.png
RB-530M,RB-530M,Parts Cabinet,rb-5,https://www.tanko.com.tw/en/products-detail/rb-5/,"{""Cabinet"": ""RB-530"", ""Type"": ""Mobile""}",W900xD500xH900 mm,Cabinet ▸ Steel,,1,https://www.tanko.com.tw/upload/catalog_package_b/ALL_catalog_package_25J13_8JuqHAabUD.png,C:\Users\User\OneDrive\tanko seo\assets\product\RB-530M.png
RB-565,RB-565,Parts Cabinet,rb-5,https://www.tanko.com.tw/en/products-detail/rb-5/,"{""Cabinet"": ""RB-565"", ""Type"": ""Stand-alone""}",W900xD500xH900 mm,Cabinet ▸ Steel,,1,https://www.tanko.com.tw/upload/catalog_package_b/ALL_catalog_package_24C27_KwMazayJiC.png,C:\Users\User\OneDrive\tanko seo\assets\product\RB-565.png
RB-565M,RB-565M,Parts Cabinet,rb-5,https://www.tanko.com.tw/en/products-detail/rb-5/,"{""Cabinet"": ""RB-565"", ""Type"": ""Mobile""}",W900xD500xH900 mm,Cabinet ▸ Steel,,1,https://www.tanko.com.tw/upload/catalog_package_b/ALL_catalog_package_25J13_fqYj8mH4HW.png,C:\Users\User\OneDrive\tanko seo\assets\product\RB-565M.png
RB-6098,RB-6098,Professional Workstation,rb-6098,https://www.tanko.com.tw/en/products-detail/rb-6098/,"{""Top"": ""Stainless steel"", ""Panel set"": ""None""}",W620xD510xH970mm,Steel,,1,https://www.tanko.com.tw/upload/catalog_package_b/ALL_catalog_package_24C08_ADzPgQdvML.png,C:\Users\User\OneDrive\tanko seo\assets\product\RB-6098(S STEEL).png
RB-6098 + RPQ-6103A,RB-6098 + RPQ-6103A,Professional Workstation,rb-6098,https://www.tanko.com.tw/en/products-detail/rb-6098/,"{""Top"": ""Stainless steel"", ""Panel set"": ""Panel""}",W620xD510xH970mm,Steel,,1,https://www.tanko.com.tw/upload/catalog_package_b/ALL_catalog_package_24C19_hBlVE1SCHa.png,C:\Users\User\OneDrive\tanko seo\assets\product\RB-6098 + RPQ-6103A(S STEEL).png
RB-6098 + RPQ-6063A + RPH-61,RB-6098 + RPQ-6063A + RPH-61,Professional Workstation,rb-6098,https://www.tanko.com.tw/en/products-detail/rb-6098/,"{""Top"": ""Stainless steel"", ""Panel set"": ""Panel+Wall cabinet""}",W620xD510xH970mm,Steel,,1,https://www.tanko.com.tw/upload/catalog_package_b/ALL_catalog_package_24C19_yqzkfURotk.png,C:\Users\User\OneDrive\tanko seo\assets\product\RB-6098 + RPQ-6063A + RPH-61(S STEEL).png
RB-6098,RB-6098,Professional Workstation,rb-6098,https://www.tanko.com.tw/en/products-detail/rb-6098/,"{""Top"": ""Wood"", ""Panel set"": ""None""}",W620xD510xH970mm,Steel,,1,https://www.tanko.com.tw/upload/catalog_package_b/ALL_catalog_package_24C08_cgq0KKbnvT.png,C:\Users\User\OneDrive\tanko seo\assets\product\RB-6098(WOOD).png
RB-6098 + RPQ-6103A,RB-6098 + RPQ-6103A,Professional Workstation,rb-6098,https://www.tanko.com.tw/en/products-detail/rb-6098/,"{""Top"": ""Wood"", ""Panel set"": ""Panel""}",W620xD510xH970mm,Steel,,1,https://www.tanko.com.tw/upload/catalog_package_b/ALL_catalog_package_24C19_WEuv5ZudQT.png,C:\Users\User\OneDrive\tanko seo\assets\product\RB-6098 + RPQ-6103A(WOOD).png
RB-6098 + RPQ-6063A + RPH-61,RB-6098 + RPQ-6063A + RPH-61,Professional Workstation,rb-6098,https://www.tanko.com.tw/en/products-detail/rb-6098/,"{""Top"": ""Wood"", ""Panel set"": ""Panel+Wall cabinet""}",W620xD510xH970mm,Steel,,1,https://www.tanko.com.tw/upload/catalog_package_b/ALL_catalog_package_24C19_ocHVfTD8Xg.png,C:\Users\User\OneDrive\tanko seo\assets\product\RB-6098 + RPQ-6063A + RPH-61(WOOD).png
RC-6094,RC-6094,Professional Workstation,rc-6094,https://www.tanko.com.tw/en/products-detail/rc-6094/,"{""Top"": ""Stainless steel"", ""Panel set"": ""None""}",W620xD510xH970mm,Steel,,1,https://www.tanko.com.tw/upload/catalog_package_b/ALL_catalog_package_24C08_re7sqwXotx.png,C:\Users\User\OneDrive\tanko seo\assets\product\RC-6094(S STEEL).png
RC-6094 + RPQ-6103A,RC-6094 + RPQ-6103A,Professional Workstation,rc-6094,https://www.tanko.com.tw/en/products-detail/rc-6094/,"{""Top"": ""Stainless steel"", ""Panel set"": ""Panel""}",W620xD510xH970mm,Steel,,1,https://www.tanko.com.tw/upload/catalog_package_b/ALL_catalog_package_24C19_3c4Qh7vweK.png,C:\Users\User\OneDrive\tanko seo\assets\product\RC-6094 + RPQ-6103A(S STEEL).png
RC-6094 + RPQ-6063A + RPH-61,RC-6094 + RPQ-6063A + RPH-61,Professional Workstation,rc-6094,https://www.tanko.com.tw/en/products-detail/rc-6094/,"{""Top"": ""Stainless steel"", ""Panel set"": ""Panel+Wall cabinet""}",W620xD510xH970mm,Steel,,1,https://www.tanko.com.tw/upload/catalog_package_b/ALL_catalog_package_24C19_2xGIlUJBg3.png,C:\Users\User\OneDrive\tanko seo\assets\product\RC-6094 + RPQ-6063A + RPH-61(S STEEL).png
RC-6094,RC-6094,Professional Workstation,rc-6094,https://www.tanko.com.tw/en/products-detail/rc-6094/,"{""Top"": ""Wood"", ""Panel set"": ""None""}",W620xD510xH970mm,Steel,,1,https://www.tanko.com.tw/upload/catalog_package_b/ALL_catalog_package_24C08_m0pu55MX4j.png,C:\Users\User\OneDrive\tanko seo\assets\product\RC-6094(WOOD).png
RC-6094 + RPQ-6103A,RC-6094 + RPQ-6103A,Professional Workstation,rc-6094,https://www.tanko.com.tw/en/products-detail/rc-6094/,"{""Top"": ""Wood"", ""Panel set"": ""Panel""}",W620xD510xH970mm,Steel,,1,https://www.tanko.com.tw/upload/catalog_package_b/ALL_catalog_package_24C19_2woa3InTpa.png,C:\Users\User\OneDrive\tanko seo\assets\product\RC-6094 + RPQ-6103A(WOOD).png
RC-6094 + RPQ-6063A + RPH-61(Wood),RC-6094 + RPQ-6063A + RPH-61(Wood),Professional Workstation,rc-6094,https://www.tanko.com.tw/en/products-detail/rc-6094/,"{""Top"": ""Wood"", ""Panel set"": ""Panel+Wall cabinet""}",W620xD510xH970mm,Steel,,1,https://www.tanko.com.tw/upload/catalog_package_b/ALL_catalog_package_24C19_wpsyolvFgu.png,C:\Users\User\OneDrive\tanko seo\assets\product\RC-6094 + RPQ-6063A + RPH-61(WOOD).png
RD-6091,RD-6091,Professional Workstation,rd-6091,https://www.tanko.com.tw/en/products-detail/rd-6091/,"{""Panel set"": ""None"", ""Notes"": ""Plumbing pipes not included""}",W620xD510xH1220mm,Steel,,1,https://www.tanko.com.tw/upload/catalog_package_b/ALL_catalog_package_24C08_6wJwdznBw9.png,C:\Users\User\OneDrive\tanko seo\assets\product\RD-6091.png
RD-6091 + RPQ-6102,RD-6091 + RPQ-6102,Professional Workstation,rd-6091,https://www.tanko.com.tw/en/products-detail/rd-6091/,"{""Panel set"": ""Panel (With water baffle)"", ""Notes"": ""Plumbing pipes not included""}",W620xD510xH1220mm,Steel,,1,https://www.tanko.com.tw/upload/catalog_package_b/ALL_catalog_package_24C08_OqIzcQsHHD.png,C:\Users\User\OneDrive\tanko seo\assets\product\RD-6091+RPQ-6102.png
RD-6091 + RPQ-6062 + RPH-61,RD-6091 + RPQ-6062 + RPH-61,Professional Workstation,rd-6091,https://www.tanko.com.tw/en/products-detail/rd-6091/,"{""Panel set"": ""Panel (With water baffle)+Wall cabinet"", ""Notes"": ""Plumbing pipes not included""}",W620xD510xH1220mm,Steel,,1,https://www.tanko.com.tw/upload/catalog_package_b/ALL_catalog_package_24C08_FbbU8b6AnF.png,C:\Users\User\OneDrive\tanko seo\assets\product\RD-6091+RPQ-6062+RPH-61.png
RE-6201,RE-6201,Professional Workstation,re-6201,https://www.tanko.com.tw/en/products-detail/re-6201/,"{""Dimensions"": ""W620xD510xH2020ｍｍ"", ""Shelf"": ""2 pcs""}",W620xD510xH2020ｍｍ,Steel,,2,https://www.tanko.com.tw/upload/catalog_package_b/ALL_catalog_package_24C04_VLkTjOEP2o.png,C:\Users\User\OneDrive\tanko seo\assets\product\RE-6201.png
RFC-131,RFC-131,Professional Workstation,rfc-13,https://www.tanko.com.tw/en/products-detail/rfc-13/,"{""Modular Rack"": ""Independent"", ""Shelf"": ""2 pcs""}",W1370xD500xH2020mm,Steel,,2,https://www.tanko.com.tw/upload/catalog_package_b/ALL_catalog_package_25F09_nojAJ5GLV3.png,C:\Users\User\OneDrive\tanko seo\assets\product\RFC-131.png
RFC-132,RFC-132,Professional Workstation,rfc-13,https://www.tanko.com.tw/en/products-detail/rfc-13/,"{""Modular Rack"": ""Linkable"", ""Shelf"": ""2 pcs""}",W1370xD500xH2020mm,Steel,,2,https://www.tanko.com.tw/upload/catalog_package_b/ALL_catalog_package_25F09_QTYETH7rYR.png,C:\Users\User\OneDrive\tanko seo\assets\product\RFC-132.png
RG-6091,RG-6091,Professional Workstation,rg-6091,https://www.tanko.com.tw/en/products-detail/rg-6091/,"{""Top"": ""Stainless steel"", ""Panel set"": ""None""}",W620xD510xH970mm,Steel,,3,https://www.tanko.com.tw/upload/catalog_package_b/ALL_catalog_package_24C08_p7HfaX9jWS.png,
RG-6091 + RPQ-6103A,RG-6091 + RPQ-6103A,Professional Workstation,rg-6091,https://www.tanko.com.tw/en/products-detail/rg-6091/,"{""Top"": ""Stainless steel"", ""Panel set"": ""Panel""}",W620xD510xH970mm,Steel,,1,https://www.tanko.com.tw/upload/catalog_package_b/ALL_catalog_package_24C19_YLlm1ifKYx.png,C:\Users\User\OneDrive\tanko seo\assets\product\RG-6091 + RPQ-6103A(S STEEL).png
RG-6091 + RPQ-6063A + RPH-61,RG-6091 + RPQ-6063A + RPH-61,Professional Workstation,rg-6091,https://www.tanko.com.tw/en/products-detail/rg-6091/,"{""Top"": ""Stainless steel"", ""Panel set"": ""Panel+Wall cabinet""}",W620xD510xH970mm,Steel,,1,https://www.tanko.com.tw/upload/catalog_package_b/ALL_catalog_package_24C19_B6eVE4gcFI.png,C:\Users\User\OneDrive\tanko seo\assets\product\RG-6091 + RPQ-6063A + RPH-61(S STEEL).png
RG-6091,RG-6091,Professional Workstation,rg-6091,https://www.tanko.com.tw/en/products-detail/rg-6091/,"{""Top"": ""Wood"", ""Panel set"": ""None""}",W620xD510xH970mm,Steel,,3,https://www.tanko.com.tw/upload/catalog_package_b/ALL_catalog_package_24C08_qeYwwzxsd9.png,
RG-6091 + RPQ-6103A,RG-6091 + RPQ-6103A,Professional Workstation,rg-6091,https://www.tanko.com.tw/en/products-detail/rg-6091/,"{""Top"": ""Wood"", ""Panel set"": ""Panel""}",W620xD510xH970mm,Steel,,1,https://www.tanko.com.tw/upload/catalog_package_b/ALL_catalog_package_24C19_Irkoj1AwN4.png,C:\Users\User\OneDrive\tanko seo\assets\product\RG-6091 + RPQ-6103A(WOOD).png
RG-6091 + RPQ-6063A + RPH-61,RG-6091 + RPQ-6063A + RPH-61,Professional Workstation,rg-6091,https://www.tanko.com.tw/en/products-detail/rg-6091/,"{""Top"": ""Wood"", ""Panel set"": ""Panel+Wall cabinet""}",W620xD510xH970mm,Steel,,1,https://www.tanko.com.tw/upload/catalog_package_b/ALL_catalog_package_24C19_rMFmauaIe1.png,C:\Users\User\OneDrive\tanko seo\assets\product\RG-6091 + RPQ-6063A + RPH-61(WOOD).png
RY-01SA,RY-01SA,Professional Workstation,ry,https://www.tanko.com.tw/en/products-detail/ry/,"{""Combination"": ""1"", ""Top"": ""Stainless steel""}",W1240xD540xH2020mm,Steel,,1,https://www.tanko.com.tw/upload/catalog_package_b/ALL_catalog_package_24C04_pMYI2KK0bY.png,C:\Users\User\OneDrive\tanko seo\assets\product\RY-01SA.png
RY-01WA,RY-01WA,Professional Workstation,ry,https://www.tanko.com.tw/en/products-detail/ry/,"{""Combination"": ""1"", ""Top"": ""Wood""}",W1240xD540xH2020mm,Steel,,1,https://www.tanko.com.tw/upload/catalog_package_b/ALL_catalog_package_24C04_RwirpSmXud.png,C:\Users\User\OneDrive\tanko seo\assets\product\RY-01WA.png
RY-02SA,RY-02SA,Professional Workstation,ry,https://www.tanko.com.tw/en/products-detail/ry/,"{""Combination"": ""2"", ""Top"": ""Stainless steel""}",W1240xD540xH2020mm,Steel,,1,https://www.tanko.com.tw/upload/catalog_package_b/ALL_catalog_package_24C04_f0autk90cp.png,C:\Users\User\OneDrive\tanko seo\assets\product\RY-02SA.png
RY-02WA,RY-02WA,Professional Workstation,ry,https://www.tanko.com.tw/en/products-detail/ry/,"{""Combination"": ""2"", ""Top"": ""Wood""}",W1240xD540xH2020mm,Steel,,1,https://www.tanko.com.tw/upload/catalog_package_b/ALL_catalog_package_24C04_sAffrAT5R1.png,C:\Users\User\OneDrive\tanko seo\assets\product\RY-02WA.png
RY-03SA,RY-03SA,Professional Workstation,ry,https://www.tanko.com.tw/en/products-detail/ry/,"{""Combination"": ""3"", ""Top"": ""Stainless steel""}",W1240xD540xH2020mm,Steel,,1,https://www.tanko.com.tw/upload/catalog_package_b/ALL_catalog_package_24C04_JkZRZBi1Rl.png,C:\Users\User\OneDrive\tanko seo\assets\product\RY-03SA.png
RY-03WA,RY-03WA,Professional Workstation,ry,https://www.tanko.com.tw/en/products-detail/ry/,"{""Combination"": ""3"", ""Top"": ""Wood""}",W1240xD540xH2020mm,Steel,,1,https://www.tanko.com.tw/upload/catalog_package_b/ALL_catalog_package_24C04_by9GkSl6Ov.png,C:\Users\User\OneDrive\tanko seo\assets\product\RY-03WA.png
RY-04SA,RY-04SA,Professional Workstation,ry,https://www.tanko.com.tw/en/products-detail/ry/,"{""Combination"": ""4 (Clothes locker)"", ""Top"": ""Stainless steel""}",W1240xD540xH2020mm,Steel,,2,https://www.tanko.com.tw/upload/catalog_package_b/ALL_catalog_package_24C04_jcwkLYWUPI.png,C:\Users\User\OneDrive\tanko seo\assets\product\RY-04SA.png
RY-04WA,RY-04WA,Professional Workstation,ry,https://www.tanko.com.tw/en/products-detail/ry/,"{""Combination"": ""4 (Clothes locker)"", ""Top"": ""Wood""}",W1240xD540xH2020mm,Steel,,2,https://www.tanko.com.tw/upload/catalog_package_b/ALL_catalog_package_25B10_nukXRXvJKW.png,C:\Users\User\OneDrive\tanko seo\assets\product\RY-04WA.png
RY-05SA,RY-05SA,Professional Workstation,ry,https://www.tanko.com.tw/en/products-detail/ry/,"{""Combination"": ""4 (Storage cabinet)"", ""Top"": ""Stainless steel""}",W1240xD540xH2020mm,Steel,,2,https://www.tanko.com.tw/upload/catalog_package_b/ALL_catalog_package_24C04_qOOvEBa6YC.png,C:\Users\User\OneDrive\tanko seo\assets\product\RY-05SA.png
RY-05WA,RY-05WA,Professional Workstation,ry,https://www.tanko.com.tw/en/products-detail/ry/,"{""Combination"": ""4 (Storage cabinet)"", ""Top"": ""Wood""}",W1240xD540xH2020mm,Steel,,2,https://www.tanko.com.tw/upload/catalog_package_b/ALL_catalog_package_25B10_zcpxFa1AzQ.png,C:\Users\User\OneDrive\tanko seo\assets\product\RY-05WA.png
SAQ-361,SAQ-361,Classic Workstation,sa,https://www.tanko.com.tw/en/products-detail/sa/,"{""Type"": ""Panel"", ""Accessories"": ""None""}",W900xD515xH1780mm,Steel,,2,https://www.tanko.com.tw/upload/catalog_package_b/ALL_catalog_package_24C08_Q9n6zFOMuP.png,C:\Users\User\OneDrive\tanko seo\assets\product\SAQ-361.png
SAQ-362,SAQ-362,Classic Workstation,sa,https://www.tanko.com.tw/en/products-detail/sa/,"{""Type"": ""Panel"", ""Accessories"": ""Drawer set""}",W900xD515xH1780mm,Steel,,2,https://www.tanko.com.tw/upload/catalog_package_b/ALL_catalog_package_24C08_NGt0ADBdVc.png,C:\Users\User\OneDrive\tanko seo\assets\product\SAQ-362.png
SAQ-361M,SAQ-361M,Classic Workstation,sa,https://www.tanko.com.tw/en/products-detail/sa/,"{""Type"": ""Panel"", ""Accessories"": ""Mobile""}",W900xD515xH1780mm,Steel,,2,https://www.tanko.com.tw/upload/catalog_package_b/ALL_catalog_package_25L23_FzrRr2Z4q1.jpg,C:\Users\User\OneDrive\tanko seo\assets\product\SAQ-361M.jpg
SAQ-362M,SAQ-362M,Classic Workstation,sa,https://www.tanko.com.tw/en/products-detail/sa/,"{""Type"": ""Panel"", ""Accessories"": ""Mobile+Drawer set""}",W900xD515xH1780mm,Steel,,2,https://www.tanko.com.tw/upload/catalog_package_b/ALL_catalog_package_25L23_VOqDOfLSVK.jpg,C:\Users\User\OneDrive\tanko seo\assets\product\SAQ-362M.jpg
SAA-361,SAA-361,Classic Workstation,sa,https://www.tanko.com.tw/en/products-detail/sa/,"{""Type"": ""Shelves"", ""Accessories"": ""None""}",W900xD515xH1780mm,Steel,,2,https://www.tanko.com.tw/upload/catalog_package_b/ALL_catalog_package_24C08_KDR1shhGD3.png,C:\Users\User\OneDrive\tanko seo\assets\product\SAA-361.png
SAA-362,SAA-362,Classic Workstation,sa,https://www.tanko.com.tw/en/products-detail/sa/,"{""Type"": ""Shelves"", ""Accessories"": ""Drawer set""}",W900xD515xH1780mm,Steel,,2,https://www.tanko.com.tw/upload/catalog_package_b/ALL_catalog_package_24C08_MNTyikkPw0.png,C:\Users\User\OneDrive\tanko seo\assets\product\SAA-362.png
SAA-361M,SAA-361M,Classic Workstation,sa,https://www.tanko.com.tw/en/products-detail/sa/,"{""Type"": ""Shelves"", ""Accessories"": ""Mobile""}",W900xD515xH1780mm,Steel,,2,https://www.tanko.com.tw/upload/catalog_package_b/ALL_catalog_package_25L23_qPMi6Jtdv7.jpg,C:\Users\User\OneDrive\tanko seo\assets\product\SAA-361M.jpg
SAA-362M,SAA-362M,Classic Workstation,sa,https://www.tanko.com.tw/en/products-detail/sa/,"{""Type"": ""Shelves"", ""Accessories"": ""Mobile+Drawer set""}",W900xD515xH1780mm,Steel,,2,https://www.tanko.com.tw/upload/catalog_package_b/ALL_catalog_package_25L23_ZMpxRPqOHo.jpg,C:\Users\User\OneDrive\tanko seo\assets\product\SAA-362M.jpg
SAA-231,SAA-231,Classic Workstation,saa-231,https://www.tanko.com.tw/en/products-detail/saa-231/,"{""Model No."": ""SAA-231"", ""Accessories"": ""None""}",W600xD515xH900mm,Steel,,2,https://www.tanko.com.tw/upload/catalog_package_b/ALL_catalog_package_24C08_xM4fuOfN0X.png,
SAA-331,SAA-331,Classic Workstation,saa-331,https://www.tanko.com.tw/en/products-detail/saa-331/,"{""Top"": ""None"", ""Panel Set"": ""None""}",W900xD515xH900mm,Steel,,2,https://www.tanko.com.tw/upload/catalog_package_b/ALL_catalog_package_24C08_rp78CRymu3.png,
SAA-331M,SAA-331M,Classic Workstation,saa-331,https://www.tanko.com.tw/en/products-detail/saa-331/,"{""Top"": ""None"", ""Panel Set"": ""Mobile""}",W900xD515xH900mm,Steel,,2,https://www.tanko.com.tw/upload/catalog_package_b/ALL_catalog_package_25L23_3WEgG3DPPu.jpg,
SAA-331(SPW-3),SAA-331(SPW-3),Classic Workstation,saa-331,https://www.tanko.com.tw/en/products-detail/saa-331/,"{""Top"": ""Steel"", ""Panel Set"": ""None""}",W900xD515xH900mm,Steel,,1,https://www.tanko.com.tw/upload/catalog_package_b/ALL_catalog_package_24C08_mMPZgWv8K1.png,C:\Users\User\OneDrive\tanko seo\assets\product\SAA-331(SPW-3).png
SAA-331(SPW-3) + SPQ-32A,SAA-331(SPW-3) + SPQ-32A,Classic Workstation,saa-331,https://www.tanko.com.tw/en/products-detail/saa-331/,"{""Top"": ""Steel"", ""Panel Set"": ""Panel""}",W900xD515xH900mm,Steel,,1,https://www.tanko.com.tw/upload/catalog_package_b/ALL_catalog_package_24C19_LPsXlnRU5n.png,C:\Users\User\OneDrive\tanko seo\assets\product\SAA-331(SPW-3) + SPQ-32A.png
SAA-331(SPW-3) + SPQ-33A,SAA-331(SPW-3) + SPQ-33A,Classic Workstation,saa-331,https://www.tanko.com.tw/en/products-detail/saa-331/,"{""Top"": ""Steel"", ""Panel Set"": ""Panel+Light""}",W900xD515xH900mm,Steel,,1,https://www.tanko.com.tw/upload/catalog_package_b/ALL_catalog_package_24C19_aiIOigd4Az.png,C:\Users\User\OneDrive\tanko seo\assets\product\SAA-331(SPW-3) + SPQ-33A.png
SAA-331M(SPW-3),SAA-331M(SPW-3),Classic Workstation,saa-331,https://www.tanko.com.tw/en/products-detail/saa-331/,"{""Top"": ""Steel"", ""Panel Set"": ""Mobile""}",W900xD515xH900mm,Steel,,1,https://www.tanko.com.tw/upload/catalog_package_b/ALL_catalog_package_25L23_ZjlM8yeYn1.jpg,C:\Users\User\OneDrive\tanko seo\assets\product\SAA-331M(SPW-3).jpg
SAA-331(SPW-3S),SAA-331(SPW-3S),Classic Workstation,saa-331,https://www.tanko.com.tw/en/products-detail/saa-331/,"{""Top"": ""Stainless steel"", ""Panel Set"": ""None""}",W900xD515xH900mm,Steel,,1,https://www.tanko.com.tw/upload/catalog_package_b/ALL_catalog_package_24C08_3dgb3TaGyp.png,C:\Users\User\OneDrive\tanko seo\assets\product\SAA-331(SPW-3S).png
SAA-331(SPW-3S) + SPQ-32A,SAA-331(SPW-3S) + SPQ-32A,Classic Workstation,saa-331,https://www.tanko.com.tw/en/products-detail/saa-331/,"{""Top"": ""Stainless steel"", ""Panel Set"": ""Panel""}",W900xD515xH900mm,Steel,,1,https://www.tanko.com.tw/upload/catalog_package_b/ALL_catalog_package_24C19_QKq7zytnq6.png,C:\Users\User\OneDrive\tanko seo\assets\product\SAA-331(SPW-3S) + SPQ-32A.png
SAA-331(SPW-3S) + SPQ-33A,SAA-331(SPW-3S) + SPQ-33A,Classic Workstation,saa-331,https://www.tanko.com.tw/en/products-detail/saa-331/,"{""Top"": ""Stainless steel"", ""Panel Set"": ""Panel+Light""}",W900xD515xH900mm,Steel,,1,https://www.tanko.com.tw/upload/catalog_package_b/ALL_catalog_package_24C19_mU8pNVVclW.png,C:\Users\User\OneDrive\tanko seo\assets\product\SAA-331(SPW-3S) + SPQ-33A.png
SAA-331M(SPW-3S),SAA-331M(SPW-3S),Classic Workstation,saa-331,https://www.tanko.com.tw/en/products-detail/saa-331/,"{""Top"": ""Stainless steel"", ""Panel Set"": ""Mobile""}",W900xD515xH900mm,Steel,,1,https://www.tanko.com.tw/upload/catalog_package_b/ALL_catalog_package_25L23_NjiU9BHcH9.jpg,C:\Users\User\OneDrive\tanko seo\assets\product\SAA-331M(SPW-3S).jpg
SAB-331,SAB-331,Classic Workstation,sab-331,https://www.tanko.com.tw/en/products-detail/sab-331/,"{""Top"": ""None"", ""Panel set"": ""None""}",W900xD515xH900mm,Steel,,1,https://www.tanko.com.tw/upload/catalog_package_b/ALL_catalog_package_24C08_B9bdQ4ADg7.png,C:\Users\User\OneDrive\tanko seo\assets\product\SAB-331.png
SAB-331(SPW-3),SAB-331(SPW-3),Classic Workstation,sab-331,https://www.tanko.com.tw/en/products-detail/sab-331/,"{""Top"": ""Steel"", ""Panel set"": ""None""}",W900xD515xH900mm,Steel,,1,https://www.tanko.com.tw/upload/catalog_package_b/ALL_catalog_package_24C08_umQEZym3QZ.png,C:\Users\User\OneDrive\tanko seo\assets\product\SAB-331(SPW-3).png
SAB-331(SPW-3) + SPQ-32A,SAB-331(SPW-3) + SPQ-32A,Classic Workstation,sab-331,https://www.tanko.com.tw/en/products-detail/sab-331/,"{""Top"": ""Steel"", ""Panel set"": ""Panel""}",W900xD515xH900mm,Steel,,1,https://www.tanko.com.tw/upload/catalog_package_b/ALL_catalog_package_24C19_DWtRC6BXT2.png,C:\Users\User\OneDrive\tanko seo\assets\product\SAB-331(SPW-3) + SPQ-32A.png
SAB-331(SPW-3) + SPQ-33A,SAB-331(SPW-3) + SPQ-33A,Classic Workstation,sab-331,https://www.tanko.com.tw/en/products-detail/sab-331/,"{""Top"": ""Steel"", ""Panel set"": ""Panel+Light""}",W900xD515xH900mm,Steel,,1,https://www.tanko.com.tw/upload/catalog_package_b/ALL_catalog_package_24C19_HSVz1YnTfx.png,C:\Users\User\OneDrive\tanko seo\assets\product\SAB-331(SPW-3) + SPQ-33A.png
SAB-331(SPW-3S),SAB-331(SPW-3S),Classic Workstation,sab-331,https://www.tanko.com.tw/en/products-detail/sab-331/,"{""Top"": ""Stainless steel"", ""Panel set"": ""None""}",W900xD515xH900mm,Steel,,1,https://www.tanko.com.tw/upload/catalog_package_b/ALL_catalog_package_24C08_M2hF6kI238.png,C:\Users\User\OneDrive\tanko seo\assets\product\SAB-331(SPW-3S).png
SAB-331(SPW-3S) + SPQ-32A,SAB-331(SPW-3S) + SPQ-32A,Classic Workstation,sab-331,https://www.tanko.com.tw/en/products-detail/sab-331/,"{""Top"": ""Stainless steel"", ""Panel set"": ""Panel""}",W900xD515xH900mm,Steel,,1,https://www.tanko.com.tw/upload/catalog_package_b/ALL_catalog_package_24C19_xi92RKRXi0.png,C:\Users\User\OneDrive\tanko seo\assets\product\SAB-331(SPW-3S) + SPQ-32A.png
SAB-331(SPW-3S) + SPQ-33A,SAB-331(SPW-3S) + SPQ-33A,Classic Workstation,sab-331,https://www.tanko.com.tw/en/products-detail/sab-331/,"{""Top"": ""Stainless steel"", ""Panel set"": ""Panel+Light""}",W900xD515xH900mm,Steel,,1,https://www.tanko.com.tw/upload/catalog_package_b/ALL_catalog_package_24C19_DKrRtUgMH6.png,C:\Users\User\OneDrive\tanko seo\assets\product\SAB-331(SPW-3S) + SPQ-33A.png
SAG-231,SAG-231,Classic Workstation,sag-231,https://www.tanko.com.tw/en/products-detail/sag-231/,"{""Model No."": ""SAG-231"", ""Dimensions"": ""W600xD515xH900""}",W600xD515xH900,Steel,,3,https://www.tanko.com.tw/upload/catalog_package_b/ALL_catalog_package_24C08_vXFw83B78m.png,
SAN-331,SAN-331,CNC Tool Cabinet with Door,san-33,https://www.tanko.com.tw/en/products-detail/san-33/,"{""Tool Holders"": ""BT-30"", ""Accessories"": ""None""}",W900xD515xH900 mm,,,2,https://www.tanko.com.tw/upload/catalog_package_b/ALL_catalog_package_24C26_Mp0er3is3g.png,C:\Users\User\OneDrive\tanko seo\assets\product\SAN-331.png
SAN-332,SAN-332,CNC Tool Cabinet with Door,san-33,https://www.tanko.com.tw/en/products-detail/san-33/,"{""Tool Holders"": ""BT-40"", ""Accessories"": ""None""}",W900xD515xH900 mm,,,2,https://www.tanko.com.tw/upload/catalog_package_b/ALL_catalog_package_24C26_eRQqh3QUJp.png,C:\Users\User\OneDrive\tanko seo\assets\product\SAN-332.png
SAN-333,SAN-333,CNC Tool Cabinet with Door,san-33,https://www.tanko.com.tw/en/products-detail/san-33/,"{""Tool Holders"": ""BT-50"", ""Accessories"": ""None""}",W900xD515xH900 mm,,,2,https://www.tanko.com.tw/upload/catalog_package_b/ALL_catalog_package_24C26_JFGMNVWqL8.png,C:\Users\User\OneDrive\tanko seo\assets\product\SAN-333.png
SAN-336,SAN-336,CNC Tool Cabinet with Door,san-33,https://www.tanko.com.tw/en/products-detail/san-33/,"{""Tool Holders"": ""HSK-40"", ""Accessories"": ""None""}",W900xD515xH900 mm,,,2,https://www.tanko.com.tw/upload/catalog_package_b/ALL_catalog_package_24C26_k0rPsNDlxH.png,C:\Users\User\OneDrive\tanko seo\assets\product\SAN-336.png
SAN-338,SAN-338,CNC Tool Cabinet with Door,san-33,https://www.tanko.com.tw/en/products-detail/san-33/,"{""Tool Holders"": ""HSK-63"", ""Accessories"": ""None""}",W900xD515xH900 mm,,,2,https://www.tanko.com.tw/upload/catalog_package_b/ALL_catalog_package_24C26_iL4bHWDCAP.png,C:\Users\User\OneDrive\tanko seo\assets\product\SAN-338.png
SAN-361,SAN-361,CNC Tool Cabinet with Door,san-36,https://www.tanko.com.tw/en/products-detail/san-36/,"{""Tool Holders"": ""BT-30"", ""Accessories"": ""None""}",W900xD515xH1780 mm,,,2,https://www.tanko.com.tw/upload/catalog_package_b/ALL_catalog_package_24C26_AC3e10FtcC.png,C:\Users\User\OneDrive\tanko seo\assets\product\SAN-361.png
SAN-362,SAN-362,CNC Tool Cabinet with Door,san-36,https://www.tanko.com.tw/en/products-detail/san-36/,"{""Tool Holders"": ""BT-40"", ""Accessories"": ""None""}",W900xD515xH1780 mm,,,2,https://www.tanko.com.tw/upload/catalog_package_b/ALL_catalog_package_24C26_vkQF8K2SXJ.png,C:\Users\User\OneDrive\tanko seo\assets\product\SAN-362.png
SAN-363,SAN-363,CNC Tool Cabinet with Door,san-36,https://www.tanko.com.tw/en/products-detail/san-36/,"{""Tool Holders"": ""BT-50"", ""Accessories"": ""None""}",W900xD515xH1780 mm,,,2,https://www.tanko.com.tw/upload/catalog_package_b/ALL_catalog_package_24C26_ZAOmpRvTON.png,C:\Users\User\OneDrive\tanko seo\assets\product\SAN-363.png
SAN-366,SAN-366,CNC Tool Cabinet with Door,san-36,https://www.tanko.com.tw/en/products-detail/san-36/,"{""Tool Holders"": ""HSK-40"", ""Accessories"": ""None""}",W900xD515xH1780 mm,,,2,https://www.tanko.com.tw/upload/catalog_package_b/ALL_catalog_package_24C26_SzmvMMW1AM.png,C:\Users\User\OneDrive\tanko seo\assets\product\SAN-366.png
SAN-368,SAN-368,CNC Tool Cabinet with Door,san-36,https://www.tanko.com.tw/en/products-detail/san-36/,"{""Tool Holders"": ""HSK-63"", ""Accessories"": ""None""}",W900xD515xH1780 mm,,,2,https://www.tanko.com.tw/upload/catalog_package_b/ALL_catalog_package_24C26_Bb0sOVUXdK.png,C:\Users\User\OneDrive\tanko seo\assets\product\SAN-368.png
SAN-361K,SAN-361K,CNC Tool Cabinet with Door,san-36k,https://www.tanko.com.tw/en/products-detail/san-36k/,"{""Tool Holders"": ""BT-30"", ""Accessories"": ""None""}",W900xD515xH1780 mm,,,2,https://www.tanko.com.tw/upload/catalog_package_b/ALL_catalog_package_25K04_DKi6kRQris.png,C:\Users\User\OneDrive\tanko seo\assets\product\SAN-361K.png
SAN-362K,SAN-362K,CNC Tool Cabinet with Door,san-36k,https://www.tanko.com.tw/en/products-detail/san-36k/,"{""Tool Holders"": ""BT-40"", ""Accessories"": ""None""}",W900xD515xH1780 mm,,,2,https://www.tanko.com.tw/upload/catalog_package_b/ALL_catalog_package_25K04_k4YpdDJQE2.png,C:\Users\User\OneDrive\tanko seo\assets\product\SAN-362K.png
SAN-363K,SAN-363K,CNC Tool Cabinet with Door,san-36k,https://www.tanko.com.tw/en/products-detail/san-36k/,"{""Tool Holders"": ""BT-50"", ""Accessories"": ""None""}",W900xD515xH1780 mm,,,2,https://www.tanko.com.tw/upload/catalog_package_b/ALL_catalog_package_25K04_IBwhACujbh.png,C:\Users\User\OneDrive\tanko seo\assets\product\SAN-363K.png
SAN-366K,SAN-366K,CNC Tool Cabinet with Door,san-36k,https://www.tanko.com.tw/en/products-detail/san-36k/,"{""Tool Holders"": ""HSK-40"", ""Accessories"": ""None""}",W900xD515xH1780 mm,,,2,https://www.tanko.com.tw/upload/catalog_package_b/ALL_catalog_package_25K04_Cl9ykOfdY0.png,C:\Users\User\OneDrive\tanko seo\assets\product\SAN-366K.png
SAN-368K,SAN-368K,CNC Tool Cabinet with Door,san-36k,https://www.tanko.com.tw/en/products-detail/san-36k/,"{""Tool Holders"": ""HSK-63"", ""Accessories"": ""None""}",W900xD515xH1780 mm,,,2,https://www.tanko.com.tw/upload/catalog_package_b/ALL_catalog_package_25K04_sf7wOci3Yh.png,C:\Users\User\OneDrive\tanko seo\assets\product\SAN-368K.png
SCA-361,SCA-361,Classic Workstation,sca,https://www.tanko.com.tw/en/products-detail/sca/,"{""Drawer"": ""60 pcs"", ""Drawer Rack"": ""Independent""}",W970xD500xH1780mm,Rack▸Steel,,1,https://www.tanko.com.tw/upload/catalog_package_b/ALL_catalog_package_25D17_sFOFKY5q7o.png,C:\Users\User\OneDrive\tanko seo\assets\product\SCA-361.png
SCA-362,SCA-362,Classic Workstation,sca,https://www.tanko.com.tw/en/products-detail/sca/,"{""Drawer"": ""60 pcs"", ""Drawer Rack"": ""Linkable""}",W970xD500xH1780mm,Rack▸Steel,,2,https://www.tanko.com.tw/upload/catalog_package_b/ALL_catalog_package_25D17_CyHcBAqqG7.png,C:\Users\User\OneDrive\tanko seo\assets\product\SCA-362.png
SCB-361,SCB-361,Classic Workstation,sca,https://www.tanko.com.tw/en/products-detail/sca/,"{""Drawer"": ""30 pcs"", ""Drawer Rack"": ""Independent""}",W970xD500xH1780mm,Rack▸Steel,,1,https://www.tanko.com.tw/upload/catalog_package_b/ALL_catalog_package_25D17_DBEGE0KyDR.png,C:\Users\User\OneDrive\tanko seo\assets\product\SCB-361.png
SCB-362,SCB-362,Classic Workstation,sca,https://www.tanko.com.tw/en/products-detail/sca/,"{""Drawer"": ""30 pcs"", ""Drawer Rack"": ""Linkable""}",W970xD500xH1780mm,Rack▸Steel,,3,https://www.tanko.com.tw/upload/catalog_package_b/ALL_catalog_package_25D17_25mJ11kz1f.png,C:\Users\User\OneDrive\tanko seo\assets\product\SCB-362.png
SCC-461,SCC-461,Classic Workstation,scc,https://www.tanko.com.tw/en/products-detail/scc/,"{""Modular Rack"": ""Independent"", ""Shelf"": ""2 pcs""}",W1370xD500xH1780mm,Steel,,1,https://www.tanko.com.tw/upload/catalog_package_b/ALL_catalog_package_24C08_ymbrSaOgA4.png,C:\Users\User\OneDrive\tanko seo\assets\product\SCC-461.png
SCC-462,SCC-462,Classic Workstation,scc,https://www.tanko.com.tw/en/products-detail/scc/,"{""Modular Rack"": ""Linkable"", ""Shelf"": ""2 pcs""}",W1370xD500xH1780mm,Steel,,1,https://www.tanko.com.tw/upload/catalog_package_b/ALL_catalog_package_24C08_KHQDvijPxO.png,C:\Users\User\OneDrive\tanko seo\assets\product\SCC-462.png
SG-23071,SG-23071,Classic Workstation,sg-23071,https://www.tanko.com.tw/en/products-detail/sg-23071/,"{""Drawers"": ""7"", ""Accessories"": ""None""}",W600xD510xH900mm,Steel,,1,https://www.tanko.com.tw/upload/catalog_package_b/ALL_catalog_package_24C08_DJX9XTkv0f.png,C:\Users\User\OneDrive\tanko seo\assets\product\SG-23071.png
SY-01A,SY-01A,Classic Workstation,sy,https://www.tanko.com.tw/en/products-detail/sy/,"{""Combination"": ""A"", ""Top"": ""Steel""}",W3000xD555xH1780mm,Steel,,1,https://www.tanko.com.tw/upload/catalog_package_b/ALL_catalog_package_24C19_1DsAQYabFm.png,C:\Users\User\OneDrive\tanko seo\assets\product\SY-01A.png
SY-01SA,SY-01SA,Classic Workstation,sy,https://www.tanko.com.tw/en/products-detail/sy/,"{""Combination"": ""A"", ""Top"": ""Stainless steel""}",W3000xD555xH1780mm,Steel,,1,https://www.tanko.com.tw/upload/catalog_package_b/ALL_catalog_package_24C19_ID5XlBkbbJ.png,C:\Users\User\OneDrive\tanko seo\assets\product\SY-01SA.png
SY-02A,SY-02A,Classic Workstation,sy,https://www.tanko.com.tw/en/products-detail/sy/,"{""Combination"": ""B"", ""Top"": ""Steel""}",W3000xD555xH1780mm,Steel,,1,https://www.tanko.com.tw/upload/catalog_package_b/ALL_catalog_package_24C19_hUNdE5Y4dM.png,C:\Users\User\OneDrive\tanko seo\assets\product\SY-02A.png
SY-02SA,SY-02SA,Classic Workstation,sy,https://www.tanko.com.tw/en/products-detail/sy/,"{""Combination"": ""B"", ""Top"": ""Stainless steel""}",W3000xD555xH1780mm,Steel,,1,https://www.tanko.com.tw/upload/catalog_package_b/ALL_catalog_package_24C19_9jbTJ1L2q2.png,C:\Users\User\OneDrive\tanko seo\assets\product\SY-02SA.png
SY-03A,SY-03A,Classic Workstation,sy,https://www.tanko.com.tw/en/products-detail/sy/,"{""Combination"": ""C"", ""Top"": ""Steel""}",W3000xD555xH1780mm,Steel,,1,https://www.tanko.com.tw/upload/catalog_package_b/ALL_catalog_package_24C19_H6GUQrnNv5.png,C:\Users\User\OneDrive\tanko seo\assets\product\SY-03A.png
SY-03SA,SY-03SA,Classic Workstation,sy,https://www.tanko.com.tw/en/products-detail/sy/,"{""Combination"": ""C"", ""Top"": ""Stainless steel""}",W3000xD555xH1780mm,Steel,,1,https://www.tanko.com.tw/upload/catalog_package_b/ALL_catalog_package_24C19_q7iOYWxR13.png,C:\Users\User\OneDrive\tanko seo\assets\product\SY-03SA.png
SY-04A,SY-04A,Classic Workstation,sy,https://www.tanko.com.tw/en/products-detail/sy/,"{""Combination"": ""D"", ""Top"": ""Steel""}",W3000xD555xH1780mm,Steel,,1,https://www.tanko.com.tw/upload/catalog_package_b/ALL_catalog_package_24C19_9kJaywC6vq.png,C:\Users\User\OneDrive\tanko seo\assets\product\SY-04A.png
SY-04SA,SY-04SA,Classic Workstation,sy,https://www.tanko.com.tw/en/products-detail/sy/,"{""Combination"": ""D"", ""Top"": ""Stainless steel""}",W3000xD555xH1780mm,Steel,,1,https://www.tanko.com.tw/upload/catalog_package_b/ALL_catalog_package_24C19_6xYSjMHzQT.png,C:\Users\User\OneDrive\tanko seo\assets\product\SY-04SA.png
TA-155,TA-155,Team Bin,ta-1,https://www.tanko.com.tw/en/products-detail/ta-1/,"{""Model No."": ""TA-155 ( 8pcs/CTN)"", ""Color"": ""Gray""}",,,,1,https://www.tanko.com.tw/upload/catalog_package_b/ALL_catalog_package_25F02_0PxmhH5v5w.png,C:\Users\User\OneDrive\tanko seo\assets\product\TA-155-gray.png
TA-155,TA-155,Team Bin,ta-1,https://www.tanko.com.tw/en/products-detail/ta-1/,"{""Model No."": ""TA-155 ( 8pcs/CTN)"", ""Color"": ""Blue""}",,,,1,https://www.tanko.com.tw/upload/catalog_package_b/ALL_catalog_package_24D22_H1ZeXL2HZs.png,C:\Users\User\OneDrive\tanko seo\assets\product\TA-155-blue.png
TA-154,TA-154,Team Bin,ta-1,https://www.tanko.com.tw/en/products-detail/ta-1/,"{""Model No."": ""TA-154 (12pcs/CTN)"", ""Color"": ""Gray""}",,,,1,https://www.tanko.com.tw/upload/catalog_package_b/ALL_catalog_package_25E22_Za4EptG6hl.png,C:\Users\User\OneDrive\tanko seo\assets\product\TA-154-gray.png
TA-154,TA-154,Team Bin,ta-1,https://www.tanko.com.tw/en/products-detail/ta-1/,"{""Model No."": ""TA-154 (12pcs/CTN)"", ""Color"": ""Blue""}",,,,1,https://www.tanko.com.tw/upload/catalog_package_b/ALL_catalog_package_24D22_anvyoy0jMn.png,C:\Users\User\OneDrive\tanko seo\assets\product\TA-154-blue.png
TA-120,TA-120,Team Bin,ta-1,https://www.tanko.com.tw/en/products-detail/ta-1/,"{""Model No."": ""TA-120 (18pcs/CTN)"", ""Color"": ""Gray""}",,,,1,https://www.tanko.com.tw/upload/catalog_package_b/ALL_catalog_package_25E22_xsu4hB5YWD.png,C:\Users\User\OneDrive\tanko seo\assets\product\TA-120-gray.png
TA-120,TA-120,Team Bin,ta-1,https://www.tanko.com.tw/en/products-detail/ta-1/,"{""Model No."": ""TA-120 (18pcs/CTN)"", ""Color"": ""Blue""}",,,,1,https://www.tanko.com.tw/upload/catalog_package_b/ALL_catalog_package_24D22_QcXhkE9SIE.png,C:\Users\User\OneDrive\tanko seo\assets\product\TA-120-blue.png
TA-115,TA-115,Team Bin,ta-1,https://www.tanko.com.tw/en/products-detail/ta-1/,"{""Model No."": ""TA-115 (36pcs/CTN)"", ""Color"": ""Gray""}",,,,1,https://www.tanko.com.tw/upload/catalog_package_b/ALL_catalog_package_25E22_CwSXQsvL0M.png,C:\Users\User\OneDrive\tanko seo\assets\product\TA-115-gray.png
TA-115,TA-115,Team Bin,ta-1,https://www.tanko.com.tw/en/products-detail/ta-1/,"{""Model No."": ""TA-115 (36pcs/CTN)"", ""Color"": ""Blue""}",,,,1,https://www.tanko.com.tw/upload/catalog_package_b/ALL_catalog_package_24D22_DGCGNbHsWd.png,C:\Users\User\OneDrive\tanko seo\assets\product\TA-115-blue.png
TA-112,TA-112,Team Bin,ta-1,https://www.tanko.com.tw/en/products-detail/ta-1/,"{""Model No."": ""TA-112 (50pcs/CTN)"", ""Color"": ""Gray""}",,,,1,https://www.tanko.com.tw/upload/catalog_package_b/ALL_catalog_package_25E22_NsQOK3ecTE.png,C:\Users\User\OneDrive\tanko seo\assets\product\TA-112-gray.png
TA-112,TA-112,Team Bin,ta-1,https://www.tanko.com.tw/en/products-detail/ta-1/,"{""Model No."": ""TA-112 (50pcs/CTN)"", ""Color"": ""Blue""}",,,,1,https://www.tanko.com.tw/upload/catalog_package_b/ALL_catalog_package_24D22_M7wwfaJbQA.png,C:\Users\User\OneDrive\tanko seo\assets\product\TA-112-blue.png
TC-111,TC-111,Tilt Out Bin,tc-11,https://www.tanko.com.tw/en/products-detail/tc-11/,"{""Model No."": ""TC-111 (L)"", ""Qty"": ""12 pcs / CTN""}",,,,3,https://www.tanko.com.tw/upload/catalog_package_b/ALL_catalog_package_24C27_KTIhO2LTFK.png,C:\Users\User\OneDrive\tanko seo\assets\product\TC-111.png
TC-112,TC-112,Tilt Out Bin,tc-11,https://www.tanko.com.tw/en/products-detail/tc-11/,"{""Model No."": ""TC-112 (M)"", ""Qty"": ""12 pcs / CTN""}",,,,3,https://www.tanko.com.tw/upload/catalog_package_b/ALL_catalog_package_24C27_58NLcSVGUi.png,C:\Users\User\OneDrive\tanko seo\assets\product\TC-112.png
TC-113,TC-113,Tilt Out Bin,tc-11,https://www.tanko.com.tw/en/products-detail/tc-11/,"{""Model No."": ""TC-113 (S)"", ""Qty"": ""12 pcs / CTN""}",,,,3,https://www.tanko.com.tw/upload/catalog_package_b/ALL_catalog_package_24C27_g64Qn4qxhn.png,C:\Users\User\OneDrive\tanko seo\assets\product\TC-113.png
TKI-1308,TKI-1308,Parts Cabinet,tki-1,https://www.tanko.com.tw/en/products-detail/tki-1/,"{""Cabinet"": ""TKI-1308"", ""Drawer"": ""ABS+PS (yellow)""}",,,,1,https://www.tanko.com.tw/upload/catalog_package_b/ALL_catalog_package_24C05_w9H01zi8VA.png,C:\Users\User\OneDrive\tanko seo\assets\product\TKI-1308.png
TKI-1308-2,TKI-1308-2,Parts Cabinet,tki-1,https://www.tanko.com.tw/en/products-detail/tki-1/,"{""Cabinet"": ""TKI-1308"", ""Drawer"": ""PS (transparent)""}",,,,1,https://www.tanko.com.tw/upload/catalog_package_b/ALL_catalog_package_24C05_7dnbkMFHUd.png,C:\Users\User\OneDrive\tanko seo\assets\product\TKI-1308-2.png
TKI-1308-3,TKI-1308-3,Parts Cabinet,tki-1,https://www.tanko.com.tw/en/products-detail/tki-1/,"{""Cabinet"": ""TKI-1308"", ""Drawer"": ""ABS (gray)""}",,,,1,https://www.tanko.com.tw/upload/catalog_package_b/ALL_catalog_package_25I03_S8gQ8FneK4.png,C:\Users\User\OneDrive\tanko seo\assets\product\TKI-1308-3.png
TKI-1412,TKI-1412,Parts Cabinet,tki-1,https://www.tanko.com.tw/en/products-detail/tki-1/,"{""Cabinet"": ""TKI-1412"", ""Drawer"": ""ABS+PS (yellow)""}",,,,1,https://www.tanko.com.tw/upload/catalog_package_b/ALL_catalog_package_24C05_EFZlWmD902.png,C:\Users\User\OneDrive\tanko seo\assets\product\TKI-1412.png
TKI-1412-2,TKI-1412-2,Parts Cabinet,tki-1,https://www.tanko.com.tw/en/products-detail/tki-1/,"{""Cabinet"": ""TKI-1412"", ""Drawer"": ""PS (transparent)""}",,,,1,https://www.tanko.com.tw/upload/catalog_package_b/ALL_catalog_package_24C05_uFlXlahvOA.png,C:\Users\User\OneDrive\tanko seo\assets\product\TKI-1412-2.png
TKI-1412-3,TKI-1412-3,Parts Cabinet,tki-1,https://www.tanko.com.tw/en/products-detail/tki-1/,"{""Cabinet"": ""TKI-1412"", ""Drawer"": ""ABS (gray)""}",,,,1,https://www.tanko.com.tw/upload/catalog_package_b/ALL_catalog_package_25I03_22YQTTBfny.png,C:\Users\User\OneDrive\tanko seo\assets\product\TKI-1412-3.png
TKI-1412-2M,TKI-1412-2M,Parts Cabinet,tki-1,https://www.tanko.com.tw/en/products-detail/tki-1/,"{""Cabinet"": ""TKI-1412M (mobile)"", ""Drawer"": ""PS (transparent)""}",,,,1,https://www.tanko.com.tw/upload/catalog_package_b/ALL_catalog_package_25J13_wOkzqkqjMS.png,C:\Users\User\OneDrive\tanko seo\assets\product\TKI-1412-2M.png
TKI-1412-3M,TKI-1412-3M,Parts Cabinet,tki-1,https://www.tanko.com.tw/en/products-detail/tki-1/,"{""Cabinet"": ""TKI-1412M (mobile)"", ""Drawer"": ""ABS (gray)""}",,,,1,https://www.tanko.com.tw/upload/catalog_package_b/ALL_catalog_package_25J13_kua0VkeThi.png,C:\Users\User\OneDrive\tanko seo\assets\product\TKI-1412-3M.png
TKI-1412D,TKI-1412D,Parts Cabinet,tki-1,https://www.tanko.com.tw/en/products-detail/tki-1/,"{""Cabinet"": ""TKI-1412D (with doors)"", ""Drawer"": ""ABS+PS (yellow)""}",,,,1,https://www.tanko.com.tw/upload/catalog_package_b/ALL_catalog_package_24C05_VcrNwLsWNN.png,C:\Users\User\OneDrive\tanko seo\assets\product\TKI-1412D.png
TKI-1412D-2,TKI-1412D-2,Parts Cabinet,tki-1,https://www.tanko.com.tw/en/products-detail/tki-1/,"{""Cabinet"": ""TKI-1412D (with doors)"", ""Drawer"": ""PS (transparent)""}",,,,1,https://www.tanko.com.tw/upload/catalog_package_b/ALL_catalog_package_24C05_JRWd7qerNe.png,C:\Users\User\OneDrive\tanko seo\assets\product\TKI-1412D-2.png
TKI-1412D-3,TKI-1412D-3,Parts Cabinet,tki-1,https://www.tanko.com.tw/en/products-detail/tki-1/,"{""Cabinet"": ""TKI-1412D (with doors)"", ""Drawer"": ""ABS (gray)""}",,,,1,https://www.tanko.com.tw/upload/catalog_package_b/ALL_catalog_package_25I03_ml0VbxJYtL.png,C:\Users\User\OneDrive\tanko seo\assets\product\TKI-1412D-3.png
TKI-1412D-2M,TKI-1412D-2M,Parts Cabinet,tki-1,https://www.tanko.com.tw/en/products-detail/tki-1/,"{""Cabinet"": ""TKI-1412DM (with doors/mobile)"", ""Drawer"": ""PS (transparent)""}",,,,1,https://www.tanko.com.tw/upload/catalog_package_b/ALL_catalog_package_25J13_s043vqsHIu.png,C:\Users\User\OneDrive\tanko seo\assets\product\TKI-1412D-2M.png
TKI-1412D-3M,TKI-1412D-3M,Parts Cabinet,tki-1,https://www.tanko.com.tw/en/products-detail/tki-1/,"{""Cabinet"": ""TKI-1412DM (with doors/mobile)"", ""Drawer"": ""ABS (gray)""}",,,,1,https://www.tanko.com.tw/upload/catalog_package_b/ALL_catalog_package_25J13_gD6XLlXLff.png,C:\Users\User\OneDrive\tanko seo\assets\product\TKI-1412D-3M.png
TKI-2405,TKI-2405,Parts Cabinet,tki-2,https://www.tanko.com.tw/en/products-detail/tki-2/,"{""Cabinet"": ""TKI-2405"", ""Drawer"": ""PS (transparent)""}",,,,1,https://www.tanko.com.tw/upload/catalog_package_b/ALL_catalog_package_26D07_YA64dTzzkD.jpg,C:\Users\User\OneDrive\tanko seo\assets\product\TKI-2405.jpg
TKI-2405-1,TKI-2405-1,Parts Cabinet,tki-2,https://www.tanko.com.tw/en/products-detail/tki-2/,"{""Cabinet"": ""TKI-2405"", ""Drawer"": ""ABS (white)""}",,,,1,https://www.tanko.com.tw/upload/catalog_package_b/ALL_catalog_package_26D07_k6YP1jUyfL.jpg,C:\Users\User\OneDrive\tanko seo\assets\product\TKI-2405-1.jpg
TKI-2405-3,TKI-2405-3,Parts Cabinet,tki-2,https://www.tanko.com.tw/en/products-detail/tki-2/,"{""Cabinet"": ""TKI-2405"", ""Drawer"": ""ABS (gray)""}",,,,1,https://www.tanko.com.tw/upload/catalog_package_b/ALL_catalog_package_26D07_XBAB3rGHrm.jpg,C:\Users\User\OneDrive\tanko seo\assets\product\TKI-2405-3.jpg
TKI-2405-9,TKI-2405-9,Parts Cabinet,tki-2,https://www.tanko.com.tw/en/products-detail/tki-2/,"{""Cabinet"": ""TKI-2405"", ""Drawer"": ""PP (black, anti-static)""}",,,,1,https://www.tanko.com.tw/upload/catalog_package_b/ALL_catalog_package_26D07_qg7a7hURX2.jpg,C:\Users\User\OneDrive\tanko seo\assets\product\TKI-2405-9.jpg
TKI-2410,TKI-2410,Parts Cabinet,tki-2,https://www.tanko.com.tw/en/products-detail/tki-2/,"{""Cabinet"": ""TKI-2410"", ""Drawer"": ""PS (transparent)""}",,,,1,https://www.tanko.com.tw/upload/catalog_package_b/ALL_catalog_package_24C27_PpFLUoN3Rf.png,C:\Users\User\OneDrive\tanko seo\assets\product\TKI-2410.png
TKI-2410-1,TKI-2410-1,Parts Cabinet,tki-2,https://www.tanko.com.tw/en/products-detail/tki-2/,"{""Cabinet"": ""TKI-2410"", ""Drawer"": ""ABS (white)""}",,,,1,https://www.tanko.com.tw/upload/catalog_package_b/ALL_catalog_package_24C27_HAewiY2AtM.png,C:\Users\User\OneDrive\tanko seo\assets\product\TKI-2410-1.png
TKI-2410-3,TKI-2410-3,Parts Cabinet,tki-2,https://www.tanko.com.tw/en/products-detail/tki-2/,"{""Cabinet"": ""TKI-2410"", ""Drawer"": ""ABS (gray)""}",,,,1,https://www.tanko.com.tw/upload/catalog_package_b/ALL_catalog_package_25I03_3YhFQCyzSh.png,C:\Users\User\OneDrive\tanko seo\assets\product\TKI-2410-3.png
TKI-2410-9,TKI-2410-9,Parts Cabinet,tki-2,https://www.tanko.com.tw/en/products-detail/tki-2/,"{""Cabinet"": ""TKI-2410"", ""Drawer"": ""PP (black, anti-static)""}",,,,1,https://www.tanko.com.tw/upload/catalog_package_b/ALL_catalog_package_24C27_LHaP0ZOxSg.png,C:\Users\User\OneDrive\tanko seo\assets\product\TKI-2410-9.png
TKI-2515,TKI-2515,Parts Cabinet,tki-2,https://www.tanko.com.tw/en/products-detail/tki-2/,"{""Cabinet"": ""TKI-2515"", ""Drawer"": ""PS (transparent)""}",,,,1,https://www.tanko.com.tw/upload/catalog_package_b/ALL_catalog_package_24C27_5KUyaIa9s5.png,C:\Users\User\OneDrive\tanko seo\assets\product\TKI-2515.png
TKI-2515-1,TKI-2515-1,Parts Cabinet,tki-2,https://www.tanko.com.tw/en/products-detail/tki-2/,"{""Cabinet"": ""TKI-2515"", ""Drawer"": ""ABS (white)""}",,,,1,https://www.tanko.com.tw/upload/catalog_package_b/ALL_catalog_package_24C27_aVrHkbBBmU.png,C:\Users\User\OneDrive\tanko seo\assets\product\TKI-2515-1.png
TKI-2515-3,TKI-2515-3,Parts Cabinet,tki-2,https://www.tanko.com.tw/en/products-detail/tki-2/,"{""Cabinet"": ""TKI-2515"", ""Drawer"": ""ABS (gray)""}",,,,1,https://www.tanko.com.tw/upload/catalog_package_b/ALL_catalog_package_25I03_ZAX0H5Ilhk.png,C:\Users\User\OneDrive\tanko seo\assets\product\TKI-2515-3.png
TKI-2515-9,TKI-2515-9,Parts Cabinet,tki-2,https://www.tanko.com.tw/en/products-detail/tki-2/,"{""Cabinet"": ""TKI-2515"", ""Drawer"": ""PP (black, anti-static)""}",,,,1,https://www.tanko.com.tw/upload/catalog_package_b/ALL_catalog_package_24C27_zLFPt2mDEK.png,C:\Users\User\OneDrive\tanko seo\assets\product\TKI-2515-9.png
TKI-2515M,TKI-2515M,Parts Cabinet,tki-2,https://www.tanko.com.tw/en/products-detail/tki-2/,"{""Cabinet"": ""TKI-2515M (mobile)"", ""Drawer"": ""PS (transparent)""}",,,,1,https://www.tanko.com.tw/upload/catalog_package_b/ALL_catalog_package_25J13_A7WpnONQQi.png,C:\Users\User\OneDrive\tanko seo\assets\product\TKI-2515M.png
TKI-2515-3M,TKI-2515-3M,Parts Cabinet,tki-2,https://www.tanko.com.tw/en/products-detail/tki-2/,"{""Cabinet"": ""TKI-2515M (mobile)"", ""Drawer"": ""ABS (gray)""}",,,,1,https://www.tanko.com.tw/upload/catalog_package_b/ALL_catalog_package_25J13_8XRcAL2mzV.png,C:\Users\User\OneDrive\tanko seo\assets\product\TKI-2515-3M.png
TKI-2515-9M,TKI-2515-9M,Parts Cabinet,tki-2,https://www.tanko.com.tw/en/products-detail/tki-2/,"{""Cabinet"": ""TKI-2515M (mobile)"", ""Drawer"": ""PP (black, anti-static)""}",,,,1,https://www.tanko.com.tw/upload/catalog_package_b/ALL_catalog_package_25J13_Zv88joErex.png,C:\Users\User\OneDrive\tanko seo\assets\product\TKI-2515-9M.png
TKI-2515D,TKI-2515D,Parts Cabinet,tki-2,https://www.tanko.com.tw/en/products-detail/tki-2/,"{""Cabinet"": ""TKI-2515D (with doors)"", ""Drawer"": ""PS (transparent)""}",,,,1,https://www.tanko.com.tw/upload/catalog_package_b/ALL_catalog_package_24C27_FBlaLSjaCy.png,C:\Users\User\OneDrive\tanko seo\assets\product\TKI-2515D.png
TKI-2515D-1,TKI-2515D-1,Parts Cabinet,tki-2,https://www.tanko.com.tw/en/products-detail/tki-2/,"{""Cabinet"": ""TKI-2515D (with doors)"", ""Drawer"": ""ABS (white)""}",,,,1,https://www.tanko.com.tw/upload/catalog_package_b/ALL_catalog_package_24C27_4t24cu7aG5.png,C:\Users\User\OneDrive\tanko seo\assets\product\TKI-2515D-1.png
TKI-2515D-3,TKI-2515D-3,Parts Cabinet,tki-2,https://www.tanko.com.tw/en/products-detail/tki-2/,"{""Cabinet"": ""TKI-2515D (with doors)"", ""Drawer"": ""ABS (gray)""}",,,,1,https://www.tanko.com.tw/upload/catalog_package_b/ALL_catalog_package_25I03_TpsIhELWBB.png,C:\Users\User\OneDrive\tanko seo\assets\product\TKI-2515D-3.png
TKI-2515D-9,TKI-2515D-9,Parts Cabinet,tki-2,https://www.tanko.com.tw/en/products-detail/tki-2/,"{""Cabinet"": ""TKI-2515D (with doors)"", ""Drawer"": ""PP (black, anti-static)""}",,,,1,https://www.tanko.com.tw/upload/catalog_package_b/ALL_catalog_package_24C27_H82qMYaBpb.png,C:\Users\User\OneDrive\tanko seo\assets\product\TKI-2515D-9.png
TKI-2515DM,TKI-2515DM,Parts Cabinet,tki-2,https://www.tanko.com.tw/en/products-detail/tki-2/,"{""Cabinet"": ""TKI-2515DM (with doors/mobile)"", ""Drawer"": ""PS (transparent)""}",,,,1,https://www.tanko.com.tw/upload/catalog_package_b/ALL_catalog_package_25J13_a725DOrF4d.png,C:\Users\User\OneDrive\tanko seo\assets\product\TKI-2515DM.png
TKI-2515D-3M,TKI-2515D-3M,Parts Cabinet,tki-2,https://www.tanko.com.tw/en/products-detail/tki-2/,"{""Cabinet"": ""TKI-2515DM (with doors/mobile)"", ""Drawer"": ""ABS (gray)""}",,,,1,https://www.tanko.com.tw/upload/catalog_package_b/ALL_catalog_package_25J13_iGQFTYaWjY.png,C:\Users\User\OneDrive\tanko seo\assets\product\TKI-2515D-3M.png
TKI-2515D-9M,TKI-2515D-9M,Parts Cabinet,tki-2,https://www.tanko.com.tw/en/products-detail/tki-2/,"{""Cabinet"": ""TKI-2515DM (with doors/mobile)"", ""Drawer"": ""PP (black, anti-static)""}",,,,1,https://www.tanko.com.tw/upload/catalog_package_b/ALL_catalog_package_25J13_21M3LPLY27.png,C:\Users\User\OneDrive\tanko seo\assets\product\TKI-2515D-9M.png
TKI-301,TKI-301,Team Case,tki-30,https://www.tanko.com.tw/en/products-detail/tki-30/,"{""Model No."": ""TKI-301"", ""Qty"": ""12 pcs / CTN""}",,,,2,https://www.tanko.com.tw/upload/catalog_package_b/ALL_catalog_package_24C27_CYjV5k7JV0.png,C:\Users\User\OneDrive\tanko seo\assets\product\TKI-301.png
TKI-302,TKI-302,Team Case,tki-30,https://www.tanko.com.tw/en/products-detail/tki-30/,"{""Model No."": ""TKI-302"", ""Qty"": ""12 pcs / CTN""}",,,,2,https://www.tanko.com.tw/upload/catalog_package_b/ALL_catalog_package_24C27_lV965CbugP.png,C:\Users\User\OneDrive\tanko seo\assets\product\TKI-302.png
TKI-304,TKI-304,Team Case,tki-30,https://www.tanko.com.tw/en/products-detail/tki-30/,"{""Model No."": ""TKI-304"", ""Qty"": ""12 pcs / CTN""}",,,,2,https://www.tanko.com.tw/upload/catalog_package_b/ALL_catalog_package_24C27_dyFc5VmKrN.png,C:\Users\User\OneDrive\tanko seo\assets\product\TKI-304.png
TKI-8301,TKI-8301,Hanging Bin,tki-83,https://www.tanko.com.tw/en/products-detail/tki-83/,"{""Model No."": ""TKI-8301 (24pcs/CTN)"", ""Color"": ""Red""}",,,,1,https://www.tanko.com.tw/upload/catalog_package_b/ALL_catalog_package_24C27_LfQEBTEYnZ.png,C:\Users\User\OneDrive\tanko seo\assets\product\TKI-8301-red.png
TKI-8301,TKI-8301,Hanging Bin,tki-83,https://www.tanko.com.tw/en/products-detail/tki-83/,"{""Model No."": ""TKI-8301 (24pcs/CTN)"", ""Color"": ""Yellow""}",,,,1,https://www.tanko.com.tw/upload/catalog_package_b/ALL_catalog_package_24C27_6wX7ifuBaZ.png,C:\Users\User\OneDrive\tanko seo\assets\product\TKI-8301-yellow.png
TKI-8301,TKI-8301,Hanging Bin,tki-83,https://www.tanko.com.tw/en/products-detail/tki-83/,"{""Model No."": ""TKI-8301 (24pcs/CTN)"", ""Color"": ""Blue""}",,,,1,https://www.tanko.com.tw/upload/catalog_package_b/ALL_catalog_package_24C27_9pk0wK8xNY.png,C:\Users\User\OneDrive\tanko seo\assets\product\TKI-8301-blue.png
TKI-8302,TKI-8302,Hanging Bin,tki-83,https://www.tanko.com.tw/en/products-detail/tki-83/,"{""Model No."": ""TKI-8302 (24pcs/CTN)"", ""Color"": ""Red""}",,,,1,https://www.tanko.com.tw/upload/catalog_package_b/ALL_catalog_package_24C27_3tChDVa3y5.png,C:\Users\User\OneDrive\tanko seo\assets\product\TKI-8302-red.png
TKI-8302,TKI-8302,Hanging Bin,tki-83,https://www.tanko.com.tw/en/products-detail/tki-83/,"{""Model No."": ""TKI-8302 (24pcs/CTN)"", ""Color"": ""Yellow""}",,,,1,https://www.tanko.com.tw/upload/catalog_package_b/ALL_catalog_package_24C27_ytkLzYkhNa.png,C:\Users\User\OneDrive\tanko seo\assets\product\TKI-8302-yellow.png
TKI-8302,TKI-8302,Hanging Bin,tki-83,https://www.tanko.com.tw/en/products-detail/tki-83/,"{""Model No."": ""TKI-8302 (24pcs/CTN)"", ""Color"": ""Blue""}",,,,1,https://www.tanko.com.tw/upload/catalog_package_b/ALL_catalog_package_24C27_VLPDIwxJDo.png,C:\Users\User\OneDrive\tanko seo\assets\product\TKI-8302-blue.png
TKI-8302,TKI-8302,Hanging Bin,tki-83,https://www.tanko.com.tw/en/products-detail/tki-83/,"{""Model No."": ""TKI-8302 (24pcs/CTN)"", ""Color"": ""Black (anti-static)""}",,,,1,https://www.tanko.com.tw/upload/catalog_package_b/ALL_catalog_package_24C27_lb1qqFk0n4.png,C:\Users\User\OneDrive\tanko seo\assets\product\TKI-8302-black-anti-static.png
TKI-8303,TKI-8303,Hanging Bin,tki-83,https://www.tanko.com.tw/en/products-detail/tki-83/,"{""Model No."": ""TKI-8303 (24pcs/CTN)"", ""Color"": ""Red""}",,,,1,https://www.tanko.com.tw/upload/catalog_package_b/ALL_catalog_package_24C27_Sc7uaXcKMa.png,C:\Users\User\OneDrive\tanko seo\assets\product\TKI-8303-red.png
TKI-8303,TKI-8303,Hanging Bin,tki-83,https://www.tanko.com.tw/en/products-detail/tki-83/,"{""Model No."": ""TKI-8303 (24pcs/CTN)"", ""Color"": ""Yellow""}",,,,1,https://www.tanko.com.tw/upload/catalog_package_b/ALL_catalog_package_24C27_I2hFZpzavU.png,C:\Users\User\OneDrive\tanko seo\assets\product\TKI-8303-yellow.png
TKI-8303,TKI-8303,Hanging Bin,tki-83,https://www.tanko.com.tw/en/products-detail/tki-83/,"{""Model No."": ""TKI-8303 (24pcs/CTN)"", ""Color"": ""Blue""}",,,,1,https://www.tanko.com.tw/upload/catalog_package_b/ALL_catalog_package_24C27_EudtliKBev.png,C:\Users\User\OneDrive\tanko seo\assets\product\TKI-8303-blue.png
TKI-8304,TKI-8304,Hanging Bin,tki-83,https://www.tanko.com.tw/en/products-detail/tki-83/,"{""Model No."": ""TKI-8304 (12pcs/CTN)"", ""Color"": ""Red""}",,,,1,https://www.tanko.com.tw/upload/catalog_package_b/ALL_catalog_package_24C27_E68jDTLTfP.png,C:\Users\User\OneDrive\tanko seo\assets\product\TKI-8304-red.png
TKI-8304,TKI-8304,Hanging Bin,tki-83,https://www.tanko.com.tw/en/products-detail/tki-83/,"{""Model No."": ""TKI-8304 (12pcs/CTN)"", ""Color"": ""Yellow""}",,,,1,https://www.tanko.com.tw/upload/catalog_package_b/ALL_catalog_package_24C27_E6lIVaLIjE.png,C:\Users\User\OneDrive\tanko seo\assets\product\TKI-8304-yellow.png
TKI-8304,TKI-8304,Hanging Bin,tki-83,https://www.tanko.com.tw/en/products-detail/tki-83/,"{""Model No."": ""TKI-8304 (12pcs/CTN)"", ""Color"": ""Blue""}",,,,1,https://www.tanko.com.tw/upload/catalog_package_b/ALL_catalog_package_24C27_1uZtRmjwxz.png,C:\Users\User\OneDrive\tanko seo\assets\product\TKI-8304-blue.png
TKI-8304,TKI-8304,Hanging Bin,tki-83,https://www.tanko.com.tw/en/products-detail/tki-83/,"{""Model No."": ""TKI-8304 (12pcs/CTN)"", ""Color"": ""Black (anti-static)""}",,,,1,https://www.tanko.com.tw/upload/catalog_package_b/ALL_catalog_package_24C27_RXFR3T1C5E.png,C:\Users\User\OneDrive\tanko seo\assets\product\TKI-8304-black-anti-static.png
TKI-8305,TKI-8305,Hanging Bin,tki-83,https://www.tanko.com.tw/en/products-detail/tki-83/,"{""Model No."": ""TKI-8305 (12pcs/CTN)"", ""Color"": ""Red""}",,,,1,https://www.tanko.com.tw/upload/catalog_package_b/ALL_catalog_package_24C27_zrBRdWP6FB.png,C:\Users\User\OneDrive\tanko seo\assets\product\TKI-8305-red.png
TKI-8305,TKI-8305,Hanging Bin,tki-83,https://www.tanko.com.tw/en/products-detail/tki-83/,"{""Model No."": ""TKI-8305 (12pcs/CTN)"", ""Color"": ""Yellow""}",,,,1,https://www.tanko.com.tw/upload/catalog_package_b/ALL_catalog_package_24C27_CyvVM8yBFd.png,C:\Users\User\OneDrive\tanko seo\assets\product\TKI-8305-yellow.png
TKI-8305,TKI-8305,Hanging Bin,tki-83,https://www.tanko.com.tw/en/products-detail/tki-83/,"{""Model No."": ""TKI-8305 (12pcs/CTN)"", ""Color"": ""Blue""}",,,,1,https://www.tanko.com.tw/upload/catalog_package_b/ALL_catalog_package_24C27_uMQ9VJk9I3.png,C:\Users\User\OneDrive\tanko seo\assets\product\TKI-8305-blue.png
TOA-14,TOA-14,Documents Tray,toa-14,https://www.tanko.com.tw/en/products-detail/toa-14/,"{""Quantity"": ""3pcs set"", ""NA"": ""NA""}",W260xD350xH265mm,ABS,,1,https://www.tanko.com.tw/upload/catalog_package_b/ALL_catalog_package_24C04_elInRMQ5ph.png,C:\Users\User\OneDrive\tanko seo\assets\product\TOA-14.png
WA-57N,WA-57N,Heavy Duty Workbench,wa-57,https://www.tanko.com.tw/en/products-detail/wa-57/,"{""Top"": ""Rubber(N)"", ""Panel set"": ""None""}",W1500xD650xH786mm |,Steel,,1,https://www.tanko.com.tw/upload/catalog_package_b/ALL_catalog_package_24C11_BcmxE8M7f7.png,C:\Users\User\OneDrive\tanko seo\assets\product\WA-57N.png
WA-57N2,WA-57N2,Heavy Duty Workbench,wa-57,https://www.tanko.com.tw/en/products-detail/wa-57/,"{""Top"": ""Rubber(N)"", ""Panel set"": ""Perforated board""}",W1500xD650xH786mm |,Steel,,1,https://www.tanko.com.tw/upload/catalog_package_b/ALL_catalog_package_24C11_qz6UcGNiy7.png,C:\Users\User\OneDrive\tanko seo\assets\product\WA-57N2.png
WA-57N3,WA-57N3,Heavy Duty Workbench,wa-57,https://www.tanko.com.tw/en/products-detail/wa-57/,"{""Top"": ""Rubber(N)"", ""Panel set"": ""Perforated board+Shelf""}",W1500xD650xH786mm |,Steel,,1,https://www.tanko.com.tw/upload/catalog_package_b/ALL_catalog_package_24C11_fRZ9BWbiUp.png,C:\Users\User\OneDrive\tanko seo\assets\product\WA-57N3.png
WA-57N4A,WA-57N4A,Heavy Duty Workbench,wa-57,https://www.tanko.com.tw/en/products-detail/wa-57/,"{""Top"": ""Rubber(N)"", ""Panel set"": ""Perforated board+Socket""}",W1500xD650xH786mm |,Steel,,1,https://www.tanko.com.tw/upload/catalog_package_b/ALL_catalog_package_24C11_7KTAVhbPad.png,C:\Users\User\OneDrive\tanko seo\assets\product\WA-57N4A.png
WA-57N5A,WA-57N5A,Heavy Duty Workbench,wa-57,https://www.tanko.com.tw/en/products-detail/wa-57/,"{""Top"": ""Rubber(N)"", ""Panel set"": ""Perforated board+Shelf+Socket""}",W1500xD650xH786mm |,Steel,,1,https://www.tanko.com.tw/upload/catalog_package_b/ALL_catalog_package_24C11_AosGhkQgIj.png,C:\Users\User\OneDrive\tanko seo\assets\product\WA-57N5A.png
WA-57N6A,WA-57N6A,Heavy Duty Workbench,wa-57,https://www.tanko.com.tw/en/products-detail/wa-57/,"{""Top"": ""Rubber(N)"", ""Panel set"": ""Perforated board+Shelf+Socket+Light""}",W1500xD650xH786mm |,Steel,,1,https://www.tanko.com.tw/upload/catalog_package_b/ALL_catalog_package_24C11_35EDW0EqLu.png,C:\Users\User\OneDrive\tanko seo\assets\product\WA-57N6A.png
WA-57F,WA-57F,Heavy Duty Workbench,wa-57,https://www.tanko.com.tw/en/products-detail/wa-57/,"{""Top"": ""Laminate(F)"", ""Panel set"": ""None""}",W1500xD650xH786mm |,Steel,,1,https://www.tanko.com.tw/upload/catalog_package_b/ALL_catalog_package_24C11_fn25gROmNq.png,C:\Users\User\OneDrive\tanko seo\assets\product\WA-57F.png
WA-57F2,WA-57F2,Heavy Duty Workbench,wa-57,https://www.tanko.com.tw/en/products-detail/wa-57/,"{""Top"": ""Laminate(F)"", ""Panel set"": ""Perforated board""}",W1500xD650xH786mm |,Steel,,1,https://www.tanko.com.tw/upload/catalog_package_b/ALL_catalog_package_24C11_YY1Rf4AjwJ.png,C:\Users\User\OneDrive\tanko seo\assets\product\WA-57F2.png
WA-57F3,WA-57F3,Heavy Duty Workbench,wa-57,https://www.tanko.com.tw/en/products-detail/wa-57/,"{""Top"": ""Laminate(F)"", ""Panel set"": ""Perforated board+Shelf""}",W1500xD650xH786mm |,Steel,,1,https://www.tanko.com.tw/upload/catalog_package_b/ALL_catalog_package_24C11_4EvngMd9lZ.png,C:\Users\User\OneDrive\tanko seo\assets\product\WA-57F3.png
WA-57F4A,WA-57F4A,Heavy Duty Workbench,wa-57,https://www.tanko.com.tw/en/products-detail/wa-57/,"{""Top"": ""Laminate(F)"", ""Panel set"": ""Perforated board+Socket""}",W1500xD650xH786mm |,Steel,,1,https://www.tanko.com.tw/upload/catalog_package_b/ALL_catalog_package_24C11_C15NO8iKFv.png,C:\Users\User\OneDrive\tanko seo\assets\product\WA-57F4A.png
WA-57F5A,WA-57F5A,Heavy Duty Workbench,wa-57,https://www.tanko.com.tw/en/products-detail/wa-57/,"{""Top"": ""Laminate(F)"", ""Panel set"": ""Perforated board+Shelf+Socket""}",W1500xD650xH786mm |,Steel,,1,https://www.tanko.com.tw/upload/catalog_package_b/ALL_catalog_package_24C11_92pPRQEmMi.png,C:\Users\User\OneDrive\tanko seo\assets\product\WA-57F5A.png
WA-57F6A,WA-57F6A,Heavy Duty Workbench,wa-57,https://www.tanko.com.tw/en/products-detail/wa-57/,"{""Top"": ""Laminate(F)"", ""Panel set"": ""Perforated board+Shelf+Socket+Light""}",W1500xD650xH786mm |,Steel,,1,https://www.tanko.com.tw/upload/catalog_package_b/ALL_catalog_package_24C11_Mj5nq7HRop.png,C:\Users\User\OneDrive\tanko seo\assets\product\WA-57F6A.png
WA-57W,WA-57W,Heavy Duty Workbench,wa-57,https://www.tanko.com.tw/en/products-detail/wa-57/,"{""Top"": ""Wood(W)"", ""Panel set"": ""None""}",W1500xD650xH786mm |,Steel,,1,https://www.tanko.com.tw/upload/catalog_package_b/ALL_catalog_package_24C11_rkvHHcYiD6.png,C:\Users\User\OneDrive\tanko seo\assets\product\WA-57W.png
WA-57W2,WA-57W2,Heavy Duty Workbench,wa-57,https://www.tanko.com.tw/en/products-detail/wa-57/,"{""Top"": ""Wood(W)"", ""Panel set"": ""Perforated board""}",W1500xD650xH786mm |,Steel,,1,https://www.tanko.com.tw/upload/catalog_package_b/ALL_catalog_package_24C11_uzNHexxzax.png,C:\Users\User\OneDrive\tanko seo\assets\product\WA-57W2.png
WA-57W3,WA-57W3,Heavy Duty Workbench,wa-57,https://www.tanko.com.tw/en/products-detail/wa-57/,"{""Top"": ""Wood(W)"", ""Panel set"": ""Perforated board+Shelf""}",W1500xD650xH786mm |,Steel,,1,https://www.tanko.com.tw/upload/catalog_package_b/ALL_catalog_package_24C11_1pAdSRgMKB.png,C:\Users\User\OneDrive\tanko seo\assets\product\WA-57W3.png
WA-57W4A,WA-57W4A,Heavy Duty Workbench,wa-57,https://www.tanko.com.tw/en/products-detail/wa-57/,"{""Top"": ""Wood(W)"", ""Panel set"": ""Perforated board+Socket""}",W1500xD650xH786mm |,Steel,,1,https://www.tanko.com.tw/upload/catalog_package_b/ALL_catalog_package_24C11_K28QBWts41.png,C:\Users\User\OneDrive\tanko seo\assets\product\WA-57W4A.png
WA-57W5A,WA-57W5A,Heavy Duty Workbench,wa-57,https://www.tanko.com.tw/en/products-detail/wa-57/,"{""Top"": ""Wood(W)"", ""Panel set"": ""Perforated board+Shelf+Socket""}",W1500xD650xH786mm |,Steel,,1,https://www.tanko.com.tw/upload/catalog_package_b/ALL_catalog_package_24C11_2ZF3k8Ar3S.png,C:\Users\User\OneDrive\tanko seo\assets\product\WA-57W5A.png
WA-57W6A,WA-57W6A,Heavy Duty Workbench,wa-57,https://www.tanko.com.tw/en/products-detail/wa-57/,"{""Top"": ""Wood(W)"", ""Panel set"": ""Perforated board+Shelf+Socket+Light""}",W1500xD650xH786mm |,Steel,,1,https://www.tanko.com.tw/upload/catalog_package_b/ALL_catalog_package_24C11_qky0HZbE34.png,C:\Users\User\OneDrive\tanko seo\assets\product\WA-57W6A.png
WA-57S,WA-57S,Heavy Duty Workbench,wa-57,https://www.tanko.com.tw/en/products-detail/wa-57/,"{""Top"": ""Stainless steel(S)"", ""Panel set"": ""None""}",W1500xD650xH786mm |,Steel,,1,https://www.tanko.com.tw/upload/catalog_package_b/ALL_catalog_package_24C11_cgViUFEhPY.png,C:\Users\User\OneDrive\tanko seo\assets\product\WA-57S.png
WA-57S2,WA-57S2,Heavy Duty Workbench,wa-57,https://www.tanko.com.tw/en/products-detail/wa-57/,"{""Top"": ""Stainless steel(S)"", ""Panel set"": ""Perforated board""}",W1500xD650xH786mm |,Steel,,1,https://www.tanko.com.tw/upload/catalog_package_b/ALL_catalog_package_24C11_bgMnvY3nMO.png,C:\Users\User\OneDrive\tanko seo\assets\product\WA-57S2.png
WA-57S3,WA-57S3,Heavy Duty Workbench,wa-57,https://www.tanko.com.tw/en/products-detail/wa-57/,"{""Top"": ""Stainless steel(S)"", ""Panel set"": ""Perforated board+Shelf""}",W1500xD650xH786mm |,Steel,,1,https://www.tanko.com.tw/upload/catalog_package_b/ALL_catalog_package_24C11_JjxNPbLQoc.png,C:\Users\User\OneDrive\tanko seo\assets\product\WA-57S3.png
WA-57S4A,WA-57S4A,Heavy Duty Workbench,wa-57,https://www.tanko.com.tw/en/products-detail/wa-57/,"{""Top"": ""Stainless steel(S)"", ""Panel set"": ""Perforated board+Socket""}",W1500xD650xH786mm |,Steel,,1,https://www.tanko.com.tw/upload/catalog_package_b/ALL_catalog_package_24C11_n4bVQ1zHu8.png,C:\Users\User\OneDrive\tanko seo\assets\product\WA-57S4A.png
WA-57S5A,WA-57S5A,Heavy Duty Workbench,wa-57,https://www.tanko.com.tw/en/products-detail/wa-57/,"{""Top"": ""Stainless steel(S)"", ""Panel set"": ""Perforated board+Shelf+Socket""}",W1500xD650xH786mm |,Steel,,1,https://www.tanko.com.tw/upload/catalog_package_b/ALL_catalog_package_24C11_QLJN0kmul9.png,C:\Users\User\OneDrive\tanko seo\assets\product\WA-57S5A.png
WA-57S6,WA-57S6,Heavy Duty Workbench,wa-57,https://www.tanko.com.tw/en/products-detail/wa-57/,"{""Top"": ""Stainless steel(S)"", ""Panel set"": ""Perforated board+Shelf+Socket+Light""}",W1500xD650xH786mm |,Steel,,1,https://www.tanko.com.tw/upload/catalog_package_b/ALL_catalog_package_24C11_zK0qf3fq8w.png,C:\Users\User\OneDrive\tanko seo\assets\product\WA-57S6.png
WA-56TG,WA-56TG,Heavy Duty Workbench,wa-57,https://www.tanko.com.tw/en/products-detail/wa-57/,"{""Top"": ""Tanko-top(TG)D650"", ""Panel set"": ""None""}",W1500xD650xH786mm |,Steel,,1,https://www.tanko.com.tw/upload/catalog_package_b/ALL_catalog_package_24C11_oYbw1lkIhi.png,C:\Users\User\OneDrive\tanko seo\assets\product\WA-56TG.png
WA-56TG2,WA-56TG2,Heavy Duty Workbench,wa-57,https://www.tanko.com.tw/en/products-detail/wa-57/,"{""Top"": ""Tanko-top(TG)D650"", ""Panel set"": ""Perforated board""}",W1500xD650xH786mm |,Steel,,1,https://www.tanko.com.tw/upload/catalog_package_b/ALL_catalog_package_24C11_rrTotCoqCx.png,C:\Users\User\OneDrive\tanko seo\assets\product\WA-56TG2.png
WA-56TG3,WA-56TG3,Heavy Duty Workbench,wa-57,https://www.tanko.com.tw/en/products-detail/wa-57/,"{""Top"": ""Tanko-top(TG)D650"", ""Panel set"": ""Perforated board+Shelf""}",W1500xD650xH786mm |,Steel,,1,https://www.tanko.com.tw/upload/catalog_package_b/ALL_catalog_package_24C11_kPyvJXPq6X.png,C:\Users\User\OneDrive\tanko seo\assets\product\WA-56TG3.png
WA-56TG4A,WA-56TG4A,Heavy Duty Workbench,wa-57,https://www.tanko.com.tw/en/products-detail/wa-57/,"{""Top"": ""Tanko-top(TG)D650"", ""Panel set"": ""Perforated board+Socket""}",W1500xD650xH786mm |,Steel,,1,https://www.tanko.com.tw/upload/catalog_package_b/ALL_catalog_package_24C11_5kgRSRlBIV.png,C:\Users\User\OneDrive\tanko seo\assets\product\WA-56TG4A.png
WA-56TG5A,WA-56TG5A,Heavy Duty Workbench,wa-57,https://www.tanko.com.tw/en/products-detail/wa-57/,"{""Top"": ""Tanko-top(TG)D650"", ""Panel set"": ""Perforated board+Shelf+Socket""}",W1500xD650xH786mm |,Steel,,1,https://www.tanko.com.tw/upload/catalog_package_b/ALL_catalog_package_24C11_Z65DMIoXnX.png,C:\Users\User\OneDrive\tanko seo\assets\product\WA-56TG5A.png
WA-56TG6A,WA-56TG6A,Heavy Duty Workbench,wa-57,https://www.tanko.com.tw/en/products-detail/wa-57/,"{""Top"": ""Tanko-top(TG)D650"", ""Panel set"": ""Perforated board+Shelf+Socket+Light""}",W1500xD650xH786mm |,Steel,,1,https://www.tanko.com.tw/upload/catalog_package_b/ALL_catalog_package_24C11_TLusOvUBQ3.png,C:\Users\User\OneDrive\tanko seo\assets\product\WA-56TG6A.png
WA-57TG,WA-57TG,Heavy Duty Workbench,wa-57,https://www.tanko.com.tw/en/products-detail/wa-57/,"{""Top"": ""Tanko-top(TG)D750"", ""Panel set"": ""None""}",W1500xD650xH786mm |,Steel,,1,https://www.tanko.com.tw/upload/catalog_package_b/ALL_catalog_package_24C11_tIGcwFp9mx.png,C:\Users\User\OneDrive\tanko seo\assets\product\WA-57TG.png
WA-57TG2,WA-57TG2,Heavy Duty Workbench,wa-57,https://www.tanko.com.tw/en/products-detail/wa-57/,"{""Top"": ""Tanko-top(TG)D750"", ""Panel set"": ""Perforated board""}",W1500xD650xH786mm |,Steel,,1,https://www.tanko.com.tw/upload/catalog_package_b/ALL_catalog_package_24C11_XYthGgE9pw.png,C:\Users\User\OneDrive\tanko seo\assets\product\WA-57TG2.png
WA-57TG3,WA-57TG3,Heavy Duty Workbench,wa-57,https://www.tanko.com.tw/en/products-detail/wa-57/,"{""Top"": ""Tanko-top(TG)D750"", ""Panel set"": ""Perforated board+Shelf""}",W1500xD650xH786mm |,Steel,,1,https://www.tanko.com.tw/upload/catalog_package_b/ALL_catalog_package_24C11_GCgSWuiMcL.png,C:\Users\User\OneDrive\tanko seo\assets\product\WA-57TG3.png
WA-57TG4A,WA-57TG4A,Heavy Duty Workbench,wa-57,https://www.tanko.com.tw/en/products-detail/wa-57/,"{""Top"": ""Tanko-top(TG)D750"", ""Panel set"": ""Perforated board+Socket""}",W1500xD650xH786mm |,Steel,,1,https://www.tanko.com.tw/upload/catalog_package_b/ALL_catalog_package_24C11_XmkzvfQAq9.png,C:\Users\User\OneDrive\tanko seo\assets\product\WA-57TG4A.png
WA-57TG5A,WA-57TG5A,Heavy Duty Workbench,wa-57,https://www.tanko.com.tw/en/products-detail/wa-57/,"{""Top"": ""Tanko-top(TG)D750"", ""Panel set"": ""Perforated board+Shelf+Socket""}",W1500xD650xH786mm |,Steel,,1,https://www.tanko.com.tw/upload/catalog_package_b/ALL_catalog_package_24C11_qyrdgMg0Im.png,C:\Users\User\OneDrive\tanko seo\assets\product\WA-57TG5A.png
WA-57TG6A,WA-57TG6A,Heavy Duty Workbench,wa-57,https://www.tanko.com.tw/en/products-detail/wa-57/,"{""Top"": ""Tanko-top(TG)D750"", ""Panel set"": ""Perforated board+Shelf+Socket+Light""}",W1500xD650xH786mm |,Steel,,1,https://www.tanko.com.tw/upload/catalog_package_b/ALL_catalog_package_24C11_31kCt3L7xd.png,C:\Users\User\OneDrive\tanko seo\assets\product\WA-57TG6A.png
WA-56TH,WA-56TH,Heavy Duty Workbench,wa-57,https://www.tanko.com.tw/en/products-detail/wa-57/,"{""Top"": ""Tanko-top(TH)D650"", ""Panel set"": ""None""}",W1500xD650xH786mm |,Steel,,1,https://www.tanko.com.tw/upload/catalog_package_b/ALL_catalog_package_24C11_SYx6iEdBsL.png,C:\Users\User\OneDrive\tanko seo\assets\product\WA-56TH.png
WA-56TH2,WA-56TH2,Heavy Duty Workbench,wa-57,https://www.tanko.com.tw/en/products-detail/wa-57/,"{""Top"": ""Tanko-top(TH)D650"", ""Panel set"": ""Perforated board""}",W1500xD650xH786mm |,Steel,,1,https://www.tanko.com.tw/upload/catalog_package_b/ALL_catalog_package_24C11_Vw0M14sQx1.png,C:\Users\User\OneDrive\tanko seo\assets\product\WA-56TH2.png
WA-56TH3,WA-56TH3,Heavy Duty Workbench,wa-57,https://www.tanko.com.tw/en/products-detail/wa-57/,"{""Top"": ""Tanko-top(TH)D650"", ""Panel set"": ""Perforated board+Shelf""}",W1500xD650xH786mm |,Steel,,1,https://www.tanko.com.tw/upload/catalog_package_b/ALL_catalog_package_24C11_PiCdt2fYyT.png,C:\Users\User\OneDrive\tanko seo\assets\product\WA-56TH3.png
WA-56TH4A,WA-56TH4A,Heavy Duty Workbench,wa-57,https://www.tanko.com.tw/en/products-detail/wa-57/,"{""Top"": ""Tanko-top(TH)D650"", ""Panel set"": ""Perforated board+Socket""}",W1500xD650xH786mm |,Steel,,1,https://www.tanko.com.tw/upload/catalog_package_b/ALL_catalog_package_24C11_fjB17gcadN.png,C:\Users\User\OneDrive\tanko seo\assets\product\WA-56TH4A.png
WA-56TH5A,WA-56TH5A,Heavy Duty Workbench,wa-57,https://www.tanko.com.tw/en/products-detail/wa-57/,"{""Top"": ""Tanko-top(TH)D650"", ""Panel set"": ""Perforated board+Shelf+Socket""}",W1500xD650xH786mm |,Steel,,1,https://www.tanko.com.tw/upload/catalog_package_b/ALL_catalog_package_24C11_KTX5vTHDiD.png,C:\Users\User\OneDrive\tanko seo\assets\product\WA-56TH5A.png
WA-56TH6A,WA-56TH6A,Heavy Duty Workbench,wa-57,https://www.tanko.com.tw/en/products-detail/wa-57/,"{""Top"": ""Tanko-top(TH)D650"", ""Panel set"": ""Perforated board+Shelf+Socket+Light""}",W1500xD650xH786mm |,Steel,,1,https://www.tanko.com.tw/upload/catalog_package_b/ALL_catalog_package_24C11_9Oaq2N5I1p.png,C:\Users\User\OneDrive\tanko seo\assets\product\WA-56TH6A.png
WA-57TH,WA-57TH,Heavy Duty Workbench,wa-57,https://www.tanko.com.tw/en/products-detail/wa-57/,"{""Top"": ""Tanko-top(TH)D750"", ""Panel set"": ""None""}",W1500xD650xH786mm |,Steel,,1,https://www.tanko.com.tw/upload/catalog_package_b/ALL_catalog_package_24C11_P44szdcL9k.png,C:\Users\User\OneDrive\tanko seo\assets\product\WA-57TH.png
WA-57TH2,WA-57TH2,Heavy Duty Workbench,wa-57,https://www.tanko.com.tw/en/products-detail/wa-57/,"{""Top"": ""Tanko-top(TH)D750"", ""Panel set"": ""Perforated board""}",W1500xD650xH786mm |,Steel,,1,https://www.tanko.com.tw/upload/catalog_package_b/ALL_catalog_package_24C11_D0FRzl8IHK.png,C:\Users\User\OneDrive\tanko seo\assets\product\WA-57TH2.png
WA-57TH3,WA-57TH3,Heavy Duty Workbench,wa-57,https://www.tanko.com.tw/en/products-detail/wa-57/,"{""Top"": ""Tanko-top(TH)D750"", ""Panel set"": ""Perforated board+Shelf""}",W1500xD650xH786mm |,Steel,,1,https://www.tanko.com.tw/upload/catalog_package_b/ALL_catalog_package_24C11_qgCzuhJpPM.png,C:\Users\User\OneDrive\tanko seo\assets\product\WA-57TH3.png
WA-57TH4A,WA-57TH4A,Heavy Duty Workbench,wa-57,https://www.tanko.com.tw/en/products-detail/wa-57/,"{""Top"": ""Tanko-top(TH)D750"", ""Panel set"": ""Perforated board+Socket""}",W1500xD650xH786mm |,Steel,,1,https://www.tanko.com.tw/upload/catalog_package_b/ALL_catalog_package_24C11_Oxmucz5AsA.png,C:\Users\User\OneDrive\tanko seo\assets\product\WA-57TH4A.png
WA-57TH5A,WA-57TH5A,Heavy Duty Workbench,wa-57,https://www.tanko.com.tw/en/products-detail/wa-57/,"{""Top"": ""Tanko-top(TH)D750"", ""Panel set"": ""Perforated board+Shelf+Socket""}",W1500xD650xH786mm |,Steel,,1,https://www.tanko.com.tw/upload/catalog_package_b/ALL_catalog_package_24C11_Lb1YK0wEik.png,C:\Users\User\OneDrive\tanko seo\assets\product\WA-57TH5A.png
WA-57TH6A,WA-57TH6A,Heavy Duty Workbench,wa-57,https://www.tanko.com.tw/en/products-detail/wa-57/,"{""Top"": ""Tanko-top(TH)D750"", ""Panel set"": ""Perforated board+Shelf+Socket+Light""}",W1500xD650xH786mm |,Steel,,1,https://www.tanko.com.tw/upload/catalog_package_b/ALL_catalog_package_24C11_eWt4T2jupx.png,C:\Users\User\OneDrive\tanko seo\assets\product\WA-57TH6A.png
WA-57A,WA-57A,Benchwork,wa-57a,https://www.tanko.com.tw/en/products-detail/wa-57a/,"{""Type"": ""Standard"", ""Panel set"": ""None""}",W1500mmxD750mmxH800mm,Steel,,1,https://www.tanko.com.tw/upload/catalog_package_b/ALL_catalog_package_24C14_AJmnAHnB6a.png,C:\Users\User\OneDrive\tanko seo\assets\product\WA-57A.png
WA-57A2,WA-57A2,Benchwork,wa-57a,https://www.tanko.com.tw/en/products-detail/wa-57a/,"{""Type"": ""Standard"", ""Panel set"": ""Perforated board""}",W1500mmxD750mmxH800mm,Steel,,1,https://www.tanko.com.tw/upload/catalog_package_b/ALL_catalog_package_24C14_4GaXQ4zyG0.png,C:\Users\User\OneDrive\tanko seo\assets\product\WA-57A2.png
WA-57A3,WA-57A3,Benchwork,wa-57a,https://www.tanko.com.tw/en/products-detail/wa-57a/,"{""Type"": ""Standard"", ""Panel set"": ""Perforated board+Shelf""}",W1500mmxD750mmxH800mm,Steel,,1,https://www.tanko.com.tw/upload/catalog_package_b/ALL_catalog_package_24C14_suAsN8wXEW.png,C:\Users\User\OneDrive\tanko seo\assets\product\WA-57A3.png
WA-57A4A,WA-57A4A,Benchwork,wa-57a,https://www.tanko.com.tw/en/products-detail/wa-57a/,"{""Type"": ""Standard"", ""Panel set"": ""Perforated board+Socket""}",W1500mmxD750mmxH800mm,Steel,,1,https://www.tanko.com.tw/upload/catalog_package_b/ALL_catalog_package_24C14_71L8JTvwaR.png,C:\Users\User\OneDrive\tanko seo\assets\product\WA-57A4A.png
WA-57A5A,WA-57A5A,Benchwork,wa-57a,https://www.tanko.com.tw/en/products-detail/wa-57a/,"{""Type"": ""Standard"", ""Panel set"": ""Perforated board+Shelf+Socket""}",W1500mmxD750mmxH800mm,Steel,,1,https://www.tanko.com.tw/upload/catalog_package_b/ALL_catalog_package_24C14_HcuxS5K2en.png,C:\Users\User\OneDrive\tanko seo\assets\product\WA-57A5A.png
WA-57A6A,WA-57A6A,Benchwork,wa-57a,https://www.tanko.com.tw/en/products-detail/wa-57a/,"{""Type"": ""Standard"", ""Panel set"": ""Perforated board+Shelf+Socket+Light""}",W1500mmxD750mmxH800mm,Steel,,1,https://www.tanko.com.tw/upload/catalog_package_b/ALL_catalog_package_24C14_FNsGMqRJmD.png,C:\Users\User\OneDrive\tanko seo\assets\product\WA-57A6A.png
WAT-5203A,WAT-5203A,Benchwork,wa-57a,https://www.tanko.com.tw/en/products-detail/wa-57a/,"{""Type"": ""Drawers"", ""Panel set"": ""None""}",W1500mmxD750mmxH800mm,Steel,,1,https://www.tanko.com.tw/upload/catalog_package_b/ALL_catalog_package_24C14_Yj6oviwmRF.png,C:\Users\User\OneDrive\tanko seo\assets\product\WAT-5203A.png
WAT-5203A2,WAT-5203A2,Benchwork,wa-57a,https://www.tanko.com.tw/en/products-detail/wa-57a/,"{""Type"": ""Drawers"", ""Panel set"": ""Perforated board""}",W1500mmxD750mmxH800mm,Steel,,1,https://www.tanko.com.tw/upload/catalog_package_b/ALL_catalog_package_24C14_IyMvXQIWSV.png,C:\Users\User\OneDrive\tanko seo\assets\product\WAT-5203A2.png
WAT-5203A3,WAT-5203A3,Benchwork,wa-57a,https://www.tanko.com.tw/en/products-detail/wa-57a/,"{""Type"": ""Drawers"", ""Panel set"": ""Perforated board+Shelf""}",W1500mmxD750mmxH800mm,Steel,,1,https://www.tanko.com.tw/upload/catalog_package_b/ALL_catalog_package_24C14_mnGTYcyhm4.png,C:\Users\User\OneDrive\tanko seo\assets\product\WAT-5203A3.png
WAT-5203A4A,WAT-5203A4A,Benchwork,wa-57a,https://www.tanko.com.tw/en/products-detail/wa-57a/,"{""Type"": ""Drawers"", ""Panel set"": ""Perforated board+Socket""}",W1500mmxD750mmxH800mm,Steel,,1,https://www.tanko.com.tw/upload/catalog_package_b/ALL_catalog_package_24C14_2YPi50vOp2.png,C:\Users\User\OneDrive\tanko seo\assets\product\WAT-5203A4A.png
WAT-5203A5A,WAT-5203A5A,Benchwork,wa-57a,https://www.tanko.com.tw/en/products-detail/wa-57a/,"{""Type"": ""Drawers"", ""Panel set"": ""Perforated board+Shelf+Socket""}",W1500mmxD750mmxH800mm,Steel,,1,https://www.tanko.com.tw/upload/catalog_package_b/ALL_catalog_package_24C14_HBpCkzHZfe.png,C:\Users\User\OneDrive\tanko seo\assets\product\WAT-5203A5A.png
WAT-5203A6A,WAT-5203A6A,Benchwork,wa-57a,https://www.tanko.com.tw/en/products-detail/wa-57a/,"{""Type"": ""Drawers"", ""Panel set"": ""Perforated board+Shelf+Socket+Light""}",W1500mmxD750mmxH800mm,Steel,,1,https://www.tanko.com.tw/upload/catalog_package_b/ALL_catalog_package_24C14_oOHyAVWvdB.png,C:\Users\User\OneDrive\tanko seo\assets\product\WAT-5203A6A.png
WAS-54031A,WAS-54031A,Benchwork,wa-57a,https://www.tanko.com.tw/en/products-detail/wa-57a/,"{""Type"": ""Hanging Cabinet"", ""Panel set"": ""None""}",W1500mmxD750mmxH800mm,Steel,,1,https://www.tanko.com.tw/upload/catalog_package_b/ALL_catalog_package_24C14_KQmAZa2BSG.png,C:\Users\User\OneDrive\tanko seo\assets\product\WAS-54031A.png
WAS-54031A2,WAS-54031A2,Benchwork,wa-57a,https://www.tanko.com.tw/en/products-detail/wa-57a/,"{""Type"": ""Hanging Cabinet"", ""Panel set"": ""Perforated board""}",W1500mmxD750mmxH800mm,Steel,,1,https://www.tanko.com.tw/upload/catalog_package_b/ALL_catalog_package_24C14_fXjDXwJbkj.png,C:\Users\User\OneDrive\tanko seo\assets\product\WAS-54031A2.png
WAS-54031A3,WAS-54031A3,Benchwork,wa-57a,https://www.tanko.com.tw/en/products-detail/wa-57a/,"{""Type"": ""Hanging Cabinet"", ""Panel set"": ""Perforated board+Shelf""}",W1500mmxD750mmxH800mm,Steel,,1,https://www.tanko.com.tw/upload/catalog_package_b/ALL_catalog_package_24C14_7as2ceBOFL.png,C:\Users\User\OneDrive\tanko seo\assets\product\WAS-54031A3.png
WAS-54031A4A,WAS-54031A4A,Benchwork,wa-57a,https://www.tanko.com.tw/en/products-detail/wa-57a/,"{""Type"": ""Hanging Cabinet"", ""Panel set"": ""Perforated board+Socket""}",W1500mmxD750mmxH800mm,Steel,,1,https://www.tanko.com.tw/upload/catalog_package_b/ALL_catalog_package_24C14_MCFOyg5THQ.png,C:\Users\User\OneDrive\tanko seo\assets\product\WAS-54031A4A.png
WAS-54031A5A,WAS-54031A5A,Benchwork,wa-57a,https://www.tanko.com.tw/en/products-detail/wa-57a/,"{""Type"": ""Hanging Cabinet"", ""Panel set"": ""Perforated board+Shelf+Socket""}",W1500mmxD750mmxH800mm,Steel,,1,https://www.tanko.com.tw/upload/catalog_package_b/ALL_catalog_package_24C14_Ohh5IQZbMa.png,C:\Users\User\OneDrive\tanko seo\assets\product\WAS-54031A5A.png
WAS-54031A6A,WAS-54031A6A,Benchwork,wa-57a,https://www.tanko.com.tw/en/products-detail/wa-57a/,"{""Type"": ""Hanging Cabinet"", ""Panel set"": ""Perforated board+Shelf+Socket+Light""}",W1500mmxD750mmxH800mm,Steel,,1,https://www.tanko.com.tw/upload/catalog_package_b/ALL_catalog_package_24C14_24LSlPSRZH.png,C:\Users\User\OneDrive\tanko seo\assets\product\WAS-54031A6A.png
WAS-57042A,WAS-57042A,Benchwork,wa-57a,https://www.tanko.com.tw/en/products-detail/wa-57a/,"{""Type"": ""Tool Cabinet"", ""Panel set"": ""None""}",W1500mmxD750mmxH800mm,Steel,,1,https://www.tanko.com.tw/upload/catalog_package_b/ALL_catalog_package_24C14_CRkfNCJNid.png,C:\Users\User\OneDrive\tanko seo\assets\product\WAS-57042A.png
WAS-57042A2,WAS-57042A2,Benchwork,wa-57a,https://www.tanko.com.tw/en/products-detail/wa-57a/,"{""Type"": ""Tool Cabinet"", ""Panel set"": ""Perforated board""}",W1500mmxD750mmxH800mm,Steel,,1,https://www.tanko.com.tw/upload/catalog_package_b/ALL_catalog_package_24C14_OLVIXyOodu.png,C:\Users\User\OneDrive\tanko seo\assets\product\WAS-57042A2.png
WAS-57042A3,WAS-57042A3,Benchwork,wa-57a,https://www.tanko.com.tw/en/products-detail/wa-57a/,"{""Type"": ""Tool Cabinet"", ""Panel set"": ""Perforated board+Shelf""}",W1500mmxD750mmxH800mm,Steel,,1,https://www.tanko.com.tw/upload/catalog_package_b/ALL_catalog_package_24C14_iEzjkbh3wK.png,C:\Users\User\OneDrive\tanko seo\assets\product\WAS-57042A3.png
WAS-57042A4A,WAS-57042A4A,Benchwork,wa-57a,https://www.tanko.com.tw/en/products-detail/wa-57a/,"{""Type"": ""Tool Cabinet"", ""Panel set"": ""Perforated board+Socket""}",W1500mmxD750mmxH800mm,Steel,,1,https://www.tanko.com.tw/upload/catalog_package_b/ALL_catalog_package_24C14_870suaX0tb.png,C:\Users\User\OneDrive\tanko seo\assets\product\WAS-57042A4A.png
WAS-57042A5A,WAS-57042A5A,Benchwork,wa-57a,https://www.tanko.com.tw/en/products-detail/wa-57a/,"{""Type"": ""Tool Cabinet"", ""Panel set"": ""Perforated board+Shelf+Socket""}",W1500mmxD750mmxH800mm,Steel,,1,https://www.tanko.com.tw/upload/catalog_package_b/ALL_catalog_package_24C14_nKpA8jbnY2.png,C:\Users\User\OneDrive\tanko seo\assets\product\WAS-57042A5A.png
WAS-57042A6A,WAS-57042A6A,Benchwork,wa-57a,https://www.tanko.com.tw/en/products-detail/wa-57a/,"{""Type"": ""Tool Cabinet"", ""Panel set"": ""Perforated board+Shelf+Socket+Light""}",W1500mmxD750mmxH800mm,Steel,,1,https://www.tanko.com.tw/upload/catalog_package_b/ALL_catalog_package_24C14_Lv72VcSo0B.png,C:\Users\User\OneDrive\tanko seo\assets\product\WAS-57042A6A.png
WA-57NM,WA-57NM,Heavy Duty Workbench,wa-57m,https://www.tanko.com.tw/en/products-detail/wa-57m/,"{""Top"": ""Rubber(N)"", ""Type"": ""Standard""}",W1500xD750xH850mm,Steel,,1,https://www.tanko.com.tw/upload/catalog_package_b/ALL_catalog_package_24C13_qnRDWLFJyN.png,C:\Users\User\OneDrive\tanko seo\assets\product\WA-57NM.png
WAT-5203NM,WAT-5203NM,Heavy Duty Workbench,wa-57m,https://www.tanko.com.tw/en/products-detail/wa-57m/,"{""Top"": ""Rubber(N)"", ""Type"": ""Drawers""}",W1500xD750xH850mm,Steel,,1,https://www.tanko.com.tw/upload/catalog_package_b/ALL_catalog_package_24C13_zAhEqr6xmv.png,C:\Users\User\OneDrive\tanko seo\assets\product\WAT-5203NM.png
WAS-54031NM,WAS-54031NM,Heavy Duty Workbench,wa-57m,https://www.tanko.com.tw/en/products-detail/wa-57m/,"{""Top"": ""Rubber(N)"", ""Type"": ""Hanging Cabinet""}",W1500xD750xH850mm,Steel,,1,https://www.tanko.com.tw/upload/catalog_package_b/ALL_catalog_package_24C13_ck32Fuh4pp.png,C:\Users\User\OneDrive\tanko seo\assets\product\WAS-54031NM.png
WA-57FM,WA-57FM,Heavy Duty Workbench,wa-57m,https://www.tanko.com.tw/en/products-detail/wa-57m/,"{""Top"": ""Laminate(F)"", ""Type"": ""Standard""}",W1500xD750xH850mm,Steel,,1,https://www.tanko.com.tw/upload/catalog_package_b/ALL_catalog_package_24C13_4Fi78ZAwwv.png,C:\Users\User\OneDrive\tanko seo\assets\product\WA-57FM.png
WAT-5203FM,WAT-5203FM,Heavy Duty Workbench,wa-57m,https://www.tanko.com.tw/en/products-detail/wa-57m/,"{""Top"": ""Laminate(F)"", ""Type"": ""Drawers""}",W1500xD750xH850mm,Steel,,1,https://www.tanko.com.tw/upload/catalog_package_b/ALL_catalog_package_24C13_SJWbvj9sP9.png,C:\Users\User\OneDrive\tanko seo\assets\product\WAT-5203FM.png
WAS-54031FM,WAS-54031FM,Heavy Duty Workbench,wa-57m,https://www.tanko.com.tw/en/products-detail/wa-57m/,"{""Top"": ""Laminate(F)"", ""Type"": ""Hanging Cabinet""}",W1500xD750xH850mm,Steel,,1,https://www.tanko.com.tw/upload/catalog_package_b/ALL_catalog_package_24C13_vzlwHbA5cB.png,C:\Users\User\OneDrive\tanko seo\assets\product\WAS-54031FM.png
WA-57WM,WA-57WM,Heavy Duty Workbench,wa-57m,https://www.tanko.com.tw/en/products-detail/wa-57m/,"{""Top"": ""Wood(W)"", ""Type"": ""Standard""}",W1500xD750xH850mm,Steel,,1,https://www.tanko.com.tw/upload/catalog_package_b/ALL_catalog_package_24C13_nNfTmHKVXT.png,C:\Users\User\OneDrive\tanko seo\assets\product\WA-57WM.png
WAT-5203WM,WAT-5203WM,Heavy Duty Workbench,wa-57m,https://www.tanko.com.tw/en/products-detail/wa-57m/,"{""Top"": ""Wood(W)"", ""Type"": ""Drawers""}",W1500xD750xH850mm,Steel,,1,https://www.tanko.com.tw/upload/catalog_package_b/ALL_catalog_package_24C13_vXKMMPKgIO.png,C:\Users\User\OneDrive\tanko seo\assets\product\WAT-5203WM.png
WAS-54031WM,WAS-54031WM,Heavy Duty Workbench,wa-57m,https://www.tanko.com.tw/en/products-detail/wa-57m/,"{""Top"": ""Wood(W)"", ""Type"": ""Hanging Cabinet""}",W1500xD750xH850mm,Steel,,1,https://www.tanko.com.tw/upload/catalog_package_b/ALL_catalog_package_24C13_7b4BfdogWJ.png,C:\Users\User\OneDrive\tanko seo\assets\product\WAS-54031WM.png
WA-57SM,WA-57SM,Heavy Duty Workbench,wa-57m,https://www.tanko.com.tw/en/products-detail/wa-57m/,"{""Top"": ""Stainless steel(S)"", ""Type"": ""Standard""}",W1500xD750xH850mm,Steel,,1,https://www.tanko.com.tw/upload/catalog_package_b/ALL_catalog_package_24C13_NdGouBBL6S.png,C:\Users\User\OneDrive\tanko seo\assets\product\WA-57SM.png
WAT-5203SM,WAT-5203SM,Heavy Duty Workbench,wa-57m,https://www.tanko.com.tw/en/products-detail/wa-57m/,"{""Top"": ""Stainless steel(S)"", ""Type"": ""Drawers""}",W1500xD750xH850mm,Steel,,1,https://www.tanko.com.tw/upload/catalog_package_b/ALL_catalog_package_24C13_WRvLNEmqnC.png,C:\Users\User\OneDrive\tanko seo\assets\product\WAT-5203SM.png
WAS-54031SM,WAS-54031SM,Heavy Duty Workbench,wa-57m,https://www.tanko.com.tw/en/products-detail/wa-57m/,"{""Top"": ""Stainless steel(S)"", ""Type"": ""Hanging Cabinet""}",W1500xD750xH850mm,Steel,,1,https://www.tanko.com.tw/upload/catalog_package_b/ALL_catalog_package_24C13_0aZ5ldmNvw.png,C:\Users\User\OneDrive\tanko seo\assets\product\WAS-54031SM.png
WA-57TGM,WA-57TGM,Heavy Duty Workbench,wa-57m,https://www.tanko.com.tw/en/products-detail/wa-57m/,"{""Top"": ""Tanko-top(TG)"", ""Type"": ""Standard""}",W1500xD750xH850mm,Steel,,1,https://www.tanko.com.tw/upload/catalog_package_b/ALL_catalog_package_24C13_B46cEB3ui2.png,C:\Users\User\OneDrive\tanko seo\assets\product\WA-57TGM.png
WAT-5203TGM,WAT-5203TGM,Heavy Duty Workbench,wa-57m,https://www.tanko.com.tw/en/products-detail/wa-57m/,"{""Top"": ""Tanko-top(TG)"", ""Type"": ""Drawers""}",W1500xD750xH850mm,Steel,,1,https://www.tanko.com.tw/upload/catalog_package_b/ALL_catalog_package_24C13_lxsDIZhHT4.png,C:\Users\User\OneDrive\tanko seo\assets\product\WAT-5203TGM.png
WAS-54031TGM,WAS-54031TGM,Heavy Duty Workbench,wa-57m,https://www.tanko.com.tw/en/products-detail/wa-57m/,"{""Top"": ""Tanko-top(TG)"", ""Type"": ""Hanging Cabinet""}",W1500xD750xH850mm,Steel,,1,https://www.tanko.com.tw/upload/catalog_package_b/ALL_catalog_package_24C13_9PY5XDoBLq.png,C:\Users\User\OneDrive\tanko seo\assets\product\WAS-54031TGM.png
WA-57THM,WA-57THM,Heavy Duty Workbench,wa-57m,https://www.tanko.com.tw/en/products-detail/wa-57m/,"{""Top"": ""Tanko-top(TH)"", ""Type"": ""Standard""}",W1500xD750xH850mm,Steel,,1,https://www.tanko.com.tw/upload/catalog_package_b/ALL_catalog_package_24C13_d22aH73OZ0.png,C:\Users\User\OneDrive\tanko seo\assets\product\WA-57THM.png
WAT-5203THM,WAT-5203THM,Heavy Duty Workbench,wa-57m,https://www.tanko.com.tw/en/products-detail/wa-57m/,"{""Top"": ""Tanko-top(TH)"", ""Type"": ""Drawers""}",W1500xD750xH850mm,Steel,,1,https://www.tanko.com.tw/upload/catalog_package_b/ALL_catalog_package_24C13_KQ6XWEaVGU.png,C:\Users\User\OneDrive\tanko seo\assets\product\WAT-5203THM.png
WAS-54031THM,WAS-54031THM,Heavy Duty Workbench,wa-57m,https://www.tanko.com.tw/en/products-detail/wa-57m/,"{""Top"": ""Tanko-top(TH)"", ""Type"": ""Hanging Cabinet""}",W1500xD750xH850mm,Steel,,1,https://www.tanko.com.tw/upload/catalog_package_b/ALL_catalog_package_24C13_nJBw58cCf7.png,C:\Users\User\OneDrive\tanko seo\assets\product\WAS-54031THM.png
WA-67N,WA-67N,Heavy Duty Workbench,wa-67,https://www.tanko.com.tw/en/products-detail/wa-67/,"{""Top"": ""Rubber(N)"", ""Panel set"": ""None""}",W1800xD750xH800mm,Steel,,1,https://www.tanko.com.tw/upload/catalog_package_b/ALL_catalog_package_24C11_vCVShv6Tim.png,C:\Users\User\OneDrive\tanko seo\assets\product\WA-67N.png
WA-67N2,WA-67N2,Heavy Duty Workbench,wa-67,https://www.tanko.com.tw/en/products-detail/wa-67/,"{""Top"": ""Rubber(N)"", ""Panel set"": ""Perforated board""}",W1800xD750xH800mm,Steel,,1,https://www.tanko.com.tw/upload/catalog_package_b/ALL_catalog_package_24C11_vwCB1oUTuL.png,C:\Users\User\OneDrive\tanko seo\assets\product\WA-67N2.png
WA-67N3,WA-67N3,Heavy Duty Workbench,wa-67,https://www.tanko.com.tw/en/products-detail/wa-67/,"{""Top"": ""Rubber(N)"", ""Panel set"": ""Perforated board+Shelf""}",W1800xD750xH800mm,Steel,,1,https://www.tanko.com.tw/upload/catalog_package_b/ALL_catalog_package_24C11_7Y6tRPe26e.png,C:\Users\User\OneDrive\tanko seo\assets\product\WA-67N3.png
WA-67N4A,WA-67N4A,Heavy Duty Workbench,wa-67,https://www.tanko.com.tw/en/products-detail/wa-67/,"{""Top"": ""Rubber(N)"", ""Panel set"": ""Perforated board+Socket""}",W1800xD750xH800mm,Steel,,1,https://www.tanko.com.tw/upload/catalog_package_b/ALL_catalog_package_24C11_M9ji2Q0I7c.png,
WA-67N5A,WA-67N5A,Heavy Duty Workbench,wa-67,https://www.tanko.com.tw/en/products-detail/wa-67/,"{""Top"": ""Rubber(N)"", ""Panel set"": ""Perforated board+Shelf+Socket""}",W1800xD750xH800mm,Steel,,1,https://www.tanko.com.tw/upload/catalog_package_b/ALL_catalog_package_24C11_O5BEU8OFjG.png,C:\Users\User\OneDrive\tanko seo\assets\product\WA-67N5A.png
WA-67N6A,WA-67N6A,Heavy Duty Workbench,wa-67,https://www.tanko.com.tw/en/products-detail/wa-67/,"{""Top"": ""Rubber(N)"", ""Panel set"": ""Perforated board+Shelf+Socket+Light""}",W1800xD750xH800mm,Steel,,1,https://www.tanko.com.tw/upload/catalog_package_b/ALL_catalog_package_24C11_U5sGS23FsA.png,C:\Users\User\OneDrive\tanko seo\assets\product\WA-67N6A.png
WA-67N7A,WA-67N7A,Heavy Duty Workbench,wa-67,https://www.tanko.com.tw/en/products-detail/wa-67/,"{""Top"": ""Rubber(N)"", ""Panel set"": ""Parts cabinet+Socket+Light""}",W1800xD750xH800mm,Steel,,1,https://www.tanko.com.tw/upload/catalog_package_b/ALL_catalog_package_24C11_oQ1QPKXNJP.png,C:\Users\User\OneDrive\tanko seo\assets\product\WA-67N7A.png
WA-67F,WA-67F,Heavy Duty Workbench,wa-67,https://www.tanko.com.tw/en/products-detail/wa-67/,"{""Top"": ""Laminate(F)"", ""Panel set"": ""None""}",W1800xD750xH800mm,Steel,,1,https://www.tanko.com.tw/upload/catalog_package_b/ALL_catalog_package_24C11_0VCzfczdl1.png,C:\Users\User\OneDrive\tanko seo\assets\product\WA-67F.png
WA-67F2,WA-67F2,Heavy Duty Workbench,wa-67,https://www.tanko.com.tw/en/products-detail/wa-67/,"{""Top"": ""Laminate(F)"", ""Panel set"": ""Perforated board""}",W1800xD750xH800mm,Steel,,1,https://www.tanko.com.tw/upload/catalog_package_b/ALL_catalog_package_24C11_BsskoAzOsz.png,C:\Users\User\OneDrive\tanko seo\assets\product\WA-67F2.png
WA-67F3,WA-67F3,Heavy Duty Workbench,wa-67,https://www.tanko.com.tw/en/products-detail/wa-67/,"{""Top"": ""Laminate(F)"", ""Panel set"": ""Perforated board+Shelf""}",W1800xD750xH800mm,Steel,,1,https://www.tanko.com.tw/upload/catalog_package_b/ALL_catalog_package_24C11_5dyEbvBRyP.png,C:\Users\User\OneDrive\tanko seo\assets\product\WA-67F3.png
WA-67F4A,WA-67F4A,Heavy Duty Workbench,wa-67,https://www.tanko.com.tw/en/products-detail/wa-67/,"{""Top"": ""Laminate(F)"", ""Panel set"": ""Perforated board+Socket""}",W1800xD750xH800mm,Steel,,1,https://www.tanko.com.tw/upload/catalog_package_b/ALL_catalog_package_24C11_HZzCSds37S.png,
WA-67F5A,WA-67F5A,Heavy Duty Workbench,wa-67,https://www.tanko.com.tw/en/products-detail/wa-67/,"{""Top"": ""Laminate(F)"", ""Panel set"": ""Perforated board+Shelf+Socket""}",W1800xD750xH800mm,Steel,,1,https://www.tanko.com.tw/upload/catalog_package_b/ALL_catalog_package_24C11_reTtY1R1DO.png,C:\Users\User\OneDrive\tanko seo\assets\product\WA-67F5A.png
WA-67F6A,WA-67F6A,Heavy Duty Workbench,wa-67,https://www.tanko.com.tw/en/products-detail/wa-67/,"{""Top"": ""Laminate(F)"", ""Panel set"": ""Perforated board+Shelf+Socket+Light""}",W1800xD750xH800mm,Steel,,1,https://www.tanko.com.tw/upload/catalog_package_b/ALL_catalog_package_24C11_YK0pHr7X2Q.png,C:\Users\User\OneDrive\tanko seo\assets\product\WA-67F6A.png
WA-67F7A,WA-67F7A,Heavy Duty Workbench,wa-67,https://www.tanko.com.tw/en/products-detail/wa-67/,"{""Top"": ""Laminate(F)"", ""Panel set"": ""Parts cabinet+Socket+Light""}",W1800xD750xH800mm,Steel,,1,https://www.tanko.com.tw/upload/catalog_package_b/ALL_catalog_package_24C11_kxBPamJLGi.png,C:\Users\User\OneDrive\tanko seo\assets\product\WA-67F7A.png
WA-67W,WA-67W,Heavy Duty Workbench,wa-67,https://www.tanko.com.tw/en/products-detail/wa-67/,"{""Top"": ""Wood(W)"", ""Panel set"": ""None""}",W1800xD750xH800mm,Steel,,1,https://www.tanko.com.tw/upload/catalog_package_b/ALL_catalog_package_24C11_UeawWjaQ1n.png,C:\Users\User\OneDrive\tanko seo\assets\product\WA-67W.png
WA-67W2,WA-67W2,Heavy Duty Workbench,wa-67,https://www.tanko.com.tw/en/products-detail/wa-67/,"{""Top"": ""Wood(W)"", ""Panel set"": ""Perforated board""}",W1800xD750xH800mm,Steel,,1,https://www.tanko.com.tw/upload/catalog_package_b/ALL_catalog_package_24C11_64kNFUL15D.png,C:\Users\User\OneDrive\tanko seo\assets\product\WA-67W2.png
WA-67W3,WA-67W3,Heavy Duty Workbench,wa-67,https://www.tanko.com.tw/en/products-detail/wa-67/,"{""Top"": ""Wood(W)"", ""Panel set"": ""Perforated board+Shelf""}",W1800xD750xH800mm,Steel,,1,https://www.tanko.com.tw/upload/catalog_package_b/ALL_catalog_package_24C11_bO8w5STVnv.png,C:\Users\User\OneDrive\tanko seo\assets\product\WA-67W3.png
WA-67W4A,WA-67W4A,Heavy Duty Workbench,wa-67,https://www.tanko.com.tw/en/products-detail/wa-67/,"{""Top"": ""Wood(W)"", ""Panel set"": ""Perforated board+Socket""}",W1800xD750xH800mm,Steel,,1,https://www.tanko.com.tw/upload/catalog_package_b/ALL_catalog_package_24C11_aWece0cf4O.png,
WA-67W5A,WA-67W5A,Heavy Duty Workbench,wa-67,https://www.tanko.com.tw/en/products-detail/wa-67/,"{""Top"": ""Wood(W)"", ""Panel set"": ""Perforated board+Shelf+Socket""}",W1800xD750xH800mm,Steel,,1,https://www.tanko.com.tw/upload/catalog_package_b/ALL_catalog_package_24C11_y2G88yA4kJ.png,C:\Users\User\OneDrive\tanko seo\assets\product\WA-67W5A.png
WA-67W6A,WA-67W6A,Heavy Duty Workbench,wa-67,https://www.tanko.com.tw/en/products-detail/wa-67/,"{""Top"": ""Wood(W)"", ""Panel set"": ""Perforated board+Shelf+Socket+Light""}",W1800xD750xH800mm,Steel,,1,https://www.tanko.com.tw/upload/catalog_package_b/ALL_catalog_package_26D17_U959H7ZfFd.png,C:\Users\User\OneDrive\tanko seo\assets\product\WA-67W6A.png
WA-67W7A,WA-67W7A,Heavy Duty Workbench,wa-67,https://www.tanko.com.tw/en/products-detail/wa-67/,"{""Top"": ""Wood(W)"", ""Panel set"": ""Parts cabinet+Socket+Light""}",W1800xD750xH800mm,Steel,,1,https://www.tanko.com.tw/upload/catalog_package_b/ALL_catalog_package_24C11_B6MSOBgiSd.png,C:\Users\User\OneDrive\tanko seo\assets\product\WA-67W7A.png
WA-67S,WA-67S,Heavy Duty Workbench,wa-67,https://www.tanko.com.tw/en/products-detail/wa-67/,"{""Top"": ""Stainless steel(S)"", ""Panel set"": ""None""}",W1800xD750xH800mm,Steel,,1,https://www.tanko.com.tw/upload/catalog_package_b/ALL_catalog_package_24C11_dpo9TR6Up5.png,C:\Users\User\OneDrive\tanko seo\assets\product\WA-67S.png
WA-67S2,WA-67S2,Heavy Duty Workbench,wa-67,https://www.tanko.com.tw/en/products-detail/wa-67/,"{""Top"": ""Stainless steel(S)"", ""Panel set"": ""Perforated board""}",W1800xD750xH800mm,Steel,,1,https://www.tanko.com.tw/upload/catalog_package_b/ALL_catalog_package_24C11_3QTue8kDEw.png,C:\Users\User\OneDrive\tanko seo\assets\product\WA-67S2.png
WA-67S3,WA-67S3,Heavy Duty Workbench,wa-67,https://www.tanko.com.tw/en/products-detail/wa-67/,"{""Top"": ""Stainless steel(S)"", ""Panel set"": ""Perforated board+Shelf""}",W1800xD750xH800mm,Steel,,1,https://www.tanko.com.tw/upload/catalog_package_b/ALL_catalog_package_24C11_U9nYg9duLf.png,C:\Users\User\OneDrive\tanko seo\assets\product\WA-67S3.png
WA-67S4A,WA-67S4A,Heavy Duty Workbench,wa-67,https://www.tanko.com.tw/en/products-detail/wa-67/,"{""Top"": ""Stainless steel(S)"", ""Panel set"": ""Perforated board+Socket""}",W1800xD750xH800mm,Steel,,1,https://www.tanko.com.tw/upload/catalog_package_b/ALL_catalog_package_24C11_QT29F5dSiw.png,
WA-67S5A,WA-67S5A,Heavy Duty Workbench,wa-67,https://www.tanko.com.tw/en/products-detail/wa-67/,"{""Top"": ""Stainless steel(S)"", ""Panel set"": ""Perforated board+Shelf+Socket""}",W1800xD750xH800mm,Steel,,1,https://www.tanko.com.tw/upload/catalog_package_b/ALL_catalog_package_24C11_7kNSMuv2p8.png,C:\Users\User\OneDrive\tanko seo\assets\product\WA-67S5A.png
WA-67S6A,WA-67S6A,Heavy Duty Workbench,wa-67,https://www.tanko.com.tw/en/products-detail/wa-67/,"{""Top"": ""Stainless steel(S)"", ""Panel set"": ""Perforated board+Shelf+Socket+Light""}",W1800xD750xH800mm,Steel,,1,https://www.tanko.com.tw/upload/catalog_package_b/ALL_catalog_package_24C11_suFHBs2K9X.png,C:\Users\User\OneDrive\tanko seo\assets\product\WA-67S6A.png
WA-67S7A,WA-67S7A,Heavy Duty Workbench,wa-67,https://www.tanko.com.tw/en/products-detail/wa-67/,"{""Top"": ""Stainless steel(S)"", ""Panel set"": ""Parts cabinet+Socket+Light""}",W1800xD750xH800mm,Steel,,1,https://www.tanko.com.tw/upload/catalog_package_b/ALL_catalog_package_24C11_HeTIIttatn.png,C:\Users\User\OneDrive\tanko seo\assets\product\WA-67S7A.png
WA-67TG,WA-67TG,Heavy Duty Workbench,wa-67,https://www.tanko.com.tw/en/products-detail/wa-67/,"{""Top"": ""Tanko-top(TG)"", ""Panel set"": ""None""}",W1800xD750xH800mm,Steel,,1,https://www.tanko.com.tw/upload/catalog_package_b/ALL_catalog_package_24C11_PA7IJd1svq.png,C:\Users\User\OneDrive\tanko seo\assets\product\WA-67TG.png
WA-67TG2,WA-67TG2,Heavy Duty Workbench,wa-67,https://www.tanko.com.tw/en/products-detail/wa-67/,"{""Top"": ""Tanko-top(TG)"", ""Panel set"": ""Perforated board""}",W1800xD750xH800mm,Steel,,1,https://www.tanko.com.tw/upload/catalog_package_b/ALL_catalog_package_24C11_iOZWopblPs.png,C:\Users\User\OneDrive\tanko seo\assets\product\WA-67TG2.png
WA-67TG3,WA-67TG3,Heavy Duty Workbench,wa-67,https://www.tanko.com.tw/en/products-detail/wa-67/,"{""Top"": ""Tanko-top(TG)"", ""Panel set"": ""Perforated board+Shelf""}",W1800xD750xH800mm,Steel,,1,https://www.tanko.com.tw/upload/catalog_package_b/ALL_catalog_package_24C11_1MGKAMv7qo.png,C:\Users\User\OneDrive\tanko seo\assets\product\WA-67TG3.png
WA-67TG4A,WA-67TG4A,Heavy Duty Workbench,wa-67,https://www.tanko.com.tw/en/products-detail/wa-67/,"{""Top"": ""Tanko-top(TG)"", ""Panel set"": ""Perforated board+Socket""}",W1800xD750xH800mm,Steel,,1,https://www.tanko.com.tw/upload/catalog_package_b/ALL_catalog_package_24C11_8IrGPYJPr8.png,
WA-67TG5A,WA-67TG5A,Heavy Duty Workbench,wa-67,https://www.tanko.com.tw/en/products-detail/wa-67/,"{""Top"": ""Tanko-top(TG)"", ""Panel set"": ""Perforated board+Shelf+Socket""}",W1800xD750xH800mm,Steel,,1,https://www.tanko.com.tw/upload/catalog_package_b/ALL_catalog_package_24C11_gp6JGK1COU.png,C:\Users\User\OneDrive\tanko seo\assets\product\WA-67TG5A.png
WA-67TG6A,WA-67TG6A,Heavy Duty Workbench,wa-67,https://www.tanko.com.tw/en/products-detail/wa-67/,"{""Top"": ""Tanko-top(TG)"", ""Panel set"": ""Perforated board+Shelf+Socket+Light""}",W1800xD750xH800mm,Steel,,1,https://www.tanko.com.tw/upload/catalog_package_b/ALL_catalog_package_24C11_EddsIpygU3.png,C:\Users\User\OneDrive\tanko seo\assets\product\WA-67TG6A.png
WA-67TG7A,WA-67TG7A,Heavy Duty Workbench,wa-67,https://www.tanko.com.tw/en/products-detail/wa-67/,"{""Top"": ""Tanko-top(TG)"", ""Panel set"": ""Parts cabinet+Socket+Light""}",W1800xD750xH800mm,Steel,,1,https://www.tanko.com.tw/upload/catalog_package_b/ALL_catalog_package_24C11_V9AAeqBYVq.png,C:\Users\User\OneDrive\tanko seo\assets\product\WA-67TG7A.png
WA-67TH,WA-67TH,Heavy Duty Workbench,wa-67,https://www.tanko.com.tw/en/products-detail/wa-67/,"{""Top"": ""Tanko-top(TH)"", ""Panel set"": ""None""}",W1800xD750xH800mm,Steel,,1,https://www.tanko.com.tw/upload/catalog_package_b/ALL_catalog_package_24C11_Z10SqXT1mO.png,C:\Users\User\OneDrive\tanko seo\assets\product\WA-67TH.png
WA-67TH2,WA-67TH2,Heavy Duty Workbench,wa-67,https://www.tanko.com.tw/en/products-detail/wa-67/,"{""Top"": ""Tanko-top(TH)"", ""Panel set"": ""Perforated board""}",W1800xD750xH800mm,Steel,,1,https://www.tanko.com.tw/upload/catalog_package_b/ALL_catalog_package_24C11_lXfGvCjeTc.png,C:\Users\User\OneDrive\tanko seo\assets\product\WA-67TH2.png
WA-67TH3,WA-67TH3,Heavy Duty Workbench,wa-67,https://www.tanko.com.tw/en/products-detail/wa-67/,"{""Top"": ""Tanko-top(TH)"", ""Panel set"": ""Perforated board+Shelf""}",W1800xD750xH800mm,Steel,,1,https://www.tanko.com.tw/upload/catalog_package_b/ALL_catalog_package_24C11_EZxL4UbBqC.png,C:\Users\User\OneDrive\tanko seo\assets\product\WA-67TH3.png
WA-67TH4A,WA-67TH4A,Heavy Duty Workbench,wa-67,https://www.tanko.com.tw/en/products-detail/wa-67/,"{""Top"": ""Tanko-top(TH)"", ""Panel set"": ""Perforated board+Socket""}",W1800xD750xH800mm,Steel,,1,https://www.tanko.com.tw/upload/catalog_package_b/ALL_catalog_package_24C11_sDifIIo6S4.png,
WA-67TH5A,WA-67TH5A,Heavy Duty Workbench,wa-67,https://www.tanko.com.tw/en/products-detail/wa-67/,"{""Top"": ""Tanko-top(TH)"", ""Panel set"": ""Perforated board+Shelf+Socket""}",W1800xD750xH800mm,Steel,,1,https://www.tanko.com.tw/upload/catalog_package_b/ALL_catalog_package_24C11_bbF6RxC90W.png,C:\Users\User\OneDrive\tanko seo\assets\product\WA-67TH5A.png
WA-67TH6A,WA-67TH6A,Heavy Duty Workbench,wa-67,https://www.tanko.com.tw/en/products-detail/wa-67/,"{""Top"": ""Tanko-top(TH)"", ""Panel set"": ""Perforated board+Shelf+Socket+Light""}",W1800xD750xH800mm,Steel,,1,https://www.tanko.com.tw/upload/catalog_package_b/ALL_catalog_package_24C11_ZULqKleBZC.png,C:\Users\User\OneDrive\tanko seo\assets\product\WA-67TH6A.png
WA-67TH7A,WA-67TH7A,Heavy Duty Workbench,wa-67,https://www.tanko.com.tw/en/products-detail/wa-67/,"{""Top"": ""Tanko-top(TH)"", ""Panel set"": ""Parts cabinet+Socket+Light""}",W1800xD750xH800mm,Steel,,1,https://www.tanko.com.tw/upload/catalog_package_b/ALL_catalog_package_24C11_tENdgYwdBx.png,C:\Users\User\OneDrive\tanko seo\assets\product\WA-67TH7A.png
WA-67A,WA-67A,Benchwork,wa-67a,https://www.tanko.com.tw/en/products-detail/wa-67a/,"{""Type"": ""Standard"", ""Panel set"": ""None""}",W1800mmxD750mmxH800mm,Steel,,1,https://www.tanko.com.tw/upload/catalog_package_b/ALL_catalog_package_24C14_y6kz7x8cCl.png,C:\Users\User\OneDrive\tanko seo\assets\product\WA-67A.png
WA-67A2,WA-67A2,Benchwork,wa-67a,https://www.tanko.com.tw/en/products-detail/wa-67a/,"{""Type"": ""Standard"", ""Panel set"": ""Perforated board""}",W1800mmxD750mmxH800mm,Steel,,1,https://www.tanko.com.tw/upload/catalog_package_b/ALL_catalog_package_24C14_fBZCPv4j73.png,C:\Users\User\OneDrive\tanko seo\assets\product\WA-67A2.png
WA-67A3,WA-67A3,Benchwork,wa-67a,https://www.tanko.com.tw/en/products-detail/wa-67a/,"{""Type"": ""Standard"", ""Panel set"": ""Perforated board+Shelf""}",W1800mmxD750mmxH800mm,Steel,,1,https://www.tanko.com.tw/upload/catalog_package_b/ALL_catalog_package_24C14_NcTJLBXulm.png,C:\Users\User\OneDrive\tanko seo\assets\product\WA-67A3.png
WA-67A4A,WA-67A4A,Benchwork,wa-67a,https://www.tanko.com.tw/en/products-detail/wa-67a/,"{""Type"": ""Standard"", ""Panel set"": ""Perforated board+Socket""}",W1800mmxD750mmxH800mm,Steel,,1,https://www.tanko.com.tw/upload/catalog_package_b/ALL_catalog_package_24C14_ZxKOKvWDSp.png,C:\Users\User\OneDrive\tanko seo\assets\product\WA-67A4A.png
WA-67A5A,WA-67A5A,Benchwork,wa-67a,https://www.tanko.com.tw/en/products-detail/wa-67a/,"{""Type"": ""Standard"", ""Panel set"": ""Perforated board+Shelf+Socket""}",W1800mmxD750mmxH800mm,Steel,,1,https://www.tanko.com.tw/upload/catalog_package_b/ALL_catalog_package_24C14_fLGOCWf3M1.png,C:\Users\User\OneDrive\tanko seo\assets\product\WA-67A5A.png
WA-67A6A,WA-67A6A,Benchwork,wa-67a,https://www.tanko.com.tw/en/products-detail/wa-67a/,"{""Type"": ""Standard"", ""Panel set"": ""Perforated board+Shelf+Socket+Light""}",W1800mmxD750mmxH800mm,Steel,,1,https://www.tanko.com.tw/upload/catalog_package_b/ALL_catalog_package_24C14_PMg7zD9CHu.png,C:\Users\User\OneDrive\tanko seo\assets\product\WA-67A6A.png
WA-67A7A,WA-67A7A,Benchwork,wa-67a,https://www.tanko.com.tw/en/products-detail/wa-67a/,"{""Type"": ""Standard"", ""Panel set"": ""Parts cabinet+Socket+Light""}",W1800mmxD750mmxH800mm,Steel,,1,https://www.tanko.com.tw/upload/catalog_package_b/ALL_catalog_package_24C14_0ftQEKau2K.png,C:\Users\User\OneDrive\tanko seo\assets\product\WA-67A7A.png
WAT-6203A,WAT-6203A,Benchwork,wa-67a,https://www.tanko.com.tw/en/products-detail/wa-67a/,"{""Type"": ""Drawers"", ""Panel set"": ""None""}",W1800mmxD750mmxH800mm,Steel,,1,https://www.tanko.com.tw/upload/catalog_package_b/ALL_catalog_package_24C14_Y2pv6g3E4v.png,C:\Users\User\OneDrive\tanko seo\assets\product\WAT-6203A.png
WAT-6203A2,WAT-6203A2,Benchwork,wa-67a,https://www.tanko.com.tw/en/products-detail/wa-67a/,"{""Type"": ""Drawers"", ""Panel set"": ""Perforated board""}",W1800mmxD750mmxH800mm,Steel,,1,https://www.tanko.com.tw/upload/catalog_package_b/ALL_catalog_package_24C14_Kad35On6zf.png,C:\Users\User\OneDrive\tanko seo\assets\product\WAT-6203A2.png
WAT-6203A3,WAT-6203A3,Benchwork,wa-67a,https://www.tanko.com.tw/en/products-detail/wa-67a/,"{""Type"": ""Drawers"", ""Panel set"": ""Perforated board+Shelf""}",W1800mmxD750mmxH800mm,Steel,,1,https://www.tanko.com.tw/upload/catalog_package_b/ALL_catalog_package_24C14_pjHMjUO2Q4.png,C:\Users\User\OneDrive\tanko seo\assets\product\WAT-6203A3.png
WAT-6203A4A,WAT-6203A4A,Benchwork,wa-67a,https://www.tanko.com.tw/en/products-detail/wa-67a/,"{""Type"": ""Drawers"", ""Panel set"": ""Perforated board+Socket""}",W1800mmxD750mmxH800mm,Steel,,1,https://www.tanko.com.tw/upload/catalog_package_b/ALL_catalog_package_24C14_17SjxSzqpM.png,C:\Users\User\OneDrive\tanko seo\assets\product\WAT-6203A4A.png
WAT-6203A5A,WAT-6203A5A,Benchwork,wa-67a,https://www.tanko.com.tw/en/products-detail/wa-67a/,"{""Type"": ""Drawers"", ""Panel set"": ""Perforated board+Shelf+Socket""}",W1800mmxD750mmxH800mm,Steel,,1,https://www.tanko.com.tw/upload/catalog_package_b/ALL_catalog_package_24C14_EQIosdG92d.png,C:\Users\User\OneDrive\tanko seo\assets\product\WAT-6203A5A.png
WAT-6203A6A,WAT-6203A6A,Benchwork,wa-67a,https://www.tanko.com.tw/en/products-detail/wa-67a/,"{""Type"": ""Drawers"", ""Panel set"": ""Perforated board+Shelf+Socket+Light""}",W1800mmxD750mmxH800mm,Steel,,1,https://www.tanko.com.tw/upload/catalog_package_b/ALL_catalog_package_24C14_uZohbakdts.png,C:\Users\User\OneDrive\tanko seo\assets\product\WAT-6203A6A.png
WAT-6203A7A,WAT-6203A7A,Benchwork,wa-67a,https://www.tanko.com.tw/en/products-detail/wa-67a/,"{""Type"": ""Drawers"", ""Panel set"": ""Parts cabinet+Socket+Light""}",W1800mmxD750mmxH800mm,Steel,,1,https://www.tanko.com.tw/upload/catalog_package_b/ALL_catalog_package_24C14_FLQVelPqLC.png,C:\Users\User\OneDrive\tanko seo\assets\product\WAT-6203A7A.png
WAS-64031A,WAS-64031A,Benchwork,wa-67a,https://www.tanko.com.tw/en/products-detail/wa-67a/,"{""Type"": ""Hanging Cabinet"", ""Panel set"": ""None""}",W1800mmxD750mmxH800mm,Steel,,1,https://www.tanko.com.tw/upload/catalog_package_b/ALL_catalog_package_24C14_AG0AE9KedL.png,C:\Users\User\OneDrive\tanko seo\assets\product\WAS-64031A.png
WAS-64031A2,WAS-64031A2,Benchwork,wa-67a,https://www.tanko.com.tw/en/products-detail/wa-67a/,"{""Type"": ""Hanging Cabinet"", ""Panel set"": ""Perforated board""}",W1800mmxD750mmxH800mm,Steel,,1,https://www.tanko.com.tw/upload/catalog_package_b/ALL_catalog_package_24C14_73xZLUvrea.png,C:\Users\User\OneDrive\tanko seo\assets\product\WAS-64031A2.png
WAS-64031A3,WAS-64031A3,Benchwork,wa-67a,https://www.tanko.com.tw/en/products-detail/wa-67a/,"{""Type"": ""Hanging Cabinet"", ""Panel set"": ""Perforated board+Shelf""}",W1800mmxD750mmxH800mm,Steel,,1,https://www.tanko.com.tw/upload/catalog_package_b/ALL_catalog_package_24C14_HZ0wQ9j1lV.png,C:\Users\User\OneDrive\tanko seo\assets\product\WAS-64031A3.png
WAS-64031A4A,WAS-64031A4A,Benchwork,wa-67a,https://www.tanko.com.tw/en/products-detail/wa-67a/,"{""Type"": ""Hanging Cabinet"", ""Panel set"": ""Perforated board+Socket""}",W1800mmxD750mmxH800mm,Steel,,1,https://www.tanko.com.tw/upload/catalog_package_b/ALL_catalog_package_24C14_peCCuNbjG0.png,C:\Users\User\OneDrive\tanko seo\assets\product\WAS-64031A4A.png
WAS-64031A5A,WAS-64031A5A,Benchwork,wa-67a,https://www.tanko.com.tw/en/products-detail/wa-67a/,"{""Type"": ""Hanging Cabinet"", ""Panel set"": ""Perforated board+Shelf+Socket""}",W1800mmxD750mmxH800mm,Steel,,1,https://www.tanko.com.tw/upload/catalog_package_b/ALL_catalog_package_24C14_QfNVj1zpCP.png,C:\Users\User\OneDrive\tanko seo\assets\product\WAS-64031A5A.png
WAS-64031A6A,WAS-64031A6A,Benchwork,wa-67a,https://www.tanko.com.tw/en/products-detail/wa-67a/,"{""Type"": ""Hanging Cabinet"", ""Panel set"": ""Perforated board+Shelf+Socket+Light""}",W1800mmxD750mmxH800mm,Steel,,1,https://www.tanko.com.tw/upload/catalog_package_b/ALL_catalog_package_24C14_QXcCPkRep5.png,C:\Users\User\OneDrive\tanko seo\assets\product\WAS-64031A6A.png
WAS-64031A7A,WAS-64031A7A,Benchwork,wa-67a,https://www.tanko.com.tw/en/products-detail/wa-67a/,"{""Type"": ""Hanging Cabinet"", ""Panel set"": ""Parts cabinet+Socket+Light""}",W1800mmxD750mmxH800mm,Steel,,1,https://www.tanko.com.tw/upload/catalog_package_b/ALL_catalog_package_24C14_0zyRINnWwd.png,C:\Users\User\OneDrive\tanko seo\assets\product\WAS-64031A7A.png
WAS-67042A,WAS-67042A,Benchwork,wa-67a,https://www.tanko.com.tw/en/products-detail/wa-67a/,"{""Type"": ""Tool Cabinet"", ""Panel set"": ""None""}",W1800mmxD750mmxH800mm,Steel,,1,https://www.tanko.com.tw/upload/catalog_package_b/ALL_catalog_package_24C14_yLPrLJmniL.png,C:\Users\User\OneDrive\tanko seo\assets\product\WAS-67042A.png
WAS-67042A2,WAS-67042A2,Benchwork,wa-67a,https://www.tanko.com.tw/en/products-detail/wa-67a/,"{""Type"": ""Tool Cabinet"", ""Panel set"": ""Perforated board""}",W1800mmxD750mmxH800mm,Steel,,1,https://www.tanko.com.tw/upload/catalog_package_b/ALL_catalog_package_24C14_vPqGcWGvM6.png,C:\Users\User\OneDrive\tanko seo\assets\product\WAS-67042A2.png
WAS-67042A3,WAS-67042A3,Benchwork,wa-67a,https://www.tanko.com.tw/en/products-detail/wa-67a/,"{""Type"": ""Tool Cabinet"", ""Panel set"": ""Perforated board+Shelf""}",W1800mmxD750mmxH800mm,Steel,,1,https://www.tanko.com.tw/upload/catalog_package_b/ALL_catalog_package_24C14_NB4Ci7LTdo.png,C:\Users\User\OneDrive\tanko seo\assets\product\WAS-67042A3.png
WAS-67042A4A,WAS-67042A4A,Benchwork,wa-67a,https://www.tanko.com.tw/en/products-detail/wa-67a/,"{""Type"": ""Tool Cabinet"", ""Panel set"": ""Perforated board+Socket""}",W1800mmxD750mmxH800mm,Steel,,1,https://www.tanko.com.tw/upload/catalog_package_b/ALL_catalog_package_24C14_K6POxX8DSA.png,C:\Users\User\OneDrive\tanko seo\assets\product\WAS-67042A4A.png
WAS-67042A5A,WAS-67042A5A,Benchwork,wa-67a,https://www.tanko.com.tw/en/products-detail/wa-67a/,"{""Type"": ""Tool Cabinet"", ""Panel set"": ""Perforated board+Shelf+Socket""}",W1800mmxD750mmxH800mm,Steel,,1,https://www.tanko.com.tw/upload/catalog_package_b/ALL_catalog_package_24C14_SJkkEG0Jsh.png,C:\Users\User\OneDrive\tanko seo\assets\product\WAS-67042A5A.png
WAS-67042A6A,WAS-67042A6A,Benchwork,wa-67a,https://www.tanko.com.tw/en/products-detail/wa-67a/,"{""Type"": ""Tool Cabinet"", ""Panel set"": ""Perforated board+Shelf+Socket+Light""}",W1800mmxD750mmxH800mm,Steel,,1,https://www.tanko.com.tw/upload/catalog_package_b/ALL_catalog_package_24C14_w0gea5BV2j.png,C:\Users\User\OneDrive\tanko seo\assets\product\WAS-67042A6A.png
WAS-67042A7A,WAS-67042A7A,Benchwork,wa-67a,https://www.tanko.com.tw/en/products-detail/wa-67a/,"{""Type"": ""Tool Cabinet"", ""Panel set"": ""Parts cabinet+Socket+Light""}",W1800mmxD750mmxH800mm,Steel,,1,https://www.tanko.com.tw/upload/catalog_package_b/ALL_catalog_package_24C14_ZBkJ0nSZA9.png,C:\Users\User\OneDrive\tanko seo\assets\product\WAS-67042A7A.png
WA-67NM,WA-67NM,Heavy Duty Workbench,wa-67m,https://www.tanko.com.tw/en/products-detail/wa-67m/,"{""Top"": ""Rubber(N)"", ""Type"": ""Standard""}",W1800xD750xH850mm,Steel,,1,https://www.tanko.com.tw/upload/catalog_package_b/ALL_catalog_package_24C13_SfylJR4zeS.png,C:\Users\User\OneDrive\tanko seo\assets\product\WA-67NM.png
WAT-6203NM,WAT-6203NM,Heavy Duty Workbench,wa-67m,https://www.tanko.com.tw/en/products-detail/wa-67m/,"{""Top"": ""Rubber(N)"", ""Type"": ""Drawers""}",W1800xD750xH850mm,Steel,,1,https://www.tanko.com.tw/upload/catalog_package_b/ALL_catalog_package_24C13_vxtAmWEPyV.png,C:\Users\User\OneDrive\tanko seo\assets\product\WAT-6203NM.png
WAS-64031NM,WAS-64031NM,Heavy Duty Workbench,wa-67m,https://www.tanko.com.tw/en/products-detail/wa-67m/,"{""Top"": ""Rubber(N)"", ""Type"": ""Hanging Cabinet""}",W1800xD750xH850mm,Steel,,1,https://www.tanko.com.tw/upload/catalog_package_b/ALL_catalog_package_24C13_0e3MkfftHS.png,C:\Users\User\OneDrive\tanko seo\assets\product\WAS-64031NM.png
WA-67FM,WA-67FM,Heavy Duty Workbench,wa-67m,https://www.tanko.com.tw/en/products-detail/wa-67m/,"{""Top"": ""Laminate(F)"", ""Type"": ""Standard""}",W1800xD750xH850mm,Steel,,1,https://www.tanko.com.tw/upload/catalog_package_b/ALL_catalog_package_24C13_5oLe90kGJY.png,C:\Users\User\OneDrive\tanko seo\assets\product\WA-67FM.png
WAT-6203FM,WAT-6203FM,Heavy Duty Workbench,wa-67m,https://www.tanko.com.tw/en/products-detail/wa-67m/,"{""Top"": ""Laminate(F)"", ""Type"": ""Drawers""}",W1800xD750xH850mm,Steel,,1,https://www.tanko.com.tw/upload/catalog_package_b/ALL_catalog_package_24C13_qjO3fM2FDg.png,C:\Users\User\OneDrive\tanko seo\assets\product\WAT-6203FM.png
WAS-64031FM,WAS-64031FM,Heavy Duty Workbench,wa-67m,https://www.tanko.com.tw/en/products-detail/wa-67m/,"{""Top"": ""Laminate(F)"", ""Type"": ""Hanging Cabinet""}",W1800xD750xH850mm,Steel,,1,https://www.tanko.com.tw/upload/catalog_package_b/ALL_catalog_package_24C13_g2XK8yllXw.png,C:\Users\User\OneDrive\tanko seo\assets\product\WAS-64031FM.png
WA-67WM,WA-67WM,Heavy Duty Workbench,wa-67m,https://www.tanko.com.tw/en/products-detail/wa-67m/,"{""Top"": ""Wood(W)"", ""Type"": ""Standard""}",W1800xD750xH850mm,Steel,,1,https://www.tanko.com.tw/upload/catalog_package_b/ALL_catalog_package_24C13_X7R0OOuvNg.png,C:\Users\User\OneDrive\tanko seo\assets\product\WA-67WM.png
WAT-6203WM,WAT-6203WM,Heavy Duty Workbench,wa-67m,https://www.tanko.com.tw/en/products-detail/wa-67m/,"{""Top"": ""Wood(W)"", ""Type"": ""Drawers""}",W1800xD750xH850mm,Steel,,1,https://www.tanko.com.tw/upload/catalog_package_b/ALL_catalog_package_24C13_XjZI2yF249.png,C:\Users\User\OneDrive\tanko seo\assets\product\WAT-6203WM.png
WAS-64031WM,WAS-64031WM,Heavy Duty Workbench,wa-67m,https://www.tanko.com.tw/en/products-detail/wa-67m/,"{""Top"": ""Wood(W)"", ""Type"": ""Hanging Cabinet""}",W1800xD750xH850mm,Steel,,1,https://www.tanko.com.tw/upload/catalog_package_b/ALL_catalog_package_24C13_IPNTqSj6rD.png,C:\Users\User\OneDrive\tanko seo\assets\product\WAS-64031WM.png
WA-67SM,WA-67SM,Heavy Duty Workbench,wa-67m,https://www.tanko.com.tw/en/products-detail/wa-67m/,"{""Top"": ""Stainless steel(S)"", ""Type"": ""Standard""}",W1800xD750xH850mm,Steel,,1,https://www.tanko.com.tw/upload/catalog_package_b/ALL_catalog_package_24C13_GzUeHKqkow.png,C:\Users\User\OneDrive\tanko seo\assets\product\WA-67SM.png
WAT-6203SM,WAT-6203SM,Heavy Duty Workbench,wa-67m,https://www.tanko.com.tw/en/products-detail/wa-67m/,"{""Top"": ""Stainless steel(S)"", ""Type"": ""Drawers""}",W1800xD750xH850mm,Steel,,1,https://www.tanko.com.tw/upload/catalog_package_b/ALL_catalog_package_24C13_HQOLFZlspU.png,C:\Users\User\OneDrive\tanko seo\assets\product\WAT-6203SM.png
WAS-64031SM,WAS-64031SM,Heavy Duty Workbench,wa-67m,https://www.tanko.com.tw/en/products-detail/wa-67m/,"{""Top"": ""Stainless steel(S)"", ""Type"": ""Hanging Cabinet""}",W1800xD750xH850mm,Steel,,1,https://www.tanko.com.tw/upload/catalog_package_b/ALL_catalog_package_24C13_ackjUDwzTO.png,C:\Users\User\OneDrive\tanko seo\assets\product\WAS-64031SM.png
WA-67TGM,WA-67TGM,Heavy Duty Workbench,wa-67m,https://www.tanko.com.tw/en/products-detail/wa-67m/,"{""Top"": ""Tanko-top(TG)"", ""Type"": ""Standard""}",W1800xD750xH850mm,Steel,,1,https://www.tanko.com.tw/upload/catalog_package_b/ALL_catalog_package_24C13_HM1pXqMkQj.png,C:\Users\User\OneDrive\tanko seo\assets\product\WA-67TGM.png
WAT-6203TGM,WAT-6203TGM,Heavy Duty Workbench,wa-67m,https://www.tanko.com.tw/en/products-detail/wa-67m/,"{""Top"": ""Tanko-top(TG)"", ""Type"": ""Drawers""}",W1800xD750xH850mm,Steel,,1,https://www.tanko.com.tw/upload/catalog_package_b/ALL_catalog_package_24C13_I7Yi1QZB1W.png,C:\Users\User\OneDrive\tanko seo\assets\product\WAT-6203TGM.png
WAS-64031TGM,WAS-64031TGM,Heavy Duty Workbench,wa-67m,https://www.tanko.com.tw/en/products-detail/wa-67m/,"{""Top"": ""Tanko-top(TG)"", ""Type"": ""Hanging Cabinet""}",W1800xD750xH850mm,Steel,,1,https://www.tanko.com.tw/upload/catalog_package_b/ALL_catalog_package_24C13_DdARclo4U8.png,C:\Users\User\OneDrive\tanko seo\assets\product\WAS-64031TGM.png
WA-67THM,WA-67THM,Heavy Duty Workbench,wa-67m,https://www.tanko.com.tw/en/products-detail/wa-67m/,"{""Top"": ""Tanko-top(TH)"", ""Type"": ""Standard""}",W1800xD750xH850mm,Steel,,1,https://www.tanko.com.tw/upload/catalog_package_b/ALL_catalog_package_24C13_4rOC56F4pQ.png,C:\Users\User\OneDrive\tanko seo\assets\product\WA-67THM.png
WAT-6203THM,WAT-6203THM,Heavy Duty Workbench,wa-67m,https://www.tanko.com.tw/en/products-detail/wa-67m/,"{""Top"": ""Tanko-top(TH)"", ""Type"": ""Drawers""}",W1800xD750xH850mm,Steel,,1,https://www.tanko.com.tw/upload/catalog_package_b/ALL_catalog_package_24C13_34TzsUxE39.png,C:\Users\User\OneDrive\tanko seo\assets\product\WAT-6203THM.png
WAS-64031THM,WAS-64031THM,Heavy Duty Workbench,wa-67m,https://www.tanko.com.tw/en/products-detail/wa-67m/,"{""Top"": ""Tanko-top(TH)"", ""Type"": ""Hanging Cabinet""}",W1800xD750xH850mm,Steel,,1,https://www.tanko.com.tw/upload/catalog_package_b/ALL_catalog_package_24C13_lhmf9GXBuC.png,C:\Users\User\OneDrive\tanko seo\assets\product\WAS-64031THM.png
WA-77N,WA-77N,Heavy Duty Workbench,wa-77,https://www.tanko.com.tw/en/products-detail/wa-77/,"{""Top"": ""Rubber(N)"", ""Panel set"": ""None""}",W2100xD750xH800mm,Steel,,1,https://www.tanko.com.tw/upload/catalog_package_b/ALL_catalog_package_26D07_lrLJZsP6Uo.jpg,C:\Users\User\OneDrive\tanko seo\assets\product\WA-77N.jpg
WA-77N2,WA-77N2,Heavy Duty Workbench,wa-77,https://www.tanko.com.tw/en/products-detail/wa-77/,"{""Top"": ""Rubber(N)"", ""Panel set"": ""Perforated board""}",W2100xD750xH800mm,Steel,,1,https://www.tanko.com.tw/upload/catalog_package_b/ALL_catalog_package_26C30_j3Up8r8RXo.jpg,C:\Users\User\OneDrive\tanko seo\assets\product\WA-77N2.jpg
WA-77N3,WA-77N3,Heavy Duty Workbench,wa-77,https://www.tanko.com.tw/en/products-detail/wa-77/,"{""Top"": ""Rubber(N)"", ""Panel set"": ""Perforated board+Shelf""}",W2100xD750xH800mm,Steel,,1,https://www.tanko.com.tw/upload/catalog_package_b/ALL_catalog_package_26C30_stMWLpEKS9.jpg,C:\Users\User\OneDrive\tanko seo\assets\product\WA-77N3.jpg
WA-77N4A,WA-77N4A,Heavy Duty Workbench,wa-77,https://www.tanko.com.tw/en/products-detail/wa-77/,"{""Top"": ""Rubber(N)"", ""Panel set"": ""Perforated board+Socket""}",W2100xD750xH800mm,Steel,,1,https://www.tanko.com.tw/upload/catalog_package_b/ALL_catalog_package_26D07_DhHROSXkGJ.jpg,C:\Users\User\OneDrive\tanko seo\assets\product\WA-77N4A.jpg
WA-77N5A,WA-77N5A,Heavy Duty Workbench,wa-77,https://www.tanko.com.tw/en/products-detail/wa-77/,"{""Top"": ""Rubber(N)"", ""Panel set"": ""Perforated board+Shelf+Socket""}",W2100xD750xH800mm,Steel,,1,https://www.tanko.com.tw/upload/catalog_package_b/ALL_catalog_package_26D07_3CE5jPI6TA.jpg,C:\Users\User\OneDrive\tanko seo\assets\product\WA-77N5A.jpg
WA-77N6A,WA-77N6A,Heavy Duty Workbench,wa-77,https://www.tanko.com.tw/en/products-detail/wa-77/,"{""Top"": ""Rubber(N)"", ""Panel set"": ""Perforated board+Shelf+Socket+Light""}",W2100xD750xH800mm,Steel,,1,https://www.tanko.com.tw/upload/catalog_package_b/ALL_catalog_package_26D07_kibC8Ty0KP.jpg,C:\Users\User\OneDrive\tanko seo\assets\product\WA-77N6A.jpg
WA-77N7A,WA-77N7A,Heavy Duty Workbench,wa-77,https://www.tanko.com.tw/en/products-detail/wa-77/,"{""Top"": ""Rubber(N)"", ""Panel set"": ""Parts cabinet+Socket+Light""}",W2100xD750xH800mm,Steel,,1,https://www.tanko.com.tw/upload/catalog_package_b/ALL_catalog_package_26D07_ZWEIsc3v1L.jpg,C:\Users\User\OneDrive\tanko seo\assets\product\WA-77N7A.jpg
WA-77F,WA-77F,Heavy Duty Workbench,wa-77,https://www.tanko.com.tw/en/products-detail/wa-77/,"{""Top"": ""Laminate(F)"", ""Panel set"": ""None""}",W2100xD750xH800mm,Steel,,1,https://www.tanko.com.tw/upload/catalog_package_b/ALL_catalog_package_26D07_p47WCL1Lh6.jpg,C:\Users\User\OneDrive\tanko seo\assets\product\WA-77F.jpg
WA-77F2,WA-77F2,Heavy Duty Workbench,wa-77,https://www.tanko.com.tw/en/products-detail/wa-77/,"{""Top"": ""Laminate(F)"", ""Panel set"": ""Perforated board""}",W2100xD750xH800mm,Steel,,1,https://www.tanko.com.tw/upload/catalog_package_b/ALL_catalog_package_26C30_lMt015w3wS.jpg,C:\Users\User\OneDrive\tanko seo\assets\product\WA-77F2.jpg
WA-77F3,WA-77F3,Heavy Duty Workbench,wa-77,https://www.tanko.com.tw/en/products-detail/wa-77/,"{""Top"": ""Laminate(F)"", ""Panel set"": ""Perforated board+Shelf""}",W2100xD750xH800mm,Steel,,1,https://www.tanko.com.tw/upload/catalog_package_b/ALL_catalog_package_26C30_kAiG0ZgP7Z.jpg,C:\Users\User\OneDrive\tanko seo\assets\product\WA-77F3.jpg
WA-77F4A,WA-77F4A,Heavy Duty Workbench,wa-77,https://www.tanko.com.tw/en/products-detail/wa-77/,"{""Top"": ""Laminate(F)"", ""Panel set"": ""Perforated board+Socket""}",W2100xD750xH800mm,Steel,,1,https://www.tanko.com.tw/upload/catalog_package_b/ALL_catalog_package_26D07_xiNd7jEsqt.jpg,C:\Users\User\OneDrive\tanko seo\assets\product\WA-77F4A.jpg
WA-77F5A,WA-77F5A,Heavy Duty Workbench,wa-77,https://www.tanko.com.tw/en/products-detail/wa-77/,"{""Top"": ""Laminate(F)"", ""Panel set"": ""Perforated board+Shelf+Socket""}",W2100xD750xH800mm,Steel,,1,https://www.tanko.com.tw/upload/catalog_package_b/ALL_catalog_package_26D07_p7zeseu1IJ.jpg,C:\Users\User\OneDrive\tanko seo\assets\product\WA-77F5A.jpg
WA-77F6A,WA-77F6A,Heavy Duty Workbench,wa-77,https://www.tanko.com.tw/en/products-detail/wa-77/,"{""Top"": ""Laminate(F)"", ""Panel set"": ""Perforated board+Shelf+Socket+Light""}",W2100xD750xH800mm,Steel,,1,https://www.tanko.com.tw/upload/catalog_package_b/ALL_catalog_package_26D07_gULE9wUqge.jpg,C:\Users\User\OneDrive\tanko seo\assets\product\WA-77F6A.jpg
WA-77F7A,WA-77F7A,Heavy Duty Workbench,wa-77,https://www.tanko.com.tw/en/products-detail/wa-77/,"{""Top"": ""Laminate(F)"", ""Panel set"": ""Parts cabinet+Socket+Light""}",W2100xD750xH800mm,Steel,,1,https://www.tanko.com.tw/upload/catalog_package_b/ALL_catalog_package_26D07_0yEUGrzkaR.jpg,C:\Users\User\OneDrive\tanko seo\assets\product\WA-77F7A.jpg
WA-77W,WA-77W,Heavy Duty Workbench,wa-77,https://www.tanko.com.tw/en/products-detail/wa-77/,"{""Top"": ""Wood(W)"", ""Panel set"": ""None""}",W2100xD750xH800mm,Steel,,1,https://www.tanko.com.tw/upload/catalog_package_b/ALL_catalog_package_26D07_EitiSLAmvN.jpg,C:\Users\User\OneDrive\tanko seo\assets\product\WA-77W.jpg
WA-77W2,WA-77W2,Heavy Duty Workbench,wa-77,https://www.tanko.com.tw/en/products-detail/wa-77/,"{""Top"": ""Wood(W)"", ""Panel set"": ""Perforated board""}",W2100xD750xH800mm,Steel,,1,https://www.tanko.com.tw/upload/catalog_package_b/ALL_catalog_package_26C30_IeK8wHF79y.jpg,C:\Users\User\OneDrive\tanko seo\assets\product\WA-77W2.jpg
WA-77W3,WA-77W3,Heavy Duty Workbench,wa-77,https://www.tanko.com.tw/en/products-detail/wa-77/,"{""Top"": ""Wood(W)"", ""Panel set"": ""Perforated board+Shelf""}",W2100xD750xH800mm,Steel,,1,https://www.tanko.com.tw/upload/catalog_package_b/ALL_catalog_package_26C30_Uc2g5y26ha.jpg,C:\Users\User\OneDrive\tanko seo\assets\product\WA-77W3.jpg
WA-77W4A,WA-77W4A,Heavy Duty Workbench,wa-77,https://www.tanko.com.tw/en/products-detail/wa-77/,"{""Top"": ""Wood(W)"", ""Panel set"": ""Perforated board+Socket""}",W2100xD750xH800mm,Steel,,1,https://www.tanko.com.tw/upload/catalog_package_b/ALL_catalog_package_26D07_4CMEwwq4S0.jpg,C:\Users\User\OneDrive\tanko seo\assets\product\WA-77W4A.jpg
WA-77W5A,WA-77W5A,Heavy Duty Workbench,wa-77,https://www.tanko.com.tw/en/products-detail/wa-77/,"{""Top"": ""Wood(W)"", ""Panel set"": ""Perforated board+Shelf+Socket""}",W2100xD750xH800mm,Steel,,1,https://www.tanko.com.tw/upload/catalog_package_b/ALL_catalog_package_26D07_GkNiO11SF3.jpg,C:\Users\User\OneDrive\tanko seo\assets\product\WA-77W5A.jpg
WA-77W6A,WA-77W6A,Heavy Duty Workbench,wa-77,https://www.tanko.com.tw/en/products-detail/wa-77/,"{""Top"": ""Wood(W)"", ""Panel set"": ""Perforated board+Shelf+Socket+Light""}",W2100xD750xH800mm,Steel,,1,https://www.tanko.com.tw/upload/catalog_package_b/ALL_catalog_package_26D07_JgCrKwRTxc.jpg,C:\Users\User\OneDrive\tanko seo\assets\product\WA-77W6A.jpg
WA-77W7A,WA-77W7A,Heavy Duty Workbench,wa-77,https://www.tanko.com.tw/en/products-detail/wa-77/,"{""Top"": ""Wood(W)"", ""Panel set"": ""Parts cabinet+Socket+Light""}",W2100xD750xH800mm,Steel,,1,https://www.tanko.com.tw/upload/catalog_package_b/ALL_catalog_package_26D07_N3ImFBKs5Z.jpg,C:\Users\User\OneDrive\tanko seo\assets\product\WA-77W7A.jpg
WA-77S,WA-77S,Heavy Duty Workbench,wa-77,https://www.tanko.com.tw/en/products-detail/wa-77/,"{""Top"": ""Stainless steel(S)"", ""Panel set"": ""None""}",W2100xD750xH800mm,Steel,,1,https://www.tanko.com.tw/upload/catalog_package_b/ALL_catalog_package_26D07_T0dam1wX3Y.jpg,C:\Users\User\OneDrive\tanko seo\assets\product\WA-77S.jpg
WA-77S2,WA-77S2,Heavy Duty Workbench,wa-77,https://www.tanko.com.tw/en/products-detail/wa-77/,"{""Top"": ""Stainless steel(S)"", ""Panel set"": ""Perforated board""}",W2100xD750xH800mm,Steel,,1,https://www.tanko.com.tw/upload/catalog_package_b/ALL_catalog_package_26C30_CY95UZsUgm.jpg,C:\Users\User\OneDrive\tanko seo\assets\product\WA-77S2.jpg
WA-77S3,WA-77S3,Heavy Duty Workbench,wa-77,https://www.tanko.com.tw/en/products-detail/wa-77/,"{""Top"": ""Stainless steel(S)"", ""Panel set"": ""Perforated board+Shelf""}",W2100xD750xH800mm,Steel,,1,https://www.tanko.com.tw/upload/catalog_package_b/ALL_catalog_package_26C30_On2xtqu7Ls.jpg,C:\Users\User\OneDrive\tanko seo\assets\product\WA-77S3.jpg
WA-77S4A,WA-77S4A,Heavy Duty Workbench,wa-77,https://www.tanko.com.tw/en/products-detail/wa-77/,"{""Top"": ""Stainless steel(S)"", ""Panel set"": ""Perforated board+Socket""}",W2100xD750xH800mm,Steel,,1,https://www.tanko.com.tw/upload/catalog_package_b/ALL_catalog_package_26D07_8pAWtvBu20.jpg,C:\Users\User\OneDrive\tanko seo\assets\product\WA-77S4A.jpg
WA-77S5A,WA-77S5A,Heavy Duty Workbench,wa-77,https://www.tanko.com.tw/en/products-detail/wa-77/,"{""Top"": ""Stainless steel(S)"", ""Panel set"": ""Perforated board+Shelf+Socket""}",W2100xD750xH800mm,Steel,,1,https://www.tanko.com.tw/upload/catalog_package_b/ALL_catalog_package_26D07_OOtHP7V6x2.jpg,C:\Users\User\OneDrive\tanko seo\assets\product\WA-77S5A.jpg
WA-77S6A,WA-77S6A,Heavy Duty Workbench,wa-77,https://www.tanko.com.tw/en/products-detail/wa-77/,"{""Top"": ""Stainless steel(S)"", ""Panel set"": ""Perforated board+Shelf+Socket+Light""}",W2100xD750xH800mm,Steel,,1,https://www.tanko.com.tw/upload/catalog_package_b/ALL_catalog_package_26D07_HWrkUS3lEp.jpg,C:\Users\User\OneDrive\tanko seo\assets\product\WA-77S6A.jpg
WA-77S7A,WA-77S7A,Heavy Duty Workbench,wa-77,https://www.tanko.com.tw/en/products-detail/wa-77/,"{""Top"": ""Stainless steel(S)"", ""Panel set"": ""Parts cabinet+Socket+Light""}",W2100xD750xH800mm,Steel,,1,https://www.tanko.com.tw/upload/catalog_package_b/ALL_catalog_package_26D07_wuBxuO3fIK.jpg,C:\Users\User\OneDrive\tanko seo\assets\product\WA-77S7A.jpg
WAD-77042N,WAD-77042N,Heavy Duty Workbench,wad-77041,https://www.tanko.com.tw/en/products-detail/wad-77041/,"{""Top"": ""Rubber(N)"", ""Panel set"": ""None""}",W2100xD750xH800mm,Steel,,1,https://www.tanko.com.tw/upload/catalog_package_b/ALL_catalog_package_26D07_tQl0Xy5TB5.png,C:\Users\User\OneDrive\tanko seo\assets\product\WAD-77042N.png
WAD-77042N2,WAD-77042N2,Heavy Duty Workbench,wad-77041,https://www.tanko.com.tw/en/products-detail/wad-77041/,"{""Top"": ""Rubber(N)"", ""Panel set"": ""Perforated board""}",W2100xD750xH800mm,Steel,,1,https://www.tanko.com.tw/upload/catalog_package_b/ALL_catalog_package_26D07_L8Q4vKpXUo.jpg,C:\Users\User\OneDrive\tanko seo\assets\product\WAD-77042N2.jpg
WAD-77042N3,WAD-77042N3,Heavy Duty Workbench,wad-77041,https://www.tanko.com.tw/en/products-detail/wad-77041/,"{""Top"": ""Rubber(N)"", ""Panel set"": ""Perforated board+Shelf""}",W2100xD750xH800mm,Steel,,1,https://www.tanko.com.tw/upload/catalog_package_b/ALL_catalog_package_26D07_h7VrFRisC7.jpg,C:\Users\User\OneDrive\tanko seo\assets\product\WAD-77042N3.jpg
WAD-77042N4A,WAD-77042N4A,Heavy Duty Workbench,wad-77041,https://www.tanko.com.tw/en/products-detail/wad-77041/,"{""Top"": ""Rubber(N)"", ""Panel set"": ""Perforated board+Socket""}",W2100xD750xH800mm,Steel,,1,https://www.tanko.com.tw/upload/catalog_package_b/ALL_catalog_package_26D07_5Kxc3mgZef.jpg,C:\Users\User\OneDrive\tanko seo\assets\product\WAD-77042N4A.jpg
WAD-77042N5A,WAD-77042N5A,Heavy Duty Workbench,wad-77041,https://www.tanko.com.tw/en/products-detail/wad-77041/,"{""Top"": ""Rubber(N)"", ""Panel set"": ""Perforated board+Shelf+Socket""}",W2100xD750xH800mm,Steel,,1,https://www.tanko.com.tw/upload/catalog_package_b/ALL_catalog_package_26D07_upV3GHj33u.jpg,C:\Users\User\OneDrive\tanko seo\assets\product\WAD-77042N5A.jpg
WAD-77042N6A,WAD-77042N6A,Heavy Duty Workbench,wad-77041,https://www.tanko.com.tw/en/products-detail/wad-77041/,"{""Top"": ""Rubber(N)"", ""Panel set"": ""Perforated board+Shelf+Socket+Light""}",W2100xD750xH800mm,Steel,,1,https://www.tanko.com.tw/upload/catalog_package_b/ALL_catalog_package_26D07_yUlZRmcy0L.jpg,C:\Users\User\OneDrive\tanko seo\assets\product\WAD-77042N6A.jpg
WAD-77042N7A,WAD-77042N7A,Heavy Duty Workbench,wad-77041,https://www.tanko.com.tw/en/products-detail/wad-77041/,"{""Top"": ""Rubber(N)"", ""Panel set"": ""Parts cabinet+Socket+Light""}",W2100xD750xH800mm,Steel,,1,https://www.tanko.com.tw/upload/catalog_package_b/ALL_catalog_package_26D07_fZSwmPaF86.jpg,C:\Users\User\OneDrive\tanko seo\assets\product\WAD-77042N7A.jpg
WAD-77042F,WAD-77042F,Heavy Duty Workbench,wad-77041,https://www.tanko.com.tw/en/products-detail/wad-77041/,"{""Top"": ""Laminate(F)"", ""Panel set"": ""None""}",W2100xD750xH800mm,Steel,,1,https://www.tanko.com.tw/upload/catalog_package_b/ALL_catalog_package_26D07_PmRQrI4ULS.png,C:\Users\User\OneDrive\tanko seo\assets\product\WAD-77042F.png
WAD-77042F2,WAD-77042F2,Heavy Duty Workbench,wad-77041,https://www.tanko.com.tw/en/products-detail/wad-77041/,"{""Top"": ""Laminate(F)"", ""Panel set"": ""Perforated board""}",W2100xD750xH800mm,Steel,,1,https://www.tanko.com.tw/upload/catalog_package_b/ALL_catalog_package_26D07_JibcNtOcjO.jpg,C:\Users\User\OneDrive\tanko seo\assets\product\WAD-77042F2.jpg
WAD-77042F3,WAD-77042F3,Heavy Duty Workbench,wad-77041,https://www.tanko.com.tw/en/products-detail/wad-77041/,"{""Top"": ""Laminate(F)"", ""Panel set"": ""Perforated board+Shelf""}",W2100xD750xH800mm,Steel,,1,https://www.tanko.com.tw/upload/catalog_package_b/ALL_catalog_package_26D07_enhTu5Z4sh.jpg,C:\Users\User\OneDrive\tanko seo\assets\product\WAD-77042F3.jpg
WAD-77042F4A,WAD-77042F4A,Heavy Duty Workbench,wad-77041,https://www.tanko.com.tw/en/products-detail/wad-77041/,"{""Top"": ""Laminate(F)"", ""Panel set"": ""Perforated board+Socket""}",W2100xD750xH800mm,Steel,,1,https://www.tanko.com.tw/upload/catalog_package_b/ALL_catalog_package_26D07_MSt1BSBfGc.jpg,C:\Users\User\OneDrive\tanko seo\assets\product\WAD-77042F4A.jpg
WAD-77042F5A,WAD-77042F5A,Heavy Duty Workbench,wad-77041,https://www.tanko.com.tw/en/products-detail/wad-77041/,"{""Top"": ""Laminate(F)"", ""Panel set"": ""Perforated board+Shelf+Socket""}",W2100xD750xH800mm,Steel,,1,https://www.tanko.com.tw/upload/catalog_package_b/ALL_catalog_package_26D07_SJ6mFKPgZf.jpg,C:\Users\User\OneDrive\tanko seo\assets\product\WAD-77042F5A.jpg
WAD-77042F6A,WAD-77042F6A,Heavy Duty Workbench,wad-77041,https://www.tanko.com.tw/en/products-detail/wad-77041/,"{""Top"": ""Laminate(F)"", ""Panel set"": ""Perforated board+Shelf+Socket+Light""}",W2100xD750xH800mm,Steel,,1,https://www.tanko.com.tw/upload/catalog_package_b/ALL_catalog_package_26D07_dwHx90Y3u8.jpg,C:\Users\User\OneDrive\tanko seo\assets\product\WAD-77042F6A.jpg
WAD-77042F7A,WAD-77042F7A,Heavy Duty Workbench,wad-77041,https://www.tanko.com.tw/en/products-detail/wad-77041/,"{""Top"": ""Laminate(F)"", ""Panel set"": ""Parts cabinet+Socket+Light""}",W2100xD750xH800mm,Steel,,1,https://www.tanko.com.tw/upload/catalog_package_b/ALL_catalog_package_26D07_FBBPiVyD0M.jpg,C:\Users\User\OneDrive\tanko seo\assets\product\WAD-77042F7A.jpg
WAD-77042W,WAD-77042W,Heavy Duty Workbench,wad-77041,https://www.tanko.com.tw/en/products-detail/wad-77041/,"{""Top"": ""Wood(W)"", ""Panel set"": ""None""}",W2100xD750xH800mm,Steel,,1,https://www.tanko.com.tw/upload/catalog_package_b/ALL_catalog_package_26D07_F1dflNyJNr.png,C:\Users\User\OneDrive\tanko seo\assets\product\WAD-77042W.png
WAD-77042W2,WAD-77042W2,Heavy Duty Workbench,wad-77041,https://www.tanko.com.tw/en/products-detail/wad-77041/,"{""Top"": ""Wood(W)"", ""Panel set"": ""Perforated board""}",W2100xD750xH800mm,Steel,,1,https://www.tanko.com.tw/upload/catalog_package_b/ALL_catalog_package_26D07_DoH5tIwGGE.jpg,C:\Users\User\OneDrive\tanko seo\assets\product\WAD-77042W2.jpg
WAD-77042W3,WAD-77042W3,Heavy Duty Workbench,wad-77041,https://www.tanko.com.tw/en/products-detail/wad-77041/,"{""Top"": ""Wood(W)"", ""Panel set"": ""Perforated board+Shelf""}",W2100xD750xH800mm,Steel,,1,https://www.tanko.com.tw/upload/catalog_package_b/ALL_catalog_package_26D07_BqAKIcVdQN.jpg,C:\Users\User\OneDrive\tanko seo\assets\product\WAD-77042W3.jpg
WAD-77042W4A,WAD-77042W4A,Heavy Duty Workbench,wad-77041,https://www.tanko.com.tw/en/products-detail/wad-77041/,"{""Top"": ""Wood(W)"", ""Panel set"": ""Perforated board+Socket""}",W2100xD750xH800mm,Steel,,1,https://www.tanko.com.tw/upload/catalog_package_b/ALL_catalog_package_26D07_FD712TtoXL.jpg,C:\Users\User\OneDrive\tanko seo\assets\product\WAD-77042W4A.jpg
WAD-77042W5A,WAD-77042W5A,Heavy Duty Workbench,wad-77041,https://www.tanko.com.tw/en/products-detail/wad-77041/,"{""Top"": ""Wood(W)"", ""Panel set"": ""Perforated board+Shelf+Socket""}",W2100xD750xH800mm,Steel,,1,https://www.tanko.com.tw/upload/catalog_package_b/ALL_catalog_package_26D07_yexiGOhTW4.jpg,C:\Users\User\OneDrive\tanko seo\assets\product\WAD-77042W5A.jpg
WAD-77042W6A,WAD-77042W6A,Heavy Duty Workbench,wad-77041,https://www.tanko.com.tw/en/products-detail/wad-77041/,"{""Top"": ""Wood(W)"", ""Panel set"": ""Perforated board+Shelf+Socket+Light""}",W2100xD750xH800mm,Steel,,1,https://www.tanko.com.tw/upload/catalog_package_b/ALL_catalog_package_26D07_L2dXJyxnQT.jpg,C:\Users\User\OneDrive\tanko seo\assets\product\WAD-77042W6A.jpg
WAD-77042W7A,WAD-77042W7A,Heavy Duty Workbench,wad-77041,https://www.tanko.com.tw/en/products-detail/wad-77041/,"{""Top"": ""Wood(W)"", ""Panel set"": ""Parts cabinet+Socket+Light""}",W2100xD750xH800mm,Steel,,1,https://www.tanko.com.tw/upload/catalog_package_b/ALL_catalog_package_26D07_MFLNh0Mq1R.jpg,C:\Users\User\OneDrive\tanko seo\assets\product\WAD-77042W7A.jpg
WAD-77042S,WAD-77042S,Heavy Duty Workbench,wad-77041,https://www.tanko.com.tw/en/products-detail/wad-77041/,"{""Top"": ""Stainless steel(S)"", ""Panel set"": ""None""}",W2100xD750xH800mm,Steel,,1,https://www.tanko.com.tw/upload/catalog_package_b/ALL_catalog_package_26D07_IIUh6jqfWz.png,C:\Users\User\OneDrive\tanko seo\assets\product\WAD-77042S.png
WAD-77042S2,WAD-77042S2,Heavy Duty Workbench,wad-77041,https://www.tanko.com.tw/en/products-detail/wad-77041/,"{""Top"": ""Stainless steel(S)"", ""Panel set"": ""Perforated board""}",W2100xD750xH800mm,Steel,,1,https://www.tanko.com.tw/upload/catalog_package_b/ALL_catalog_package_26D07_KvngXjE4tR.jpg,C:\Users\User\OneDrive\tanko seo\assets\product\WAD-77042S2.jpg
WAD-77042S3,WAD-77042S3,Heavy Duty Workbench,wad-77041,https://www.tanko.com.tw/en/products-detail/wad-77041/,"{""Top"": ""Stainless steel(S)"", ""Panel set"": ""Perforated board+Shelf""}",W2100xD750xH800mm,Steel,,1,https://www.tanko.com.tw/upload/catalog_package_b/ALL_catalog_package_26D07_ch935OSyS5.jpg,C:\Users\User\OneDrive\tanko seo\assets\product\WAD-77042S3.jpg
WAD-77042S4A,WAD-77042S4A,Heavy Duty Workbench,wad-77041,https://www.tanko.com.tw/en/products-detail/wad-77041/,"{""Top"": ""Stainless steel(S)"", ""Panel set"": ""Perforated board+Socket""}",W2100xD750xH800mm,Steel,,1,https://www.tanko.com.tw/upload/catalog_package_b/ALL_catalog_package_26D07_c9GJLnNFxq.jpg,C:\Users\User\OneDrive\tanko seo\assets\product\WAD-77042S4A.jpg
WAD-77042S5A,WAD-77042S5A,Heavy Duty Workbench,wad-77041,https://www.tanko.com.tw/en/products-detail/wad-77041/,"{""Top"": ""Stainless steel(S)"", ""Panel set"": ""Perforated board+Shelf+Socket""}",W2100xD750xH800mm,Steel,,1,https://www.tanko.com.tw/upload/catalog_package_b/ALL_catalog_package_26D07_ZW9WR7ZCej.jpg,C:\Users\User\OneDrive\tanko seo\assets\product\WAD-77042S5A.jpg
WAD-77042S6A,WAD-77042S6A,Heavy Duty Workbench,wad-77041,https://www.tanko.com.tw/en/products-detail/wad-77041/,"{""Top"": ""Stainless steel(S)"", ""Panel set"": ""Perforated board+Shelf+Socket+Light""}",W2100xD750xH800mm,Steel,,1,https://www.tanko.com.tw/upload/catalog_package_b/ALL_catalog_package_26D07_pKQbSkbujf.jpg,C:\Users\User\OneDrive\tanko seo\assets\product\WAD-77042S6A.jpg
WAD-77042S7A,WAD-77042S7A,Heavy Duty Workbench,wad-77041,https://www.tanko.com.tw/en/products-detail/wad-77041/,"{""Top"": ""Stainless steel(S)"", ""Panel set"": ""Parts cabinet+Socket+Light""}",W2100xD750xH800mm,Steel,,1,https://www.tanko.com.tw/upload/catalog_package_b/ALL_catalog_package_26D07_DB3aiVncGg.jpg,C:\Users\User\OneDrive\tanko seo\assets\product\WAD-77042S7A.jpg
WAS-54022N,WAS-54022N,Heavy Duty Workbench,was-54,https://www.tanko.com.tw/en/products-detail/was-54/,"{""Top"": ""Rubber(N)"", ""Panel set"": ""None""}",W1500xD750xH800mm,Steel,,1,https://www.tanko.com.tw/upload/catalog_package_b/ALL_catalog_package_24C12_FruKmkQTel.png,C:\Users\User\OneDrive\tanko seo\assets\product\WAS-54022N.png
WAS-54022N2,WAS-54022N2,Heavy Duty Workbench,was-54,https://www.tanko.com.tw/en/products-detail/was-54/,"{""Top"": ""Rubber(N)"", ""Panel set"": ""Perforated board""}",W1500xD750xH800mm,Steel,,1,https://www.tanko.com.tw/upload/catalog_package_b/ALL_catalog_package_24C12_EDAdkTTzDm.png,C:\Users\User\OneDrive\tanko seo\assets\product\WAS-54022N2.png
WAS-54022N3,WAS-54022N3,Heavy Duty Workbench,was-54,https://www.tanko.com.tw/en/products-detail/was-54/,"{""Top"": ""Rubber(N)"", ""Panel set"": ""Perforated board+Shelf""}",W1500xD750xH800mm,Steel,,1,https://www.tanko.com.tw/upload/catalog_package_b/ALL_catalog_package_24C12_rxwOwRrsy9.png,C:\Users\User\OneDrive\tanko seo\assets\product\WAS-54022N3.png
WAS-54022N4A,WAS-54022N4A,Heavy Duty Workbench,was-54,https://www.tanko.com.tw/en/products-detail/was-54/,"{""Top"": ""Rubber(N)"", ""Panel set"": ""Perforated board+Socket""}",W1500xD750xH800mm,Steel,,1,https://www.tanko.com.tw/upload/catalog_package_b/ALL_catalog_package_24C12_elybY0GN2z.png,C:\Users\User\OneDrive\tanko seo\assets\product\WAS-54022N4A.png
WAS-54031N5A,WAS-54031N5A,Heavy Duty Workbench,was-54,https://www.tanko.com.tw/en/products-detail/was-54/,"{""Top"": ""Rubber(N)"", ""Panel set"": ""Perforated board+Shelf+Socket""}",W1500xD750xH800mm,Steel,,1,https://www.tanko.com.tw/upload/catalog_package_b/ALL_catalog_package_24C12_O5Ipsvvbqo.png,C:\Users\User\OneDrive\tanko seo\assets\product\WAS-54031N5A.png
WAS-54031N6A,WAS-54031N6A,Heavy Duty Workbench,was-54,https://www.tanko.com.tw/en/products-detail/was-54/,"{""Top"": ""Rubber(N)"", ""Panel set"": ""Perforated board+Shelf+Socket+Light""}",W1500xD750xH800mm,Steel,,1,https://www.tanko.com.tw/upload/catalog_package_b/ALL_catalog_package_24C12_7TBIsXx96T.png,C:\Users\User\OneDrive\tanko seo\assets\product\WAS-54031N6A.png
WAS-54022F,WAS-54022F,Heavy Duty Workbench,was-54,https://www.tanko.com.tw/en/products-detail/was-54/,"{""Top"": ""Laminate(F)"", ""Panel set"": ""None""}",W1500xD750xH800mm,Steel,,1,https://www.tanko.com.tw/upload/catalog_package_b/ALL_catalog_package_24C12_bTuOuqOLPS.png,C:\Users\User\OneDrive\tanko seo\assets\product\WAS-54022F.png
WAS-54022F2,WAS-54022F2,Heavy Duty Workbench,was-54,https://www.tanko.com.tw/en/products-detail/was-54/,"{""Top"": ""Laminate(F)"", ""Panel set"": ""Perforated board""}",W1500xD750xH800mm,Steel,,1,https://www.tanko.com.tw/upload/catalog_package_b/ALL_catalog_package_24C12_YahUk83lLi.png,C:\Users\User\OneDrive\tanko seo\assets\product\WAS-54022F2.png
WAS-54022F3,WAS-54022F3,Heavy Duty Workbench,was-54,https://www.tanko.com.tw/en/products-detail/was-54/,"{""Top"": ""Laminate(F)"", ""Panel set"": ""Perforated board+Shelf""}",W1500xD750xH800mm,Steel,,1,https://www.tanko.com.tw/upload/catalog_package_b/ALL_catalog_package_24C12_hZ82eYtMlv.png,C:\Users\User\OneDrive\tanko seo\assets\product\WAS-54022F3.png
WAS-54022F4A,WAS-54022F4A,Heavy Duty Workbench,was-54,https://www.tanko.com.tw/en/products-detail/was-54/,"{""Top"": ""Laminate(F)"", ""Panel set"": ""Perforated board+Socket""}",W1500xD750xH800mm,Steel,,1,https://www.tanko.com.tw/upload/catalog_package_b/ALL_catalog_package_24C12_LwPjO19Oy3.png,C:\Users\User\OneDrive\tanko seo\assets\product\WAS-54022F4A.png
WAS-54031F5A,WAS-54031F5A,Heavy Duty Workbench,was-54,https://www.tanko.com.tw/en/products-detail/was-54/,"{""Top"": ""Laminate(F)"", ""Panel set"": ""Perforated board+Shelf+Socket""}",W1500xD750xH800mm,Steel,,1,https://www.tanko.com.tw/upload/catalog_package_b/ALL_catalog_package_24C12_kE3HUVOXs3.png,C:\Users\User\OneDrive\tanko seo\assets\product\WAS-54031F5A.png
WAS-54031F6A,WAS-54031F6A,Heavy Duty Workbench,was-54,https://www.tanko.com.tw/en/products-detail/was-54/,"{""Top"": ""Laminate(F)"", ""Panel set"": ""Perforated board+Shelf+Socket+Light""}",W1500xD750xH800mm,Steel,,1,https://www.tanko.com.tw/upload/catalog_package_b/ALL_catalog_package_24C12_06BCUQMxT7.png,C:\Users\User\OneDrive\tanko seo\assets\product\WAS-54031F6A.png
WAS-54022W,WAS-54022W,Heavy Duty Workbench,was-54,https://www.tanko.com.tw/en/products-detail/was-54/,"{""Top"": ""Wood(W)"", ""Panel set"": ""None""}",W1500xD750xH800mm,Steel,,1,https://www.tanko.com.tw/upload/catalog_package_b/ALL_catalog_package_24C12_zgtN3SqEvp.png,C:\Users\User\OneDrive\tanko seo\assets\product\WAS-54022W.png
WAS-54022W2,WAS-54022W2,Heavy Duty Workbench,was-54,https://www.tanko.com.tw/en/products-detail/was-54/,"{""Top"": ""Wood(W)"", ""Panel set"": ""Perforated board""}",W1500xD750xH800mm,Steel,,1,https://www.tanko.com.tw/upload/catalog_package_b/ALL_catalog_package_24C12_fEMFNY316a.png,C:\Users\User\OneDrive\tanko seo\assets\product\WAS-54022W2.png
WAS-54022W3,WAS-54022W3,Heavy Duty Workbench,was-54,https://www.tanko.com.tw/en/products-detail/was-54/,"{""Top"": ""Wood(W)"", ""Panel set"": ""Perforated board+Shelf""}",W1500xD750xH800mm,Steel,,1,https://www.tanko.com.tw/upload/catalog_package_b/ALL_catalog_package_24C12_DUcZMmvQtB.png,C:\Users\User\OneDrive\tanko seo\assets\product\WAS-54022W3.png
WAS-54022W4A,WAS-54022W4A,Heavy Duty Workbench,was-54,https://www.tanko.com.tw/en/products-detail/was-54/,"{""Top"": ""Wood(W)"", ""Panel set"": ""Perforated board+Socket""}",W1500xD750xH800mm,Steel,,1,https://www.tanko.com.tw/upload/catalog_package_b/ALL_catalog_package_24C12_Tu9Q8M5yB0.png,C:\Users\User\OneDrive\tanko seo\assets\product\WAS-54022W4A.png
WAS-54031W5A,WAS-54031W5A,Heavy Duty Workbench,was-54,https://www.tanko.com.tw/en/products-detail/was-54/,"{""Top"": ""Wood(W)"", ""Panel set"": ""Perforated board+Shelf+Socket""}",W1500xD750xH800mm,Steel,,1,https://www.tanko.com.tw/upload/catalog_package_b/ALL_catalog_package_24C12_HJDj5SC5DN.png,C:\Users\User\OneDrive\tanko seo\assets\product\WAS-54031W5A.png
WAS-54031W6A,WAS-54031W6A,Heavy Duty Workbench,was-54,https://www.tanko.com.tw/en/products-detail/was-54/,"{""Top"": ""Wood(W)"", ""Panel set"": ""Perforated board+Shelf+Socket+Light""}",W1500xD750xH800mm,Steel,,1,https://www.tanko.com.tw/upload/catalog_package_b/ALL_catalog_package_24C12_E3LZ2x32AG.png,C:\Users\User\OneDrive\tanko seo\assets\product\WAS-54031W6A.png
WAS-54022S,WAS-54022S,Heavy Duty Workbench,was-54,https://www.tanko.com.tw/en/products-detail/was-54/,"{""Top"": ""Stainless steel(S)"", ""Panel set"": ""None""}",W1500xD750xH800mm,Steel,,1,https://www.tanko.com.tw/upload/catalog_package_b/ALL_catalog_package_24C12_kxdMWIIYSJ.png,C:\Users\User\OneDrive\tanko seo\assets\product\WAS-54022S.png
WAS-54022S2,WAS-54022S2,Heavy Duty Workbench,was-54,https://www.tanko.com.tw/en/products-detail/was-54/,"{""Top"": ""Stainless steel(S)"", ""Panel set"": ""Perforated board""}",W1500xD750xH800mm,Steel,,1,https://www.tanko.com.tw/upload/catalog_package_b/ALL_catalog_package_24C12_4GNU8Xzl82.png,C:\Users\User\OneDrive\tanko seo\assets\product\WAS-54022S2.png
WAS-54022S3,WAS-54022S3,Heavy Duty Workbench,was-54,https://www.tanko.com.tw/en/products-detail/was-54/,"{""Top"": ""Stainless steel(S)"", ""Panel set"": ""Perforated board+Shelf""}",W1500xD750xH800mm,Steel,,1,https://www.tanko.com.tw/upload/catalog_package_b/ALL_catalog_package_24C12_1djV9wtnSo.png,C:\Users\User\OneDrive\tanko seo\assets\product\WAS-54022S3.png
WAS-54022S4A,WAS-54022S4A,Heavy Duty Workbench,was-54,https://www.tanko.com.tw/en/products-detail/was-54/,"{""Top"": ""Stainless steel(S)"", ""Panel set"": ""Perforated board+Socket""}",W1500xD750xH800mm,Steel,,1,https://www.tanko.com.tw/upload/catalog_package_b/ALL_catalog_package_24C12_aaL92rTUPQ.png,C:\Users\User\OneDrive\tanko seo\assets\product\WAS-54022S4A.png
WAS-54031S5A,WAS-54031S5A,Heavy Duty Workbench,was-54,https://www.tanko.com.tw/en/products-detail/was-54/,"{""Top"": ""Stainless steel(S)"", ""Panel set"": ""Perforated board+Shelf+Socket""}",W1500xD750xH800mm,Steel,,1,https://www.tanko.com.tw/upload/catalog_package_b/ALL_catalog_package_24C12_9t1E0V6G7V.png,C:\Users\User\OneDrive\tanko seo\assets\product\WAS-54031S5A.png
WAS-54031S6A,WAS-54031S6A,Heavy Duty Workbench,was-54,https://www.tanko.com.tw/en/products-detail/was-54/,"{""Top"": ""Stainless steel(S)"", ""Panel set"": ""Perforated board+Shelf+Socket+Light""}",W1500xD750xH800mm,Steel,,1,https://www.tanko.com.tw/upload/catalog_package_b/ALL_catalog_package_24C12_5SCJlPfjWJ.png,C:\Users\User\OneDrive\tanko seo\assets\product\WAS-54031S6A.png
WAS-54022TG,WAS-54022TG,Heavy Duty Workbench,was-54,https://www.tanko.com.tw/en/products-detail/was-54/,"{""Top"": ""Tanko-top(TG)"", ""Panel set"": ""None""}",W1500xD750xH800mm,Steel,,1,https://www.tanko.com.tw/upload/catalog_package_b/ALL_catalog_package_24C12_7I91H3Fdvw.png,C:\Users\User\OneDrive\tanko seo\assets\product\WAS-54022TG.png
WAS-54022TG2,WAS-54022TG2,Heavy Duty Workbench,was-54,https://www.tanko.com.tw/en/products-detail/was-54/,"{""Top"": ""Tanko-top(TG)"", ""Panel set"": ""Perforated board""}",W1500xD750xH800mm,Steel,,1,https://www.tanko.com.tw/upload/catalog_package_b/ALL_catalog_package_24C12_HkU9ZAdHey.png,C:\Users\User\OneDrive\tanko seo\assets\product\WAS-54022TG2.png
WAS-54022TG3,WAS-54022TG3,Heavy Duty Workbench,was-54,https://www.tanko.com.tw/en/products-detail/was-54/,"{""Top"": ""Tanko-top(TG)"", ""Panel set"": ""Perforated board+Shelf""}",W1500xD750xH800mm,Steel,,1,https://www.tanko.com.tw/upload/catalog_package_b/ALL_catalog_package_24C12_14R4anBgZF.png,C:\Users\User\OneDrive\tanko seo\assets\product\WAS-54022TG3.png
WAS-54022TG4A,WAS-54022TG4A,Heavy Duty Workbench,was-54,https://www.tanko.com.tw/en/products-detail/was-54/,"{""Top"": ""Tanko-top(TG)"", ""Panel set"": ""Perforated board+Socket""}",W1500xD750xH800mm,Steel,,1,https://www.tanko.com.tw/upload/catalog_package_b/ALL_catalog_package_24C12_Mros4esFC1.png,C:\Users\User\OneDrive\tanko seo\assets\product\WAS-54022TG4A.png
WAS-54031TG5A,WAS-54031TG5A,Heavy Duty Workbench,was-54,https://www.tanko.com.tw/en/products-detail/was-54/,"{""Top"": ""Tanko-top(TG)"", ""Panel set"": ""Perforated board+Shelf+Socket""}",W1500xD750xH800mm,Steel,,1,https://www.tanko.com.tw/upload/catalog_package_b/ALL_catalog_package_24C12_meMZcAikDv.png,C:\Users\User\OneDrive\tanko seo\assets\product\WAS-54031TG5A.png
WAS-54031TG6A,WAS-54031TG6A,Heavy Duty Workbench,was-54,https://www.tanko.com.tw/en/products-detail/was-54/,"{""Top"": ""Tanko-top(TG)"", ""Panel set"": ""Perforated board+Shelf+Socket+Light""}",W1500xD750xH800mm,Steel,,1,https://www.tanko.com.tw/upload/catalog_package_b/ALL_catalog_package_24C12_2zDsqgnsDG.png,C:\Users\User\OneDrive\tanko seo\assets\product\WAS-54031TG6A.png
WAS-54022TH,WAS-54022TH,Heavy Duty Workbench,was-54,https://www.tanko.com.tw/en/products-detail/was-54/,"{""Top"": ""Tanko-top(TH)"", ""Panel set"": ""None""}",W1500xD750xH800mm,Steel,,1,https://www.tanko.com.tw/upload/catalog_package_b/ALL_catalog_package_24C12_VdNHpvIgpc.png,C:\Users\User\OneDrive\tanko seo\assets\product\WAS-54022TH.png
WAS-54022TH2,WAS-54022TH2,Heavy Duty Workbench,was-54,https://www.tanko.com.tw/en/products-detail/was-54/,"{""Top"": ""Tanko-top(TH)"", ""Panel set"": ""Perforated board""}",W1500xD750xH800mm,Steel,,1,https://www.tanko.com.tw/upload/catalog_package_b/ALL_catalog_package_24C12_XvtQXlCimz.png,C:\Users\User\OneDrive\tanko seo\assets\product\WAS-54022TH2.png
WAS-54022TH3,WAS-54022TH3,Heavy Duty Workbench,was-54,https://www.tanko.com.tw/en/products-detail/was-54/,"{""Top"": ""Tanko-top(TH)"", ""Panel set"": ""Perforated board+Shelf""}",W1500xD750xH800mm,Steel,,1,https://www.tanko.com.tw/upload/catalog_package_b/ALL_catalog_package_24C12_yTxNvmjYMG.png,C:\Users\User\OneDrive\tanko seo\assets\product\WAS-54022TH3.png
WAS-54022TH4A,WAS-54022TH4A,Heavy Duty Workbench,was-54,https://www.tanko.com.tw/en/products-detail/was-54/,"{""Top"": ""Tanko-top(TH)"", ""Panel set"": ""Perforated board+Socket""}",W1500xD750xH800mm,Steel,,1,https://www.tanko.com.tw/upload/catalog_package_b/ALL_catalog_package_24C12_GmKhMSdrOp.png,C:\Users\User\OneDrive\tanko seo\assets\product\WAS-54022TH4A.png
WAS-54031TH5A,WAS-54031TH5A,Heavy Duty Workbench,was-54,https://www.tanko.com.tw/en/products-detail/was-54/,"{""Top"": ""Tanko-top(TH)"", ""Panel set"": ""Perforated board+Shelf+Socket""}",W1500xD750xH800mm,Steel,,1,https://www.tanko.com.tw/upload/catalog_package_b/ALL_catalog_package_24C12_pnCJCCaSkI.png,C:\Users\User\OneDrive\tanko seo\assets\product\WAS-54031TH5A.png
WAS-54031TH6A,WAS-54031TH6A,Heavy Duty Workbench,was-54,https://www.tanko.com.tw/en/products-detail/was-54/,"{""Top"": ""Tanko-top(TH)"", ""Panel set"": ""Perforated board+Shelf+Socket+Light""}",W1500xD750xH800mm,Steel,,1,https://www.tanko.com.tw/upload/catalog_package_b/ALL_catalog_package_24C12_3YbfrTvjRi.png,C:\Users\User\OneDrive\tanko seo\assets\product\WAS-54031TH6A.png
WAS-57042N,WAS-57042N,Heavy Duty Workbench,was-57042,https://www.tanko.com.tw/en/products-detail/was-57042/,"{""Top"": ""Rubber(N)"", ""Panel set"": ""None""}",W1500xD750xH800mm,Steel,100kg,1,https://www.tanko.com.tw/upload/catalog_package_b/ALL_catalog_package_24C13_mQTjr5gSOJ.png,C:\Users\User\OneDrive\tanko seo\assets\product\WAS-57042N.png
WAS-57042N2,WAS-57042N2,Heavy Duty Workbench,was-57042,https://www.tanko.com.tw/en/products-detail/was-57042/,"{""Top"": ""Rubber(N)"", ""Panel set"": ""Perforated board""}",W1500xD750xH800mm,Steel,100kg,1,https://www.tanko.com.tw/upload/catalog_package_b/ALL_catalog_package_24C13_RfViigj26e.png,C:\Users\User\OneDrive\tanko seo\assets\product\WAS-57042N2.png
WAS-57042N3,WAS-57042N3,Heavy Duty Workbench,was-57042,https://www.tanko.com.tw/en/products-detail/was-57042/,"{""Top"": ""Rubber(N)"", ""Panel set"": ""Perforated board+Shelf""}",W1500xD750xH800mm,Steel,100kg,1,https://www.tanko.com.tw/upload/catalog_package_b/ALL_catalog_package_24C13_gHgXpCIXPu.png,C:\Users\User\OneDrive\tanko seo\assets\product\WAS-57042N3.png
WAS-57042N4A,WAS-57042N4A,Heavy Duty Workbench,was-57042,https://www.tanko.com.tw/en/products-detail/was-57042/,"{""Top"": ""Rubber(N)"", ""Panel set"": ""Perforated board+Socket""}",W1500xD750xH800mm,Steel,100kg,1,https://www.tanko.com.tw/upload/catalog_package_b/ALL_catalog_package_24C13_9cnCKAaeWU.png,C:\Users\User\OneDrive\tanko seo\assets\product\WAS-57042N4A.png
WAS-57042N5A,WAS-57042N5A,Heavy Duty Workbench,was-57042,https://www.tanko.com.tw/en/products-detail/was-57042/,"{""Top"": ""Rubber(N)"", ""Panel set"": ""Perforated board+Shelf+Socket""}",W1500xD750xH800mm,Steel,100kg,1,https://www.tanko.com.tw/upload/catalog_package_b/ALL_catalog_package_24C13_uWZfGGAeVD.png,C:\Users\User\OneDrive\tanko seo\assets\product\WAS-57042N5A.png
WAS-57042N6A,WAS-57042N6A,Heavy Duty Workbench,was-57042,https://www.tanko.com.tw/en/products-detail/was-57042/,"{""Top"": ""Rubber(N)"", ""Panel set"": ""Perforated board+Shelf+Socket+Light""}",W1500xD750xH800mm,Steel,100kg,1,https://www.tanko.com.tw/upload/catalog_package_b/ALL_catalog_package_24C13_oiXFRSPE1g.png,C:\Users\User\OneDrive\tanko seo\assets\product\WAS-57042N6A.png
WAS-57042F,WAS-57042F,Heavy Duty Workbench,was-57042,https://www.tanko.com.tw/en/products-detail/was-57042/,"{""Top"": ""Laminate(F)"", ""Panel set"": ""None""}",W1500xD750xH800mm,Steel,100kg,1,https://www.tanko.com.tw/upload/catalog_package_b/ALL_catalog_package_24C13_sE3fe2qLj8.png,C:\Users\User\OneDrive\tanko seo\assets\product\WAS-57042F.png
WAS-57042F2,WAS-57042F2,Heavy Duty Workbench,was-57042,https://www.tanko.com.tw/en/products-detail/was-57042/,"{""Top"": ""Laminate(F)"", ""Panel set"": ""Perforated board""}",W1500xD750xH800mm,Steel,100kg,1,https://www.tanko.com.tw/upload/catalog_package_b/ALL_catalog_package_24C13_h2gusHBYd9.png,C:\Users\User\OneDrive\tanko seo\assets\product\WAS-57042F2.png
WAS-57042F3,WAS-57042F3,Heavy Duty Workbench,was-57042,https://www.tanko.com.tw/en/products-detail/was-57042/,"{""Top"": ""Laminate(F)"", ""Panel set"": ""Perforated board+Shelf""}",W1500xD750xH800mm,Steel,100kg,1,https://www.tanko.com.tw/upload/catalog_package_b/ALL_catalog_package_24C13_e9e6cPYI8W.png,C:\Users\User\OneDrive\tanko seo\assets\product\WAS-57042F3.png
WAS-57042F4A,WAS-57042F4A,Heavy Duty Workbench,was-57042,https://www.tanko.com.tw/en/products-detail/was-57042/,"{""Top"": ""Laminate(F)"", ""Panel set"": ""Perforated board+Socket""}",W1500xD750xH800mm,Steel,100kg,1,https://www.tanko.com.tw/upload/catalog_package_b/ALL_catalog_package_24C13_1n6TLhg4W4.png,C:\Users\User\OneDrive\tanko seo\assets\product\WAS-57042F4A.png
WAS-57042F5A,WAS-57042F5A,Heavy Duty Workbench,was-57042,https://www.tanko.com.tw/en/products-detail/was-57042/,"{""Top"": ""Laminate(F)"", ""Panel set"": ""Perforated board+Shelf+Socket""}",W1500xD750xH800mm,Steel,100kg,1,https://www.tanko.com.tw/upload/catalog_package_b/ALL_catalog_package_24C13_K9hjLroen2.png,C:\Users\User\OneDrive\tanko seo\assets\product\WAS-57042F5A.png
WAS-57042F6A,WAS-57042F6A,Heavy Duty Workbench,was-57042,https://www.tanko.com.tw/en/products-detail/was-57042/,"{""Top"": ""Laminate(F)"", ""Panel set"": ""Perforated board+Shelf+Socket+Light""}",W1500xD750xH800mm,Steel,100kg,1,https://www.tanko.com.tw/upload/catalog_package_b/ALL_catalog_package_24C13_Ig7Xa6GjEg.png,C:\Users\User\OneDrive\tanko seo\assets\product\WAS-57042F6A.png
WAS-57042W,WAS-57042W,Heavy Duty Workbench,was-57042,https://www.tanko.com.tw/en/products-detail/was-57042/,"{""Top"": ""Wood(W)"", ""Panel set"": ""None""}",W1500xD750xH800mm,Steel,100kg,1,https://www.tanko.com.tw/upload/catalog_package_b/ALL_catalog_package_24C13_oOW180wDJz.png,C:\Users\User\OneDrive\tanko seo\assets\product\WAS-57042W.png
WAS-57042W2,WAS-57042W2,Heavy Duty Workbench,was-57042,https://www.tanko.com.tw/en/products-detail/was-57042/,"{""Top"": ""Wood(W)"", ""Panel set"": ""Perforated board""}",W1500xD750xH800mm,Steel,100kg,1,https://www.tanko.com.tw/upload/catalog_package_b/ALL_catalog_package_24C13_0k0YZ5e7L5.png,C:\Users\User\OneDrive\tanko seo\assets\product\WAS-57042W2.png
WAS-57042W3,WAS-57042W3,Heavy Duty Workbench,was-57042,https://www.tanko.com.tw/en/products-detail/was-57042/,"{""Top"": ""Wood(W)"", ""Panel set"": ""Perforated board+Shelf""}",W1500xD750xH800mm,Steel,100kg,1,https://www.tanko.com.tw/upload/catalog_package_b/ALL_catalog_package_24C13_eWTmtCNIpI.png,C:\Users\User\OneDrive\tanko seo\assets\product\WAS-57042W3.png
WAS-57042W4A,WAS-57042W4A,Heavy Duty Workbench,was-57042,https://www.tanko.com.tw/en/products-detail/was-57042/,"{""Top"": ""Wood(W)"", ""Panel set"": ""Perforated board+Socket""}",W1500xD750xH800mm,Steel,100kg,1,https://www.tanko.com.tw/upload/catalog_package_b/ALL_catalog_package_24C13_bOqO5PNW0K.png,C:\Users\User\OneDrive\tanko seo\assets\product\WAS-57042W4A.png
WAS-57042W5A,WAS-57042W5A,Heavy Duty Workbench,was-57042,https://www.tanko.com.tw/en/products-detail/was-57042/,"{""Top"": ""Wood(W)"", ""Panel set"": ""Perforated board+Shelf+Socket""}",W1500xD750xH800mm,Steel,100kg,1,https://www.tanko.com.tw/upload/catalog_package_b/ALL_catalog_package_24C13_KOECPOVKU6.png,C:\Users\User\OneDrive\tanko seo\assets\product\WAS-57042W5A.png
WAS-57042W6A,WAS-57042W6A,Heavy Duty Workbench,was-57042,https://www.tanko.com.tw/en/products-detail/was-57042/,"{""Top"": ""Wood(W)"", ""Panel set"": ""Perforated board+Shelf+Socket+Light""}",W1500xD750xH800mm,Steel,100kg,1,https://www.tanko.com.tw/upload/catalog_package_b/ALL_catalog_package_24C13_Et0caBhK2j.png,C:\Users\User\OneDrive\tanko seo\assets\product\WAS-57042W6A.png
WAS-57042S,WAS-57042S,Heavy Duty Workbench,was-57042,https://www.tanko.com.tw/en/products-detail/was-57042/,"{""Top"": ""Stainless steel(S)"", ""Panel set"": ""None""}",W1500xD750xH800mm,Steel,100kg,1,https://www.tanko.com.tw/upload/catalog_package_b/ALL_catalog_package_24C13_ewntDWmpGR.png,C:\Users\User\OneDrive\tanko seo\assets\product\WAS-57042S.png
WAS-57042S2,WAS-57042S2,Heavy Duty Workbench,was-57042,https://www.tanko.com.tw/en/products-detail/was-57042/,"{""Top"": ""Stainless steel(S)"", ""Panel set"": ""Perforated board""}",W1500xD750xH800mm,Steel,100kg,1,https://www.tanko.com.tw/upload/catalog_package_b/ALL_catalog_package_24C13_wmWaQ83i21.png,C:\Users\User\OneDrive\tanko seo\assets\product\WAS-57042S2.png
WAS-57042S3,WAS-57042S3,Heavy Duty Workbench,was-57042,https://www.tanko.com.tw/en/products-detail/was-57042/,"{""Top"": ""Stainless steel(S)"", ""Panel set"": ""Perforated board+Shelf""}",W1500xD750xH800mm,Steel,100kg,1,https://www.tanko.com.tw/upload/catalog_package_b/ALL_catalog_package_24C13_WmunhHko6h.png,C:\Users\User\OneDrive\tanko seo\assets\product\WAS-57042S3.png
WAS-57042S4A,WAS-57042S4A,Heavy Duty Workbench,was-57042,https://www.tanko.com.tw/en/products-detail/was-57042/,"{""Top"": ""Stainless steel(S)"", ""Panel set"": ""Perforated board+Socket""}",W1500xD750xH800mm,Steel,100kg,1,https://www.tanko.com.tw/upload/catalog_package_b/ALL_catalog_package_24C13_z4rapPmo6O.png,C:\Users\User\OneDrive\tanko seo\assets\product\WAS-57042S4A.png
WAS-57042S5A,WAS-57042S5A,Heavy Duty Workbench,was-57042,https://www.tanko.com.tw/en/products-detail/was-57042/,"{""Top"": ""Stainless steel(S)"", ""Panel set"": ""Perforated board+Shelf+Socket""}",W1500xD750xH800mm,Steel,100kg,1,https://www.tanko.com.tw/upload/catalog_package_b/ALL_catalog_package_24C13_LOYXxpLgKt.png,C:\Users\User\OneDrive\tanko seo\assets\product\WAS-57042S5A.png
WAS-57042S6A,WAS-57042S6A,Heavy Duty Workbench,was-57042,https://www.tanko.com.tw/en/products-detail/was-57042/,"{""Top"": ""Stainless steel(S)"", ""Panel set"": ""Perforated board+Shelf+Socket+Light""}",W1500xD750xH800mm,Steel,100kg,1,https://www.tanko.com.tw/upload/catalog_package_b/ALL_catalog_package_24C13_uEigwaIoWx.png,C:\Users\User\OneDrive\tanko seo\assets\product\WAS-57042S6A.png
WAS-57042TG,WAS-57042TG,Heavy Duty Workbench,was-57042,https://www.tanko.com.tw/en/products-detail/was-57042/,"{""Top"": ""Tanko-top(TG)"", ""Panel set"": ""None""}",W1500xD750xH800mm,Steel,100kg,1,https://www.tanko.com.tw/upload/catalog_package_b/ALL_catalog_package_24C13_ocsexkFy22.png,C:\Users\User\OneDrive\tanko seo\assets\product\WAS-57042TG.png
WAS-57042TG2,WAS-57042TG2,Heavy Duty Workbench,was-57042,https://www.tanko.com.tw/en/products-detail/was-57042/,"{""Top"": ""Tanko-top(TG)"", ""Panel set"": ""Perforated board""}",W1500xD750xH800mm,Steel,100kg,1,https://www.tanko.com.tw/upload/catalog_package_b/ALL_catalog_package_24C13_IAopQSnAsr.png,C:\Users\User\OneDrive\tanko seo\assets\product\WAS-57042TG2.png
WAS-57042TG3,WAS-57042TG3,Heavy Duty Workbench,was-57042,https://www.tanko.com.tw/en/products-detail/was-57042/,"{""Top"": ""Tanko-top(TG)"", ""Panel set"": ""Perforated board+Shelf""}",W1500xD750xH800mm,Steel,100kg,1,https://www.tanko.com.tw/upload/catalog_package_b/ALL_catalog_package_24C13_H3MrH7HqKS.png,C:\Users\User\OneDrive\tanko seo\assets\product\WAS-57042TG3.png
WAS-57042TG4A,WAS-57042TG4A,Heavy Duty Workbench,was-57042,https://www.tanko.com.tw/en/products-detail/was-57042/,"{""Top"": ""Tanko-top(TG)"", ""Panel set"": ""Perforated board+Socket""}",W1500xD750xH800mm,Steel,100kg,1,https://www.tanko.com.tw/upload/catalog_package_b/ALL_catalog_package_24C13_moux0950x9.png,C:\Users\User\OneDrive\tanko seo\assets\product\WAS-57042TG4A.png
WAS-57042TG5A,WAS-57042TG5A,Heavy Duty Workbench,was-57042,https://www.tanko.com.tw/en/products-detail/was-57042/,"{""Top"": ""Tanko-top(TG)"", ""Panel set"": ""Perforated board+Shelf+Socket""}",W1500xD750xH800mm,Steel,100kg,1,https://www.tanko.com.tw/upload/catalog_package_b/ALL_catalog_package_24C13_ndtgzcbxvN.png,C:\Users\User\OneDrive\tanko seo\assets\product\WAS-57042TG5A.png
WAS-57042TG6A,WAS-57042TG6A,Heavy Duty Workbench,was-57042,https://www.tanko.com.tw/en/products-detail/was-57042/,"{""Top"": ""Tanko-top(TG)"", ""Panel set"": ""Perforated board+Shelf+Socket+Light""}",W1500xD750xH800mm,Steel,100kg,1,https://www.tanko.com.tw/upload/catalog_package_b/ALL_catalog_package_24C13_UdBQwxjYU9.png,C:\Users\User\OneDrive\tanko seo\assets\product\WAS-57042TG6A.png
WAS-57042TH,WAS-57042TH,Heavy Duty Workbench,was-57042,https://www.tanko.com.tw/en/products-detail/was-57042/,"{""Top"": ""Tanko-top(TH)"", ""Panel set"": ""None""}",W1500xD750xH800mm,Steel,100kg,1,https://www.tanko.com.tw/upload/catalog_package_b/ALL_catalog_package_24C13_eW5kPS7Fre.png,C:\Users\User\OneDrive\tanko seo\assets\product\WAS-57042TH.png
WAS-57042TH2,WAS-57042TH2,Heavy Duty Workbench,was-57042,https://www.tanko.com.tw/en/products-detail/was-57042/,"{""Top"": ""Tanko-top(TH)"", ""Panel set"": ""Perforated board""}",W1500xD750xH800mm,Steel,100kg,1,https://www.tanko.com.tw/upload/catalog_package_b/ALL_catalog_package_24C13_Ha2pynCnhH.png,C:\Users\User\OneDrive\tanko seo\assets\product\WAS-57042TH2.png
WAS-57042TH3,WAS-57042TH3,Heavy Duty Workbench,was-57042,https://www.tanko.com.tw/en/products-detail/was-57042/,"{""Top"": ""Tanko-top(TH)"", ""Panel set"": ""Perforated board+Shelf""}",W1500xD750xH800mm,Steel,100kg,1,https://www.tanko.com.tw/upload/catalog_package_b/ALL_catalog_package_24C13_N1vd5N6MUv.png,C:\Users\User\OneDrive\tanko seo\assets\product\WAS-57042TH3.png
WAS-57042TH4A,WAS-57042TH4A,Heavy Duty Workbench,was-57042,https://www.tanko.com.tw/en/products-detail/was-57042/,"{""Top"": ""Tanko-top(TH)"", ""Panel set"": ""Perforated board+Socket""}",W1500xD750xH800mm,Steel,100kg,1,https://www.tanko.com.tw/upload/catalog_package_b/ALL_catalog_package_24C13_UqVRtTQyRV.png,C:\Users\User\OneDrive\tanko seo\assets\product\WAS-57042TH4A.png
WAS-57042TH5A,WAS-57042TH5A,Heavy Duty Workbench,was-57042,https://www.tanko.com.tw/en/products-detail/was-57042/,"{""Top"": ""Tanko-top(TH)"", ""Panel set"": ""Perforated board+Shelf+Socket""}",W1500xD750xH800mm,Steel,100kg,1,https://www.tanko.com.tw/upload/catalog_package_b/ALL_catalog_package_24C13_u8wPlo78pC.png,C:\Users\User\OneDrive\tanko seo\assets\product\WAS-57042TH5A.png
WAS-57042TH6A,WAS-57042TH6A,Heavy Duty Workbench,was-57042,https://www.tanko.com.tw/en/products-detail/was-57042/,"{""Top"": ""Tanko-top(TH)"", ""Panel set"": ""Perforated board+Shelf+Socket+Light""}",W1500xD750xH800mm,Steel,100kg,1,https://www.tanko.com.tw/upload/catalog_package_b/ALL_catalog_package_24C13_gvTPhZ5MCl.png,C:\Users\User\OneDrive\tanko seo\assets\product\WAS-57042TH6A.png
WAS-67051N,WAS-67051N,Heavy Duty Workbench,was-67053,https://www.tanko.com.tw/en/products-detail/was-67053/,"{""Top"": ""Rubber(N)"", ""Panel set"": ""None""}",W1800xD750xH800mm,Steel,100kg,1,https://www.tanko.com.tw/upload/catalog_package_b/ALL_catalog_package_24C13_beStJQLFcX.png,C:\Users\User\OneDrive\tanko seo\assets\product\WAS-67051N.png
WAS-67042N2,WAS-67042N2,Heavy Duty Workbench,was-67053,https://www.tanko.com.tw/en/products-detail/was-67053/,"{""Top"": ""Rubber(N)"", ""Panel set"": ""Perforated board""}",W1800xD750xH800mm,Steel,100kg,1,https://www.tanko.com.tw/upload/catalog_package_b/ALL_catalog_package_24C13_WbHx2aYCYB.png,C:\Users\User\OneDrive\tanko seo\assets\product\WAS-67042N2.png
WAS-67042N3,WAS-67042N3,Heavy Duty Workbench,was-67053,https://www.tanko.com.tw/en/products-detail/was-67053/,"{""Top"": ""Rubber(N)"", ""Panel set"": ""Perforated board+Shelf""}",W1800xD750xH800mm,Steel,100kg,1,https://www.tanko.com.tw/upload/catalog_package_b/ALL_catalog_package_24C13_TqRi3j0pjy.png,C:\Users\User\OneDrive\tanko seo\assets\product\WAS-67042N3.png
WAS-67042N4A,WAS-67042N4A,Heavy Duty Workbench,was-67053,https://www.tanko.com.tw/en/products-detail/was-67053/,"{""Top"": ""Rubber(N)"", ""Panel set"": ""Perforated board+Socket""}",W1800xD750xH800mm,Steel,100kg,1,https://www.tanko.com.tw/upload/catalog_package_b/ALL_catalog_package_24C13_DpyeulsYmj.png,C:\Users\User\OneDrive\tanko seo\assets\product\WAS-67042N4A.png
WAS-67042N5A,WAS-67042N5A,Heavy Duty Workbench,was-67053,https://www.tanko.com.tw/en/products-detail/was-67053/,"{""Top"": ""Rubber(N)"", ""Panel set"": ""Perforated board+Shelf+Socket""}",W1800xD750xH800mm,Steel,100kg,1,https://www.tanko.com.tw/upload/catalog_package_b/ALL_catalog_package_24C13_DGPRaDmwJY.png,C:\Users\User\OneDrive\tanko seo\assets\product\WAS-67042N5A.png
WAS-67042N6A,WAS-67042N6A,Heavy Duty Workbench,was-67053,https://www.tanko.com.tw/en/products-detail/was-67053/,"{""Top"": ""Rubber(N)"", ""Panel set"": ""Perforated board+Shelf+Socket+Light""}",W1800xD750xH800mm,Steel,100kg,1,https://www.tanko.com.tw/upload/catalog_package_b/ALL_catalog_package_24C13_cwRHdOzBMk.png,C:\Users\User\OneDrive\tanko seo\assets\product\WAS-67042N6A.png
WAS-67042N7A,WAS-67042N7A,Heavy Duty Workbench,was-67053,https://www.tanko.com.tw/en/products-detail/was-67053/,"{""Top"": ""Rubber(N)"", ""Panel set"": ""Parts cabinet+Socket+Light""}",W1800xD750xH800mm,Steel,100kg,1,https://www.tanko.com.tw/upload/catalog_package_b/ALL_catalog_package_24C13_SBmgmtj5kV.png,C:\Users\User\OneDrive\tanko seo\assets\product\WAS-67042N7A.png
WAS-67051F,WAS-67051F,Heavy Duty Workbench,was-67053,https://www.tanko.com.tw/en/products-detail/was-67053/,"{""Top"": ""Laminate(F)"", ""Panel set"": ""None""}",W1800xD750xH800mm,Steel,100kg,1,https://www.tanko.com.tw/upload/catalog_package_b/ALL_catalog_package_24C13_ALA7BUqDeV.png,C:\Users\User\OneDrive\tanko seo\assets\product\WAS-67051F.png
WAS-67042F2,WAS-67042F2,Heavy Duty Workbench,was-67053,https://www.tanko.com.tw/en/products-detail/was-67053/,"{""Top"": ""Laminate(F)"", ""Panel set"": ""Perforated board""}",W1800xD750xH800mm,Steel,100kg,1,https://www.tanko.com.tw/upload/catalog_package_b/ALL_catalog_package_24C13_KbJ9dZPlBa.png,C:\Users\User\OneDrive\tanko seo\assets\product\WAS-67042F2.png
WAS-67042F3,WAS-67042F3,Heavy Duty Workbench,was-67053,https://www.tanko.com.tw/en/products-detail/was-67053/,"{""Top"": ""Laminate(F)"", ""Panel set"": ""Perforated board+Shelf""}",W1800xD750xH800mm,Steel,100kg,1,https://www.tanko.com.tw/upload/catalog_package_b/ALL_catalog_package_24C13_nBZeKHnsSV.png,C:\Users\User\OneDrive\tanko seo\assets\product\WAS-67042F3.png
WAS-67042F4A,WAS-67042F4A,Heavy Duty Workbench,was-67053,https://www.tanko.com.tw/en/products-detail/was-67053/,"{""Top"": ""Laminate(F)"", ""Panel set"": ""Perforated board+Socket""}",W1800xD750xH800mm,Steel,100kg,1,https://www.tanko.com.tw/upload/catalog_package_b/ALL_catalog_package_24C13_6eq400MHTD.png,C:\Users\User\OneDrive\tanko seo\assets\product\WAS-67042F4A.png
WAS-67042F5A,WAS-67042F5A,Heavy Duty Workbench,was-67053,https://www.tanko.com.tw/en/products-detail/was-67053/,"{""Top"": ""Laminate(F)"", ""Panel set"": ""Perforated board+Shelf+Socket""}",W1800xD750xH800mm,Steel,100kg,1,https://www.tanko.com.tw/upload/catalog_package_b/ALL_catalog_package_24C13_9sQixa1iXe.png,C:\Users\User\OneDrive\tanko seo\assets\product\WAS-67042F5A.png
WAS-67042F6A,WAS-67042F6A,Heavy Duty Workbench,was-67053,https://www.tanko.com.tw/en/products-detail/was-67053/,"{""Top"": ""Laminate(F)"", ""Panel set"": ""Perforated board+Shelf+Socket+Light""}",W1800xD750xH800mm,Steel,100kg,1,https://www.tanko.com.tw/upload/catalog_package_b/ALL_catalog_package_24C13_vvnAZoBcqB.png,C:\Users\User\OneDrive\tanko seo\assets\product\WAS-67042F6A.png
WAS-67042F7A,WAS-67042F7A,Heavy Duty Workbench,was-67053,https://www.tanko.com.tw/en/products-detail/was-67053/,"{""Top"": ""Laminate(F)"", ""Panel set"": ""Parts cabinet+Socket+Light""}",W1800xD750xH800mm,Steel,100kg,1,https://www.tanko.com.tw/upload/catalog_package_b/ALL_catalog_package_24C13_fCap20EPnD.png,C:\Users\User\OneDrive\tanko seo\assets\product\WAS-67042F7A.png
WAS-67051W,WAS-67051W,Heavy Duty Workbench,was-67053,https://www.tanko.com.tw/en/products-detail/was-67053/,"{""Top"": ""Wood(W)"", ""Panel set"": ""None""}",W1800xD750xH800mm,Steel,100kg,1,https://www.tanko.com.tw/upload/catalog_package_b/ALL_catalog_package_24C13_DEkLNIrnmC.png,C:\Users\User\OneDrive\tanko seo\assets\product\WAS-67051W.png
WAS-67042W2,WAS-67042W2,Heavy Duty Workbench,was-67053,https://www.tanko.com.tw/en/products-detail/was-67053/,"{""Top"": ""Wood(W)"", ""Panel set"": ""Perforated board""}",W1800xD750xH800mm,Steel,100kg,1,https://www.tanko.com.tw/upload/catalog_package_b/ALL_catalog_package_24C13_t2f0loN9OD.png,C:\Users\User\OneDrive\tanko seo\assets\product\WAS-67042W2.png
WAS-67042W3,WAS-67042W3,Heavy Duty Workbench,was-67053,https://www.tanko.com.tw/en/products-detail/was-67053/,"{""Top"": ""Wood(W)"", ""Panel set"": ""Perforated board+Shelf""}",W1800xD750xH800mm,Steel,100kg,1,https://www.tanko.com.tw/upload/catalog_package_b/ALL_catalog_package_24C13_53qRvQmV9K.png,C:\Users\User\OneDrive\tanko seo\assets\product\WAS-67042W3.png
WAS-67042W4A,WAS-67042W4A,Heavy Duty Workbench,was-67053,https://www.tanko.com.tw/en/products-detail/was-67053/,"{""Top"": ""Wood(W)"", ""Panel set"": ""Perforated board+Socket""}",W1800xD750xH800mm,Steel,100kg,1,https://www.tanko.com.tw/upload/catalog_package_b/ALL_catalog_package_24C13_Vci5WeWT8N.png,C:\Users\User\OneDrive\tanko seo\assets\product\WAS-67042W4A.png
WAS-67042W5A,WAS-67042W5A,Heavy Duty Workbench,was-67053,https://www.tanko.com.tw/en/products-detail/was-67053/,"{""Top"": ""Wood(W)"", ""Panel set"": ""Perforated board+Shelf+Socket""}",W1800xD750xH800mm,Steel,100kg,1,https://www.tanko.com.tw/upload/catalog_package_b/ALL_catalog_package_24C13_6bFEnvCpO1.png,C:\Users\User\OneDrive\tanko seo\assets\product\WAS-67042W5A.png
WAS-67042W6A,WAS-67042W6A,Heavy Duty Workbench,was-67053,https://www.tanko.com.tw/en/products-detail/was-67053/,"{""Top"": ""Wood(W)"", ""Panel set"": ""Perforated board+Shelf+Socket+Light""}",W1800xD750xH800mm,Steel,100kg,1,https://www.tanko.com.tw/upload/catalog_package_b/ALL_catalog_package_24C13_oVwvwPgHc8.png,C:\Users\User\OneDrive\tanko seo\assets\product\WAS-67042W6A.png
WAS-67042W7A,WAS-67042W7A,Heavy Duty Workbench,was-67053,https://www.tanko.com.tw/en/products-detail/was-67053/,"{""Top"": ""Wood(W)"", ""Panel set"": ""Parts cabinet+Socket+Light""}",W1800xD750xH800mm,Steel,100kg,1,https://www.tanko.com.tw/upload/catalog_package_b/ALL_catalog_package_24C13_dbK1AjQ0to.png,C:\Users\User\OneDrive\tanko seo\assets\product\WAS-67042W7A.png
WAS-67051S,WAS-67051S,Heavy Duty Workbench,was-67053,https://www.tanko.com.tw/en/products-detail/was-67053/,"{""Top"": ""Stainless steel(S)"", ""Panel set"": ""None""}",W1800xD750xH800mm,Steel,100kg,1,https://www.tanko.com.tw/upload/catalog_package_b/ALL_catalog_package_24C13_XQ6kXfGDor.png,C:\Users\User\OneDrive\tanko seo\assets\product\WAS-67051S.png
WAS-67042S2,WAS-67042S2,Heavy Duty Workbench,was-67053,https://www.tanko.com.tw/en/products-detail/was-67053/,"{""Top"": ""Stainless steel(S)"", ""Panel set"": ""Perforated board""}",W1800xD750xH800mm,Steel,100kg,1,https://www.tanko.com.tw/upload/catalog_package_b/ALL_catalog_package_24C13_qUOb2ouxin.png,C:\Users\User\OneDrive\tanko seo\assets\product\WAS-67042S2.png
WAS-67042S3,WAS-67042S3,Heavy Duty Workbench,was-67053,https://www.tanko.com.tw/en/products-detail/was-67053/,"{""Top"": ""Stainless steel(S)"", ""Panel set"": ""Perforated board+Shelf""}",W1800xD750xH800mm,Steel,100kg,1,https://www.tanko.com.tw/upload/catalog_package_b/ALL_catalog_package_24C13_TdsoLdSJK0.png,C:\Users\User\OneDrive\tanko seo\assets\product\WAS-67042S3.png
WAS-67042S4A,WAS-67042S4A,Heavy Duty Workbench,was-67053,https://www.tanko.com.tw/en/products-detail/was-67053/,"{""Top"": ""Stainless steel(S)"", ""Panel set"": ""Perforated board+Socket""}",W1800xD750xH800mm,Steel,100kg,1,https://www.tanko.com.tw/upload/catalog_package_b/ALL_catalog_package_24C13_OVCWmMQ0fU.png,C:\Users\User\OneDrive\tanko seo\assets\product\WAS-67042S4A.png
WAS-67042S5A,WAS-67042S5A,Heavy Duty Workbench,was-67053,https://www.tanko.com.tw/en/products-detail/was-67053/,"{""Top"": ""Stainless steel(S)"", ""Panel set"": ""Perforated board+Shelf+Socket""}",W1800xD750xH800mm,Steel,100kg,1,https://www.tanko.com.tw/upload/catalog_package_b/ALL_catalog_package_24C13_LzDa31pyso.png,C:\Users\User\OneDrive\tanko seo\assets\product\WAS-67042S5A.png
WAS-67042S6A,WAS-67042S6A,Heavy Duty Workbench,was-67053,https://www.tanko.com.tw/en/products-detail/was-67053/,"{""Top"": ""Stainless steel(S)"", ""Panel set"": ""Perforated board+Shelf+Socket+Light""}",W1800xD750xH800mm,Steel,100kg,1,https://www.tanko.com.tw/upload/catalog_package_b/ALL_catalog_package_24C13_v3iE0Ra8qs.png,C:\Users\User\OneDrive\tanko seo\assets\product\WAS-67042S6A.png
WAS-67042S7A,WAS-67042S7A,Heavy Duty Workbench,was-67053,https://www.tanko.com.tw/en/products-detail/was-67053/,"{""Top"": ""Stainless steel(S)"", ""Panel set"": ""Parts cabinet+Socket+Light""}",W1800xD750xH800mm,Steel,100kg,1,https://www.tanko.com.tw/upload/catalog_package_b/ALL_catalog_package_24C13_QvUmEJQFhj.png,C:\Users\User\OneDrive\tanko seo\assets\product\WAS-67042S7A.png
WAS-67051TG,WAS-67051TG,Heavy Duty Workbench,was-67053,https://www.tanko.com.tw/en/products-detail/was-67053/,"{""Top"": ""Tanko-top(TG)"", ""Panel set"": ""None""}",W1800xD750xH800mm,Steel,100kg,1,https://www.tanko.com.tw/upload/catalog_package_b/ALL_catalog_package_24C13_UUy2w7ZmyB.png,C:\Users\User\OneDrive\tanko seo\assets\product\WAS-67051TG.png
WAS-67042TG2,WAS-67042TG2,Heavy Duty Workbench,was-67053,https://www.tanko.com.tw/en/products-detail/was-67053/,"{""Top"": ""Tanko-top(TG)"", ""Panel set"": ""Perforated board""}",W1800xD750xH800mm,Steel,100kg,1,https://www.tanko.com.tw/upload/catalog_package_b/ALL_catalog_package_24C13_U6EWIB0Nca.png,C:\Users\User\OneDrive\tanko seo\assets\product\WAS-67042TG2.png
WAS-67042TG3,WAS-67042TG3,Heavy Duty Workbench,was-67053,https://www.tanko.com.tw/en/products-detail/was-67053/,"{""Top"": ""Tanko-top(TG)"", ""Panel set"": ""Perforated board+Shelf""}",W1800xD750xH800mm,Steel,100kg,1,https://www.tanko.com.tw/upload/catalog_package_b/ALL_catalog_package_24C13_W0mL6ETESI.png,C:\Users\User\OneDrive\tanko seo\assets\product\WAS-67042TG3.png
WAS-67042TG4A,WAS-67042TG4A,Heavy Duty Workbench,was-67053,https://www.tanko.com.tw/en/products-detail/was-67053/,"{""Top"": ""Tanko-top(TG)"", ""Panel set"": ""Perforated board+Socket""}",W1800xD750xH800mm,Steel,100kg,1,https://www.tanko.com.tw/upload/catalog_package_b/ALL_catalog_package_24C13_8pBRqb5sUD.png,C:\Users\User\OneDrive\tanko seo\assets\product\WAS-67042TG4A.png
WAS-67042TG5A,WAS-67042TG5A,Heavy Duty Workbench,was-67053,https://www.tanko.com.tw/en/products-detail/was-67053/,"{""Top"": ""Tanko-top(TG)"", ""Panel set"": ""Perforated board+Shelf+Socket""}",W1800xD750xH800mm,Steel,100kg,1,https://www.tanko.com.tw/upload/catalog_package_b/ALL_catalog_package_24C13_8CubH2tgAU.png,C:\Users\User\OneDrive\tanko seo\assets\product\WAS-67042TG5A.png
WAS-67042TG6A,WAS-67042TG6A,Heavy Duty Workbench,was-67053,https://www.tanko.com.tw/en/products-detail/was-67053/,"{""Top"": ""Tanko-top(TG)"", ""Panel set"": ""Perforated board+Shelf+Socket+Light""}",W1800xD750xH800mm,Steel,100kg,1,https://www.tanko.com.tw/upload/catalog_package_b/ALL_catalog_package_24C13_xLYDrUYjyQ.png,C:\Users\User\OneDrive\tanko seo\assets\product\WAS-67042TG6A.png
WAS-67042TG7A,WAS-67042TG7A,Heavy Duty Workbench,was-67053,https://www.tanko.com.tw/en/products-detail/was-67053/,"{""Top"": ""Tanko-top(TG)"", ""Panel set"": ""Parts cabinet+Socket+Light""}",W1800xD750xH800mm,Steel,100kg,1,https://www.tanko.com.tw/upload/catalog_package_b/ALL_catalog_package_24C13_oEwazBqEpC.png,C:\Users\User\OneDrive\tanko seo\assets\product\WAS-67042TG7A.png
WAS-67051TH,WAS-67051TH,Heavy Duty Workbench,was-67053,https://www.tanko.com.tw/en/products-detail/was-67053/,"{""Top"": ""Tanko-top(TH)"", ""Panel set"": ""None""}",W1800xD750xH800mm,Steel,100kg,1,https://www.tanko.com.tw/upload/catalog_package_b/ALL_catalog_package_24C13_cumVHi603X.png,C:\Users\User\OneDrive\tanko seo\assets\product\WAS-67051TH.png
WAS-67042TH2,WAS-67042TH2,Heavy Duty Workbench,was-67053,https://www.tanko.com.tw/en/products-detail/was-67053/,"{""Top"": ""Tanko-top(TH)"", ""Panel set"": ""Perforated board""}",W1800xD750xH800mm,Steel,100kg,1,https://www.tanko.com.tw/upload/catalog_package_b/ALL_catalog_package_24C13_bmFckDOGuJ.png,C:\Users\User\OneDrive\tanko seo\assets\product\WAS-67042TH2.png
WAS-67042TH3,WAS-67042TH3,Heavy Duty Workbench,was-67053,https://www.tanko.com.tw/en/products-detail/was-67053/,"{""Top"": ""Tanko-top(TH)"", ""Panel set"": ""Perforated board+Shelf""}",W1800xD750xH800mm,Steel,100kg,1,https://www.tanko.com.tw/upload/catalog_package_b/ALL_catalog_package_24C13_dwA9RyJX73.png,C:\Users\User\OneDrive\tanko seo\assets\product\WAS-67042TH3.png
WAS-67042TH4A,WAS-67042TH4A,Heavy Duty Workbench,was-67053,https://www.tanko.com.tw/en/products-detail/was-67053/,"{""Top"": ""Tanko-top(TH)"", ""Panel set"": ""Perforated board+Socket""}",W1800xD750xH800mm,Steel,100kg,1,https://www.tanko.com.tw/upload/catalog_package_b/ALL_catalog_package_24C13_KP2BH8AYi9.png,C:\Users\User\OneDrive\tanko seo\assets\product\WAS-67042TH4A.png
WAS-67042TH5A,WAS-67042TH5A,Heavy Duty Workbench,was-67053,https://www.tanko.com.tw/en/products-detail/was-67053/,"{""Top"": ""Tanko-top(TH)"", ""Panel set"": ""Perforated board+Shelf+Socket""}",W1800xD750xH800mm,Steel,100kg,1,https://www.tanko.com.tw/upload/catalog_package_b/ALL_catalog_package_24C13_ZDPRPKlalQ.png,C:\Users\User\OneDrive\tanko seo\assets\product\WAS-67042TH5A.png
WAS-67042TH6A,WAS-67042TH6A,Heavy Duty Workbench,was-67053,https://www.tanko.com.tw/en/products-detail/was-67053/,"{""Top"": ""Tanko-top(TH)"", ""Panel set"": ""Perforated board+Shelf+Socket+Light""}",W1800xD750xH800mm,Steel,100kg,1,https://www.tanko.com.tw/upload/catalog_package_b/ALL_catalog_package_24C13_mIwQcxenEw.png,C:\Users\User\OneDrive\tanko seo\assets\product\WAS-67042TH6A.png
WAS-67042TH7A,WAS-67042TH7A,Heavy Duty Workbench,was-67053,https://www.tanko.com.tw/en/products-detail/was-67053/,"{""Top"": ""Tanko-top(TH)"", ""Panel set"": ""Parts cabinet+Socket+Light""}",W1800xD750xH800mm,Steel,100kg,1,https://www.tanko.com.tw/upload/catalog_package_b/ALL_catalog_package_24C13_SqVxBYghRX.png,C:\Users\User\OneDrive\tanko seo\assets\product\WAS-67042TH7A.png
WAS-74022N,WAS-74022N,Heavy Duty Workbench,was-74,https://www.tanko.com.tw/en/products-detail/was-74/,"{""Top"": ""Rubber(N)"", ""Panel set"": ""None""}",W2100xD750xH800mm,Steel,100kg,1,https://www.tanko.com.tw/upload/catalog_package_b/ALL_catalog_package_26C30_pdVnvnXyCx.jpg,C:\Users\User\OneDrive\tanko seo\assets\product\WAS-74022N.jpg
WAS-74022N2,WAS-74022N2,Heavy Duty Workbench,was-74,https://www.tanko.com.tw/en/products-detail/was-74/,"{""Top"": ""Rubber(N)"", ""Panel set"": ""Perforated board""}",W2100xD750xH800mm,Steel,100kg,1,https://www.tanko.com.tw/upload/catalog_package_b/ALL_catalog_package_26C30_e1GOhaQHA0.jpg,C:\Users\User\OneDrive\tanko seo\assets\product\WAS-74022N2.jpg
WAS-74022N3,WAS-74022N3,Heavy Duty Workbench,was-74,https://www.tanko.com.tw/en/products-detail/was-74/,"{""Top"": ""Rubber(N)"", ""Panel set"": ""Perforated board+Shelf""}",W2100xD750xH800mm,Steel,100kg,1,https://www.tanko.com.tw/upload/catalog_package_b/ALL_catalog_package_26C30_wDy86AWC4E.jpg,C:\Users\User\OneDrive\tanko seo\assets\product\WAS-74022N3.jpg
WAS-74022N4A,WAS-74022N4A,Heavy Duty Workbench,was-74,https://www.tanko.com.tw/en/products-detail/was-74/,"{""Top"": ""Rubber(N)"", ""Panel set"": ""Perforated board+Socket""}",W2100xD750xH800mm,Steel,100kg,1,https://www.tanko.com.tw/upload/catalog_package_b/ALL_catalog_package_26D07_qXz7OxyXsB.jpg,C:\Users\User\OneDrive\tanko seo\assets\product\WAS-74022N4A.jpg
WAS-74022N5A,WAS-74022N5A,Heavy Duty Workbench,was-74,https://www.tanko.com.tw/en/products-detail/was-74/,"{""Top"": ""Rubber(N)"", ""Panel set"": ""Perforated board+Shelf+Socket""}",W2100xD750xH800mm,Steel,100kg,1,https://www.tanko.com.tw/upload/catalog_package_b/ALL_catalog_package_26D07_juI90UwcyE.jpg,C:\Users\User\OneDrive\tanko seo\assets\product\WAS-74022N5A.jpg
WAS-74022N6A,WAS-74022N6A,Heavy Duty Workbench,was-74,https://www.tanko.com.tw/en/products-detail/was-74/,"{""Top"": ""Rubber(N)"", ""Panel set"": ""Perforated board+Shelf+Socket+Light""}",W2100xD750xH800mm,Steel,100kg,1,https://www.tanko.com.tw/upload/catalog_package_b/ALL_catalog_package_26D07_h9uPBBdESA.jpg,C:\Users\User\OneDrive\tanko seo\assets\product\WAS-74022N6A.jpg
WAS-74022N7A,WAS-74022N7A,Heavy Duty Workbench,was-74,https://www.tanko.com.tw/en/products-detail/was-74/,"{""Top"": ""Rubber(N)"", ""Panel set"": ""Parts cabinet+Socket+Light""}",W2100xD750xH800mm,Steel,100kg,1,https://www.tanko.com.tw/upload/catalog_package_b/ALL_catalog_package_26D07_nQExJs0XsO.jpg,C:\Users\User\OneDrive\tanko seo\assets\product\WAS-74022N7A.jpg
WAS-74022F,WAS-74022F,Heavy Duty Workbench,was-74,https://www.tanko.com.tw/en/products-detail/was-74/,"{""Top"": ""Laminate(F)"", ""Panel set"": ""None""}",W2100xD750xH800mm,Steel,100kg,1,https://www.tanko.com.tw/upload/catalog_package_b/ALL_catalog_package_26C30_Z2xjhC9mAj.jpg,C:\Users\User\OneDrive\tanko seo\assets\product\WAS-74022F.jpg
WAS-74022F2,WAS-74022F2,Heavy Duty Workbench,was-74,https://www.tanko.com.tw/en/products-detail/was-74/,"{""Top"": ""Laminate(F)"", ""Panel set"": ""Perforated board""}",W2100xD750xH800mm,Steel,100kg,1,https://www.tanko.com.tw/upload/catalog_package_b/ALL_catalog_package_26C30_JJgUGO7UhQ.jpg,C:\Users\User\OneDrive\tanko seo\assets\product\WAS-74022F2.jpg
WAS-74022F3,WAS-74022F3,Heavy Duty Workbench,was-74,https://www.tanko.com.tw/en/products-detail/was-74/,"{""Top"": ""Laminate(F)"", ""Panel set"": ""Perforated board+Shelf""}",W2100xD750xH800mm,Steel,100kg,1,https://www.tanko.com.tw/upload/catalog_package_b/ALL_catalog_package_26C30_3iPaPrr03U.jpg,C:\Users\User\OneDrive\tanko seo\assets\product\WAS-74022F3.jpg
WAS-74022F4A,WAS-74022F4A,Heavy Duty Workbench,was-74,https://www.tanko.com.tw/en/products-detail/was-74/,"{""Top"": ""Laminate(F)"", ""Panel set"": ""Perforated board+Socket""}",W2100xD750xH800mm,Steel,100kg,1,https://www.tanko.com.tw/upload/catalog_package_b/ALL_catalog_package_26D07_71c9ngQ9T5.jpg,C:\Users\User\OneDrive\tanko seo\assets\product\WAS-74022F4A.jpg
WAS-74022F5A,WAS-74022F5A,Heavy Duty Workbench,was-74,https://www.tanko.com.tw/en/products-detail/was-74/,"{""Top"": ""Laminate(F)"", ""Panel set"": ""Perforated board+Shelf+Socket""}",W2100xD750xH800mm,Steel,100kg,1,https://www.tanko.com.tw/upload/catalog_package_b/ALL_catalog_package_26D07_1L2OfKfLGu.jpg,C:\Users\User\OneDrive\tanko seo\assets\product\WAS-74022F5A.jpg
WAS-74022F6A,WAS-74022F6A,Heavy Duty Workbench,was-74,https://www.tanko.com.tw/en/products-detail/was-74/,"{""Top"": ""Laminate(F)"", ""Panel set"": ""Perforated board+Shelf+Socket+Light""}",W2100xD750xH800mm,Steel,100kg,1,https://www.tanko.com.tw/upload/catalog_package_b/ALL_catalog_package_26D07_PT7kzHDOcq.jpg,C:\Users\User\OneDrive\tanko seo\assets\product\WAS-74022F6A.jpg
WAS-74022F7A,WAS-74022F7A,Heavy Duty Workbench,was-74,https://www.tanko.com.tw/en/products-detail/was-74/,"{""Top"": ""Laminate(F)"", ""Panel set"": ""Parts cabinet+Socket+Light""}",W2100xD750xH800mm,Steel,100kg,1,https://www.tanko.com.tw/upload/catalog_package_b/ALL_catalog_package_26D07_Mn6qf5SaX5.jpg,C:\Users\User\OneDrive\tanko seo\assets\product\WAS-74022F7A.jpg
WAS-74022W,WAS-74022W,Heavy Duty Workbench,was-74,https://www.tanko.com.tw/en/products-detail/was-74/,"{""Top"": ""Wood(W)"", ""Panel set"": ""None""}",W2100xD750xH800mm,Steel,100kg,1,https://www.tanko.com.tw/upload/catalog_package_b/ALL_catalog_package_26C30_VhJB7KHcAA.jpg,C:\Users\User\OneDrive\tanko seo\assets\product\WAS-74022W.jpg
WAS-74022W2,WAS-74022W2,Heavy Duty Workbench,was-74,https://www.tanko.com.tw/en/products-detail/was-74/,"{""Top"": ""Wood(W)"", ""Panel set"": ""Perforated board""}",W2100xD750xH800mm,Steel,100kg,1,https://www.tanko.com.tw/upload/catalog_package_b/ALL_catalog_package_26C30_TMNepxP2Vs.jpg,C:\Users\User\OneDrive\tanko seo\assets\product\WAS-74022W2.jpg
WAS-74022W3,WAS-74022W3,Heavy Duty Workbench,was-74,https://www.tanko.com.tw/en/products-detail/was-74/,"{""Top"": ""Wood(W)"", ""Panel set"": ""Perforated board+Shelf""}",W2100xD750xH800mm,Steel,100kg,1,https://www.tanko.com.tw/upload/catalog_package_b/ALL_catalog_package_26C30_QtfyIoQVRy.jpg,C:\Users\User\OneDrive\tanko seo\assets\product\WAS-74022W3.jpg
WAS-74022W4A,WAS-74022W4A,Heavy Duty Workbench,was-74,https://www.tanko.com.tw/en/products-detail/was-74/,"{""Top"": ""Wood(W)"", ""Panel set"": ""Perforated board+Socket""}",W2100xD750xH800mm,Steel,100kg,1,https://www.tanko.com.tw/upload/catalog_package_b/ALL_catalog_package_26D07_PctdmcGeOy.jpg,C:\Users\User\OneDrive\tanko seo\assets\product\WAS-74022W4A.jpg
WAS-74022W5A,WAS-74022W5A,Heavy Duty Workbench,was-74,https://www.tanko.com.tw/en/products-detail/was-74/,"{""Top"": ""Wood(W)"", ""Panel set"": ""Perforated board+Shelf+Socket""}",W2100xD750xH800mm,Steel,100kg,1,https://www.tanko.com.tw/upload/catalog_package_b/ALL_catalog_package_26D07_a0rq3cQ0rv.jpg,C:\Users\User\OneDrive\tanko seo\assets\product\WAS-74022W5A.jpg
WAS-74022W6A,WAS-74022W6A,Heavy Duty Workbench,was-74,https://www.tanko.com.tw/en/products-detail/was-74/,"{""Top"": ""Wood(W)"", ""Panel set"": ""Perforated board+Shelf+Socket+Light""}",W2100xD750xH800mm,Steel,100kg,1,https://www.tanko.com.tw/upload/catalog_package_b/ALL_catalog_package_26D07_0KX8nZGtrI.jpg,C:\Users\User\OneDrive\tanko seo\assets\product\WAS-74022W6A.jpg
WAS-74022W7A,WAS-74022W7A,Heavy Duty Workbench,was-74,https://www.tanko.com.tw/en/products-detail/was-74/,"{""Top"": ""Wood(W)"", ""Panel set"": ""Parts cabinet+Socket+Light""}",W2100xD750xH800mm,Steel,100kg,1,https://www.tanko.com.tw/upload/catalog_package_b/ALL_catalog_package_26D07_rQZczQ4mBA.jpg,C:\Users\User\OneDrive\tanko seo\assets\product\WAS-74022W7A.jpg
WAS-74022S,WAS-74022S,Heavy Duty Workbench,was-74,https://www.tanko.com.tw/en/products-detail/was-74/,"{""Top"": ""Stainless steel(S)"", ""Panel set"": ""None""}",W2100xD750xH800mm,Steel,100kg,1,https://www.tanko.com.tw/upload/catalog_package_b/ALL_catalog_package_26C30_kuiWIW17pZ.jpg,C:\Users\User\OneDrive\tanko seo\assets\product\WAS-74022S.jpg
WAS-74022S2,WAS-74022S2,Heavy Duty Workbench,was-74,https://www.tanko.com.tw/en/products-detail/was-74/,"{""Top"": ""Stainless steel(S)"", ""Panel set"": ""Perforated board""}",W2100xD750xH800mm,Steel,100kg,1,https://www.tanko.com.tw/upload/catalog_package_b/ALL_catalog_package_26C30_7Kiq9dwVw7.jpg,C:\Users\User\OneDrive\tanko seo\assets\product\WAS-74022S2.jpg
WAS-74022S3,WAS-74022S3,Heavy Duty Workbench,was-74,https://www.tanko.com.tw/en/products-detail/was-74/,"{""Top"": ""Stainless steel(S)"", ""Panel set"": ""Perforated board+Shelf""}",W2100xD750xH800mm,Steel,100kg,1,https://www.tanko.com.tw/upload/catalog_package_b/ALL_catalog_package_26C30_MdPzTpjtAc.jpg,C:\Users\User\OneDrive\tanko seo\assets\product\WAS-74022S3.jpg
WAS-74022S4A,WAS-74022S4A,Heavy Duty Workbench,was-74,https://www.tanko.com.tw/en/products-detail/was-74/,"{""Top"": ""Stainless steel(S)"", ""Panel set"": ""Perforated board+Socket""}",W2100xD750xH800mm,Steel,100kg,1,https://www.tanko.com.tw/upload/catalog_package_b/ALL_catalog_package_26D07_KdQJN5XPxe.jpg,C:\Users\User\OneDrive\tanko seo\assets\product\WAS-74022S4A.jpg
WAS-74022S5A,WAS-74022S5A,Heavy Duty Workbench,was-74,https://www.tanko.com.tw/en/products-detail/was-74/,"{""Top"": ""Stainless steel(S)"", ""Panel set"": ""Perforated board+Shelf+Socket""}",W2100xD750xH800mm,Steel,100kg,1,https://www.tanko.com.tw/upload/catalog_package_b/ALL_catalog_package_26D07_6Gmv1kTRVt.jpg,C:\Users\User\OneDrive\tanko seo\assets\product\WAS-74022S5A.jpg
WAS-74022S6A,WAS-74022S6A,Heavy Duty Workbench,was-74,https://www.tanko.com.tw/en/products-detail/was-74/,"{""Top"": ""Stainless steel(S)"", ""Panel set"": ""Perforated board+Shelf+Socket+Light""}",W2100xD750xH800mm,Steel,100kg,1,https://www.tanko.com.tw/upload/catalog_package_b/ALL_catalog_package_26D07_4pqYjE9KgY.jpg,C:\Users\User\OneDrive\tanko seo\assets\product\WAS-74022S6A.jpg
WAS-74022S7A,WAS-74022S7A,Heavy Duty Workbench,was-74,https://www.tanko.com.tw/en/products-detail/was-74/,"{""Top"": ""Stainless steel(S)"", ""Panel set"": ""Parts cabinet+Socket+Light""}",W2100xD750xH800mm,Steel,100kg,1,https://www.tanko.com.tw/upload/catalog_package_b/ALL_catalog_package_26D07_revhJjhpes.jpg,C:\Users\User\OneDrive\tanko seo\assets\product\WAS-74022S7A.jpg
WAS-77042N,WAS-77042N,Heavy Duty Workbench,was-77042,https://www.tanko.com.tw/en/products-detail/was-77042/,"{""Top"": ""Rubber(N)"", ""Panel set"": ""None""}",W2100xD750xH800mm,Steel,100kg,1,https://www.tanko.com.tw/upload/catalog_package_b/ALL_catalog_package_26D07_NuEsDgahLl.jpg,C:\Users\User\OneDrive\tanko seo\assets\product\WAS-77042N.jpg
WAS-77042N2,WAS-77042N2,Heavy Duty Workbench,was-77042,https://www.tanko.com.tw/en/products-detail/was-77042/,"{""Top"": ""Rubber(N)"", ""Panel set"": ""Perforated board""}",W2100xD750xH800mm,Steel,100kg,1,https://www.tanko.com.tw/upload/catalog_package_b/ALL_catalog_package_26D07_sJ1RxEw0FH.jpg,C:\Users\User\OneDrive\tanko seo\assets\product\WAS-77042N2.jpg
WAS-77042N3,WAS-77042N3,Heavy Duty Workbench,was-77042,https://www.tanko.com.tw/en/products-detail/was-77042/,"{""Top"": ""Rubber(N)"", ""Panel set"": ""Perforated board+Shelf""}",W2100xD750xH800mm,Steel,100kg,1,https://www.tanko.com.tw/upload/catalog_package_b/ALL_catalog_package_26D07_b6svUNzPdm.jpg,C:\Users\User\OneDrive\tanko seo\assets\product\WAS-77042N3.jpg
WAS-77042N4A,WAS-77042N4A,Heavy Duty Workbench,was-77042,https://www.tanko.com.tw/en/products-detail/was-77042/,"{""Top"": ""Rubber(N)"", ""Panel set"": ""Perforated board+Socket""}",W2100xD750xH800mm,Steel,100kg,1,https://www.tanko.com.tw/upload/catalog_package_b/ALL_catalog_package_26D07_gTkSEBCsXO.jpg,C:\Users\User\OneDrive\tanko seo\assets\product\WAS-77042N4A.jpg
WAS-77042N5A,WAS-77042N5A,Heavy Duty Workbench,was-77042,https://www.tanko.com.tw/en/products-detail/was-77042/,"{""Top"": ""Rubber(N)"", ""Panel set"": ""Perforated board+Shelf+Socket""}",W2100xD750xH800mm,Steel,100kg,1,https://www.tanko.com.tw/upload/catalog_package_b/ALL_catalog_package_26D07_uFPyraajMC.jpg,C:\Users\User\OneDrive\tanko seo\assets\product\WAS-77042N5A.jpg
WAS-77042N6A,WAS-77042N6A,Heavy Duty Workbench,was-77042,https://www.tanko.com.tw/en/products-detail/was-77042/,"{""Top"": ""Rubber(N)"", ""Panel set"": ""Perforated board+Shelf+Socket+Light""}",W2100xD750xH800mm,Steel,100kg,1,https://www.tanko.com.tw/upload/catalog_package_b/ALL_catalog_package_26D07_oJNnQdQraE.jpg,C:\Users\User\OneDrive\tanko seo\assets\product\WAS-77042N6A.jpg
WAS-77042N7A,WAS-77042N7A,Heavy Duty Workbench,was-77042,https://www.tanko.com.tw/en/products-detail/was-77042/,"{""Top"": ""Rubber(N)"", ""Panel set"": ""Parts cabinet+Socket+Light""}",W2100xD750xH800mm,Steel,100kg,1,https://www.tanko.com.tw/upload/catalog_package_b/ALL_catalog_package_26D07_uwWCBP6GeV.jpg,C:\Users\User\OneDrive\tanko seo\assets\product\WAS-77042N7A.jpg
WAS-77042F,WAS-77042F,Heavy Duty Workbench,was-77042,https://www.tanko.com.tw/en/products-detail/was-77042/,"{""Top"": ""Laminate(F)"", ""Panel set"": ""None""}",W2100xD750xH800mm,Steel,100kg,1,https://www.tanko.com.tw/upload/catalog_package_b/ALL_catalog_package_26D07_mNhB0EGvq8.jpg,C:\Users\User\OneDrive\tanko seo\assets\product\WAS-77042F.jpg
WAS-77042F2,WAS-77042F2,Heavy Duty Workbench,was-77042,https://www.tanko.com.tw/en/products-detail/was-77042/,"{""Top"": ""Laminate(F)"", ""Panel set"": ""Perforated board""}",W2100xD750xH800mm,Steel,100kg,1,https://www.tanko.com.tw/upload/catalog_package_b/ALL_catalog_package_26D07_Uv4luGkUbQ.jpg,C:\Users\User\OneDrive\tanko seo\assets\product\WAS-77042F2.jpg
WAS-77042F3,WAS-77042F3,Heavy Duty Workbench,was-77042,https://www.tanko.com.tw/en/products-detail/was-77042/,"{""Top"": ""Laminate(F)"", ""Panel set"": ""Perforated board+Shelf""}",W2100xD750xH800mm,Steel,100kg,1,https://www.tanko.com.tw/upload/catalog_package_b/ALL_catalog_package_26D07_PvvQfeUrS4.jpg,C:\Users\User\OneDrive\tanko seo\assets\product\WAS-77042F3.jpg
WAS-77042F4A,WAS-77042F4A,Heavy Duty Workbench,was-77042,https://www.tanko.com.tw/en/products-detail/was-77042/,"{""Top"": ""Laminate(F)"", ""Panel set"": ""Perforated board+Socket""}",W2100xD750xH800mm,Steel,100kg,1,https://www.tanko.com.tw/upload/catalog_package_b/ALL_catalog_package_26D07_XuUjfQ1kQN.jpg,C:\Users\User\OneDrive\tanko seo\assets\product\WAS-77042F4A.jpg
WAS-77042F5A,WAS-77042F5A,Heavy Duty Workbench,was-77042,https://www.tanko.com.tw/en/products-detail/was-77042/,"{""Top"": ""Laminate(F)"", ""Panel set"": ""Perforated board+Shelf+Socket""}",W2100xD750xH800mm,Steel,100kg,1,https://www.tanko.com.tw/upload/catalog_package_b/ALL_catalog_package_26D07_gKQYXUOOOw.jpg,C:\Users\User\OneDrive\tanko seo\assets\product\WAS-77042F5A.jpg
WAS-77042F6A,WAS-77042F6A,Heavy Duty Workbench,was-77042,https://www.tanko.com.tw/en/products-detail/was-77042/,"{""Top"": ""Laminate(F)"", ""Panel set"": ""Perforated board+Shelf+Socket+Light""}",W2100xD750xH800mm,Steel,100kg,1,https://www.tanko.com.tw/upload/catalog_package_b/ALL_catalog_package_26D07_0h9iuTmcVL.jpg,C:\Users\User\OneDrive\tanko seo\assets\product\WAS-77042F6A.jpg
WAS-77042F7A,WAS-77042F7A,Heavy Duty Workbench,was-77042,https://www.tanko.com.tw/en/products-detail/was-77042/,"{""Top"": ""Laminate(F)"", ""Panel set"": ""Parts cabinet+Socket+Light""}",W2100xD750xH800mm,Steel,100kg,1,https://www.tanko.com.tw/upload/catalog_package_b/ALL_catalog_package_26D07_CRQSX5CAZu.jpg,C:\Users\User\OneDrive\tanko seo\assets\product\WAS-77042F7A.jpg
WAS-77042W,WAS-77042W,Heavy Duty Workbench,was-77042,https://www.tanko.com.tw/en/products-detail/was-77042/,"{""Top"": ""Wood(W)"", ""Panel set"": ""None""}",W2100xD750xH800mm,Steel,100kg,1,https://www.tanko.com.tw/upload/catalog_package_b/ALL_catalog_package_26D07_xBeLt1pQLg.jpg,C:\Users\User\OneDrive\tanko seo\assets\product\WAS-77042W.jpg
WAS-77042W2,WAS-77042W2,Heavy Duty Workbench,was-77042,https://www.tanko.com.tw/en/products-detail/was-77042/,"{""Top"": ""Wood(W)"", ""Panel set"": ""Perforated board""}",W2100xD750xH800mm,Steel,100kg,1,https://www.tanko.com.tw/upload/catalog_package_b/ALL_catalog_package_26D07_Lb7xmRh2Xn.jpg,C:\Users\User\OneDrive\tanko seo\assets\product\WAS-77042W2.jpg
WAS-77042W3,WAS-77042W3,Heavy Duty Workbench,was-77042,https://www.tanko.com.tw/en/products-detail/was-77042/,"{""Top"": ""Wood(W)"", ""Panel set"": ""Perforated board+Shelf""}",W2100xD750xH800mm,Steel,100kg,1,https://www.tanko.com.tw/upload/catalog_package_b/ALL_catalog_package_26D07_CHFJLtLAP0.jpg,C:\Users\User\OneDrive\tanko seo\assets\product\WAS-77042W3.jpg
WAS-77042W4A,WAS-77042W4A,Heavy Duty Workbench,was-77042,https://www.tanko.com.tw/en/products-detail/was-77042/,"{""Top"": ""Wood(W)"", ""Panel set"": ""Perforated board+Socket""}",W2100xD750xH800mm,Steel,100kg,1,https://www.tanko.com.tw/upload/catalog_package_b/ALL_catalog_package_26D07_yqXvGRfmkS.jpg,C:\Users\User\OneDrive\tanko seo\assets\product\WAS-77042W4A.jpg
WAS-77042W5A,WAS-77042W5A,Heavy Duty Workbench,was-77042,https://www.tanko.com.tw/en/products-detail/was-77042/,"{""Top"": ""Wood(W)"", ""Panel set"": ""Perforated board+Shelf+Socket""}",W2100xD750xH800mm,Steel,100kg,1,https://www.tanko.com.tw/upload/catalog_package_b/ALL_catalog_package_26D07_mezd4bEOZ6.jpg,C:\Users\User\OneDrive\tanko seo\assets\product\WAS-77042W5A.jpg
WAS-77042W6A,WAS-77042W6A,Heavy Duty Workbench,was-77042,https://www.tanko.com.tw/en/products-detail/was-77042/,"{""Top"": ""Wood(W)"", ""Panel set"": ""Perforated board+Shelf+Socket+Light""}",W2100xD750xH800mm,Steel,100kg,1,https://www.tanko.com.tw/upload/catalog_package_b/ALL_catalog_package_26D07_FkB66yicmf.jpg,C:\Users\User\OneDrive\tanko seo\assets\product\WAS-77042W6A.jpg
WAS-77042W7A,WAS-77042W7A,Heavy Duty Workbench,was-77042,https://www.tanko.com.tw/en/products-detail/was-77042/,"{""Top"": ""Wood(W)"", ""Panel set"": ""Parts cabinet+Socket+Light""}",W2100xD750xH800mm,Steel,100kg,1,https://www.tanko.com.tw/upload/catalog_package_b/ALL_catalog_package_26D07_IGgr9HkZRT.jpg,C:\Users\User\OneDrive\tanko seo\assets\product\WAS-77042W7A.jpg
WAS-77042S,WAS-77042S,Heavy Duty Workbench,was-77042,https://www.tanko.com.tw/en/products-detail/was-77042/,"{""Top"": ""Stainless steel(S)"", ""Panel set"": ""None""}",W2100xD750xH800mm,Steel,100kg,1,https://www.tanko.com.tw/upload/catalog_package_b/ALL_catalog_package_26D07_rm6UOkNUYs.jpg,C:\Users\User\OneDrive\tanko seo\assets\product\WAS-77042S.jpg
WAS-77042S2,WAS-77042S2,Heavy Duty Workbench,was-77042,https://www.tanko.com.tw/en/products-detail/was-77042/,"{""Top"": ""Stainless steel(S)"", ""Panel set"": ""Perforated board""}",W2100xD750xH800mm,Steel,100kg,1,https://www.tanko.com.tw/upload/catalog_package_b/ALL_catalog_package_26D07_XBSdrV90IE.jpg,C:\Users\User\OneDrive\tanko seo\assets\product\WAS-77042S2.jpg
WAS-77042S3,WAS-77042S3,Heavy Duty Workbench,was-77042,https://www.tanko.com.tw/en/products-detail/was-77042/,"{""Top"": ""Stainless steel(S)"", ""Panel set"": ""Perforated board+Shelf""}",W2100xD750xH800mm,Steel,100kg,1,https://www.tanko.com.tw/upload/catalog_package_b/ALL_catalog_package_26D07_ZdJLZP63P7.jpg,C:\Users\User\OneDrive\tanko seo\assets\product\WAS-77042S3.jpg
WAS-77042S4A,WAS-77042S4A,Heavy Duty Workbench,was-77042,https://www.tanko.com.tw/en/products-detail/was-77042/,"{""Top"": ""Stainless steel(S)"", ""Panel set"": ""Perforated board+Socket""}",W2100xD750xH800mm,Steel,100kg,1,https://www.tanko.com.tw/upload/catalog_package_b/ALL_catalog_package_26D07_JvPoSccjvM.jpg,C:\Users\User\OneDrive\tanko seo\assets\product\WAS-77042S4A.jpg
WAS-77042S5A,WAS-77042S5A,Heavy Duty Workbench,was-77042,https://www.tanko.com.tw/en/products-detail/was-77042/,"{""Top"": ""Stainless steel(S)"", ""Panel set"": ""Perforated board+Shelf+Socket""}",W2100xD750xH800mm,Steel,100kg,1,https://www.tanko.com.tw/upload/catalog_package_b/ALL_catalog_package_26D07_YkcKvgtN8G.jpg,C:\Users\User\OneDrive\tanko seo\assets\product\WAS-77042S5A.jpg
WAS-77042S6A,WAS-77042S6A,Heavy Duty Workbench,was-77042,https://www.tanko.com.tw/en/products-detail/was-77042/,"{""Top"": ""Stainless steel(S)"", ""Panel set"": ""Perforated board+Shelf+Socket+Light""}",W2100xD750xH800mm,Steel,100kg,1,https://www.tanko.com.tw/upload/catalog_package_b/ALL_catalog_package_26D07_2Ws9Li56qo.jpg,C:\Users\User\OneDrive\tanko seo\assets\product\WAS-77042S6A.jpg
WAS-77042S7A,WAS-77042S7A,Heavy Duty Workbench,was-77042,https://www.tanko.com.tw/en/products-detail/was-77042/,"{""Top"": ""Stainless steel(S)"", ""Panel set"": ""Parts cabinet+Socket+Light""}",W2100xD750xH800mm,Steel,100kg,1,https://www.tanko.com.tw/upload/catalog_package_b/ALL_catalog_package_26D07_xRJ9mwUnkN.jpg,C:\Users\User\OneDrive\tanko seo\assets\product\WAS-77042S7A.jpg
WAT-5203N,WAT-5203N,Heavy Duty Workbench,wat-5203,https://www.tanko.com.tw/en/products-detail/wat-5203/,"{""Top"": ""Rubber(N)"", ""Panel set"": ""None""}",W1500xD750xH800mm,Steel,,1,https://www.tanko.com.tw/upload/catalog_package_b/ALL_catalog_package_24C11_x7qV6c05bd.png,C:\Users\User\OneDrive\tanko seo\assets\product\WAT-5203N.png
WAT-5203N2,WAT-5203N2,Heavy Duty Workbench,wat-5203,https://www.tanko.com.tw/en/products-detail/wat-5203/,"{""Top"": ""Rubber(N)"", ""Panel set"": ""Perforated board""}",W1500xD750xH800mm,Steel,,1,https://www.tanko.com.tw/upload/catalog_package_b/ALL_catalog_package_24C11_2KpJZZQHAt.png,C:\Users\User\OneDrive\tanko seo\assets\product\WAT-5203N2.png
WAT-5203N3,WAT-5203N3,Heavy Duty Workbench,wat-5203,https://www.tanko.com.tw/en/products-detail/wat-5203/,"{""Top"": ""Rubber(N)"", ""Panel set"": ""Perforated board+Shelf""}",W1500xD750xH800mm,Steel,,1,https://www.tanko.com.tw/upload/catalog_package_b/ALL_catalog_package_24C11_B8ZOgixpa7.png,C:\Users\User\OneDrive\tanko seo\assets\product\WAT-5203N3.png
WAT-5203N4A,WAT-5203N4A,Heavy Duty Workbench,wat-5203,https://www.tanko.com.tw/en/products-detail/wat-5203/,"{""Top"": ""Rubber(N)"", ""Panel set"": ""Perforated board+Socket""}",W1500xD750xH800mm,Steel,,1,https://www.tanko.com.tw/upload/catalog_package_b/ALL_catalog_package_24C11_5jNvD4YRUu.png,C:\Users\User\OneDrive\tanko seo\assets\product\WAT-5203N4A.png
WAT-5203N5A,WAT-5203N5A,Heavy Duty Workbench,wat-5203,https://www.tanko.com.tw/en/products-detail/wat-5203/,"{""Top"": ""Rubber(N)"", ""Panel set"": ""Perforated board+Shelf+Socket""}",W1500xD750xH800mm,Steel,,1,https://www.tanko.com.tw/upload/catalog_package_b/ALL_catalog_package_24C11_ibN36mgrVV.png,C:\Users\User\OneDrive\tanko seo\assets\product\WAT-5203N5A.png
WAT-5203N6A,WAT-5203N6A,Heavy Duty Workbench,wat-5203,https://www.tanko.com.tw/en/products-detail/wat-5203/,"{""Top"": ""Rubber(N)"", ""Panel set"": ""Perforated board+Shelf+Socket+Light""}",W1500xD750xH800mm,Steel,,1,https://www.tanko.com.tw/upload/catalog_package_b/ALL_catalog_package_24C11_yfP7gHJxVK.png,C:\Users\User\OneDrive\tanko seo\assets\product\WAT-5203N6A.png
WAT-5203F,WAT-5203F,Heavy Duty Workbench,wat-5203,https://www.tanko.com.tw/en/products-detail/wat-5203/,"{""Top"": ""Laminate(F)"", ""Panel set"": ""None""}",W1500xD750xH800mm,Steel,,1,https://www.tanko.com.tw/upload/catalog_package_b/ALL_catalog_package_24C11_EELfpj08OH.png,C:\Users\User\OneDrive\tanko seo\assets\product\WAT-5203F.png
WAT-5203F2,WAT-5203F2,Heavy Duty Workbench,wat-5203,https://www.tanko.com.tw/en/products-detail/wat-5203/,"{""Top"": ""Laminate(F)"", ""Panel set"": ""Perforated board""}",W1500xD750xH800mm,Steel,,1,https://www.tanko.com.tw/upload/catalog_package_b/ALL_catalog_package_24C11_AxvAbzpEd8.png,C:\Users\User\OneDrive\tanko seo\assets\product\WAT-5203F2.png
WAT-5203F3,WAT-5203F3,Heavy Duty Workbench,wat-5203,https://www.tanko.com.tw/en/products-detail/wat-5203/,"{""Top"": ""Laminate(F)"", ""Panel set"": ""Perforated board+Shelf""}",W1500xD750xH800mm,Steel,,1,https://www.tanko.com.tw/upload/catalog_package_b/ALL_catalog_package_24C11_P4DkcFvVnP.png,C:\Users\User\OneDrive\tanko seo\assets\product\WAT-5203F3.png
WAT-5203F4A,WAT-5203F4A,Heavy Duty Workbench,wat-5203,https://www.tanko.com.tw/en/products-detail/wat-5203/,"{""Top"": ""Laminate(F)"", ""Panel set"": ""Perforated board+Socket""}",W1500xD750xH800mm,Steel,,1,https://www.tanko.com.tw/upload/catalog_package_b/ALL_catalog_package_24C11_3A2erUy97Z.png,C:\Users\User\OneDrive\tanko seo\assets\product\WAT-5203F4A.png
WAT-5203F5A,WAT-5203F5A,Heavy Duty Workbench,wat-5203,https://www.tanko.com.tw/en/products-detail/wat-5203/,"{""Top"": ""Laminate(F)"", ""Panel set"": ""Perforated board+Shelf+Socket""}",W1500xD750xH800mm,Steel,,1,https://www.tanko.com.tw/upload/catalog_package_b/ALL_catalog_package_24C11_zNSIAWy7U5.png,C:\Users\User\OneDrive\tanko seo\assets\product\WAT-5203F5A.png
WAT-5203F6A,WAT-5203F6A,Heavy Duty Workbench,wat-5203,https://www.tanko.com.tw/en/products-detail/wat-5203/,"{""Top"": ""Laminate(F)"", ""Panel set"": ""Perforated board+Shelf+Socket+Light""}",W1500xD750xH800mm,Steel,,1,https://www.tanko.com.tw/upload/catalog_package_b/ALL_catalog_package_24C11_iLqaU5x3o2.png,C:\Users\User\OneDrive\tanko seo\assets\product\WAT-5203F6A.png
WAT-5203W,WAT-5203W,Heavy Duty Workbench,wat-5203,https://www.tanko.com.tw/en/products-detail/wat-5203/,"{""Top"": ""Wood(W)"", ""Panel set"": ""None""}",W1500xD750xH800mm,Steel,,1,https://www.tanko.com.tw/upload/catalog_package_b/ALL_catalog_package_24C11_ulhZDHmGMU.png,C:\Users\User\OneDrive\tanko seo\assets\product\WAT-5203W.png
WAT-5203W2,WAT-5203W2,Heavy Duty Workbench,wat-5203,https://www.tanko.com.tw/en/products-detail/wat-5203/,"{""Top"": ""Wood(W)"", ""Panel set"": ""Perforated board""}",W1500xD750xH800mm,Steel,,1,https://www.tanko.com.tw/upload/catalog_package_b/ALL_catalog_package_24C11_QB24DHj3D7.png,C:\Users\User\OneDrive\tanko seo\assets\product\WAT-5203W2.png
WAT-5203W3,WAT-5203W3,Heavy Duty Workbench,wat-5203,https://www.tanko.com.tw/en/products-detail/wat-5203/,"{""Top"": ""Wood(W)"", ""Panel set"": ""Perforated board+Shelf""}",W1500xD750xH800mm,Steel,,1,https://www.tanko.com.tw/upload/catalog_package_b/ALL_catalog_package_24C11_EN3FXSNMiq.png,C:\Users\User\OneDrive\tanko seo\assets\product\WAT-5203W3.png
WAT-5203W4A,WAT-5203W4A,Heavy Duty Workbench,wat-5203,https://www.tanko.com.tw/en/products-detail/wat-5203/,"{""Top"": ""Wood(W)"", ""Panel set"": ""Perforated board+Socket""}",W1500xD750xH800mm,Steel,,1,https://www.tanko.com.tw/upload/catalog_package_b/ALL_catalog_package_24C11_5FjNcuVGWJ.png,C:\Users\User\OneDrive\tanko seo\assets\product\WAT-5203W4A.png
WAT-5203W5A,WAT-5203W5A,Heavy Duty Workbench,wat-5203,https://www.tanko.com.tw/en/products-detail/wat-5203/,"{""Top"": ""Wood(W)"", ""Panel set"": ""Perforated board+Shelf+Socket""}",W1500xD750xH800mm,Steel,,1,https://www.tanko.com.tw/upload/catalog_package_b/ALL_catalog_package_24C11_PQujmvEuER.png,C:\Users\User\OneDrive\tanko seo\assets\product\WAT-5203W5A.png
WAT-5203W6A,WAT-5203W6A,Heavy Duty Workbench,wat-5203,https://www.tanko.com.tw/en/products-detail/wat-5203/,"{""Top"": ""Wood(W)"", ""Panel set"": ""Perforated board+Shelf+Socket+Light""}",W1500xD750xH800mm,Steel,,1,https://www.tanko.com.tw/upload/catalog_package_b/ALL_catalog_package_24C11_gD7Va0Fgk9.png,C:\Users\User\OneDrive\tanko seo\assets\product\WAT-5203W6A.png
WAT-5203S,WAT-5203S,Heavy Duty Workbench,wat-5203,https://www.tanko.com.tw/en/products-detail/wat-5203/,"{""Top"": ""Stainless steel(S)"", ""Panel set"": ""None""}",W1500xD750xH800mm,Steel,,1,https://www.tanko.com.tw/upload/catalog_package_b/ALL_catalog_package_24C11_NuaBwXwxcB.png,C:\Users\User\OneDrive\tanko seo\assets\product\WAT-5203S.png
WAT-5203S2,WAT-5203S2,Heavy Duty Workbench,wat-5203,https://www.tanko.com.tw/en/products-detail/wat-5203/,"{""Top"": ""Stainless steel(S)"", ""Panel set"": ""Perforated board""}",W1500xD750xH800mm,Steel,,1,https://www.tanko.com.tw/upload/catalog_package_b/ALL_catalog_package_24C11_8m64Y3vrMv.png,C:\Users\User\OneDrive\tanko seo\assets\product\WAT-5203S2.png
WAT-5203S3,WAT-5203S3,Heavy Duty Workbench,wat-5203,https://www.tanko.com.tw/en/products-detail/wat-5203/,"{""Top"": ""Stainless steel(S)"", ""Panel set"": ""Perforated board+Shelf""}",W1500xD750xH800mm,Steel,,1,https://www.tanko.com.tw/upload/catalog_package_b/ALL_catalog_package_24C11_qUScKNweP4.png,C:\Users\User\OneDrive\tanko seo\assets\product\WAT-5203S3.png
WAT-5203S4A,WAT-5203S4A,Heavy Duty Workbench,wat-5203,https://www.tanko.com.tw/en/products-detail/wat-5203/,"{""Top"": ""Stainless steel(S)"", ""Panel set"": ""Perforated board+Socket""}",W1500xD750xH800mm,Steel,,1,https://www.tanko.com.tw/upload/catalog_package_b/ALL_catalog_package_24C11_pMuZS7pWTo.png,C:\Users\User\OneDrive\tanko seo\assets\product\WAT-5203S4A.png
WAT-5203S5A,WAT-5203S5A,Heavy Duty Workbench,wat-5203,https://www.tanko.com.tw/en/products-detail/wat-5203/,"{""Top"": ""Stainless steel(S)"", ""Panel set"": ""Perforated board+Shelf+Socket""}",W1500xD750xH800mm,Steel,,1,https://www.tanko.com.tw/upload/catalog_package_b/ALL_catalog_package_24C11_JWvq7tTqTD.png,C:\Users\User\OneDrive\tanko seo\assets\product\WAT-5203S5A.png
WAT-5203S6A,WAT-5203S6A,Heavy Duty Workbench,wat-5203,https://www.tanko.com.tw/en/products-detail/wat-5203/,"{""Top"": ""Stainless steel(S)"", ""Panel set"": ""Perforated board+Shelf+Socket+Light""}",W1500xD750xH800mm,Steel,,1,https://www.tanko.com.tw/upload/catalog_package_b/ALL_catalog_package_24C11_Bch7tQDunB.png,C:\Users\User\OneDrive\tanko seo\assets\product\WAT-5203S6A.png
WAT-5203TG,WAT-5203TG,Heavy Duty Workbench,wat-5203,https://www.tanko.com.tw/en/products-detail/wat-5203/,"{""Top"": ""Tanko-top(TG)"", ""Panel set"": ""None""}",W1500xD750xH800mm,Steel,,1,https://www.tanko.com.tw/upload/catalog_package_b/ALL_catalog_package_24C11_kzADtxhMD0.png,C:\Users\User\OneDrive\tanko seo\assets\product\WAT-5203TG.png
WAT-5203TG2,WAT-5203TG2,Heavy Duty Workbench,wat-5203,https://www.tanko.com.tw/en/products-detail/wat-5203/,"{""Top"": ""Tanko-top(TG)"", ""Panel set"": ""Perforated board""}",W1500xD750xH800mm,Steel,,1,https://www.tanko.com.tw/upload/catalog_package_b/ALL_catalog_package_24C11_hyXT3m4Lmi.png,C:\Users\User\OneDrive\tanko seo\assets\product\WAT-5203TG2.png
WAT-5203TG3,WAT-5203TG3,Heavy Duty Workbench,wat-5203,https://www.tanko.com.tw/en/products-detail/wat-5203/,"{""Top"": ""Tanko-top(TG)"", ""Panel set"": ""Perforated board+Shelf""}",W1500xD750xH800mm,Steel,,1,https://www.tanko.com.tw/upload/catalog_package_b/ALL_catalog_package_24C11_ZKhWmF7Y99.png,C:\Users\User\OneDrive\tanko seo\assets\product\WAT-5203TG3.png
WAT-5203TG4A,WAT-5203TG4A,Heavy Duty Workbench,wat-5203,https://www.tanko.com.tw/en/products-detail/wat-5203/,"{""Top"": ""Tanko-top(TG)"", ""Panel set"": ""Perforated board+Socket""}",W1500xD750xH800mm,Steel,,1,https://www.tanko.com.tw/upload/catalog_package_b/ALL_catalog_package_24C11_tsUjhRYnX9.png,C:\Users\User\OneDrive\tanko seo\assets\product\WAT-5203TG4A.png
WAT-5203TG5A,WAT-5203TG5A,Heavy Duty Workbench,wat-5203,https://www.tanko.com.tw/en/products-detail/wat-5203/,"{""Top"": ""Tanko-top(TG)"", ""Panel set"": ""Perforated board+Shelf+Socket""}",W1500xD750xH800mm,Steel,,1,https://www.tanko.com.tw/upload/catalog_package_b/ALL_catalog_package_24C11_xcjBRksH51.png,C:\Users\User\OneDrive\tanko seo\assets\product\WAT-5203TG5A.png
WAT-5203TG6A,WAT-5203TG6A,Heavy Duty Workbench,wat-5203,https://www.tanko.com.tw/en/products-detail/wat-5203/,"{""Top"": ""Tanko-top(TG)"", ""Panel set"": ""Perforated board+Shelf+Socket+Light""}",W1500xD750xH800mm,Steel,,1,https://www.tanko.com.tw/upload/catalog_package_b/ALL_catalog_package_24C11_4admdpLlEG.png,C:\Users\User\OneDrive\tanko seo\assets\product\WAT-5203TG6A.png
WAT-5203TH,WAT-5203TH,Heavy Duty Workbench,wat-5203,https://www.tanko.com.tw/en/products-detail/wat-5203/,"{""Top"": ""Tanko-top(TH)"", ""Panel set"": ""None""}",W1500xD750xH800mm,Steel,,1,https://www.tanko.com.tw/upload/catalog_package_b/ALL_catalog_package_24C11_5aAA6fppNW.png,C:\Users\User\OneDrive\tanko seo\assets\product\WAT-5203TH.png
WAT-5203TH2,WAT-5203TH2,Heavy Duty Workbench,wat-5203,https://www.tanko.com.tw/en/products-detail/wat-5203/,"{""Top"": ""Tanko-top(TH)"", ""Panel set"": ""Perforated board""}",W1500xD750xH800mm,Steel,,1,https://www.tanko.com.tw/upload/catalog_package_b/ALL_catalog_package_24C11_uVuz9Ac4oq.png,C:\Users\User\OneDrive\tanko seo\assets\product\WAT-5203TH2.png
WAT-5203TH3,WAT-5203TH3,Heavy Duty Workbench,wat-5203,https://www.tanko.com.tw/en/products-detail/wat-5203/,"{""Top"": ""Tanko-top(TH)"", ""Panel set"": ""Perforated board+Shelf""}",W1500xD750xH800mm,Steel,,1,https://www.tanko.com.tw/upload/catalog_package_b/ALL_catalog_package_24C11_Wat68f5caB.png,C:\Users\User\OneDrive\tanko seo\assets\product\WAT-5203TH3.png
WAT-5203TH4A,WAT-5203TH4A,Heavy Duty Workbench,wat-5203,https://www.tanko.com.tw/en/products-detail/wat-5203/,"{""Top"": ""Tanko-top(TH)"", ""Panel set"": ""Perforated board+Socket""}",W1500xD750xH800mm,Steel,,1,https://www.tanko.com.tw/upload/catalog_package_b/ALL_catalog_package_24C11_UPBQ6IvqJt.png,C:\Users\User\OneDrive\tanko seo\assets\product\WAT-5203TH4A.png
WAT-5203TH5A,WAT-5203TH5A,Heavy Duty Workbench,wat-5203,https://www.tanko.com.tw/en/products-detail/wat-5203/,"{""Top"": ""Tanko-top(TH)"", ""Panel set"": ""Perforated board+Shelf+Socket""}",W1500xD750xH800mm,Steel,,1,https://www.tanko.com.tw/upload/catalog_package_b/ALL_catalog_package_24C11_7jzxs1jx5v.png,C:\Users\User\OneDrive\tanko seo\assets\product\WAT-5203TH5A.png
WAT-5203TH6A,WAT-5203TH6A,Heavy Duty Workbench,wat-5203,https://www.tanko.com.tw/en/products-detail/wat-5203/,"{""Top"": ""Tanko-top(TH)"", ""Panel set"": ""Perforated board+Shelf+Socket+Light""}",W1500xD750xH800mm,Steel,,1,https://www.tanko.com.tw/upload/catalog_package_b/ALL_catalog_package_24C11_OlamwDA02q.png,C:\Users\User\OneDrive\tanko seo\assets\product\WAT-5203TH6A.png
WAT-6203N,WAT-6203N,Heavy Duty Workbench,wat-6203,https://www.tanko.com.tw/en/products-detail/wat-6203/,"{""Top"": ""Rubber(N)"", ""Panel set"": ""None""}",W1800xD750xH800mm,Steel,,1,https://www.tanko.com.tw/upload/catalog_package_b/ALL_catalog_package_24C12_t11f99SIZQ.png,C:\Users\User\OneDrive\tanko seo\assets\product\WAT-6203N.png
WAT-6203N2,WAT-6203N2,Heavy Duty Workbench,wat-6203,https://www.tanko.com.tw/en/products-detail/wat-6203/,"{""Top"": ""Rubber(N)"", ""Panel set"": ""Perforated board""}",W1800xD750xH800mm,Steel,,1,https://www.tanko.com.tw/upload/catalog_package_b/ALL_catalog_package_24C12_WKhO1ft4FM.png,C:\Users\User\OneDrive\tanko seo\assets\product\WAT-6203N2.png
WAT-6203N3,WAT-6203N3,Heavy Duty Workbench,wat-6203,https://www.tanko.com.tw/en/products-detail/wat-6203/,"{""Top"": ""Rubber(N)"", ""Panel set"": ""Perforated board+Shelf""}",W1800xD750xH800mm,Steel,,1,https://www.tanko.com.tw/upload/catalog_package_b/ALL_catalog_package_24C12_2x8YCn23Gg.png,C:\Users\User\OneDrive\tanko seo\assets\product\WAT-6203N3.png
WAT-6203N4A,WAT-6203N4A,Heavy Duty Workbench,wat-6203,https://www.tanko.com.tw/en/products-detail/wat-6203/,"{""Top"": ""Rubber(N)"", ""Panel set"": ""Perforated board+Socket""}",W1800xD750xH800mm,Steel,,1,https://www.tanko.com.tw/upload/catalog_package_b/ALL_catalog_package_24C12_QEL8KDwRsi.png,C:\Users\User\OneDrive\tanko seo\assets\product\WAT-6203N4A.png
WAT-6203N5A,WAT-6203N5A,Heavy Duty Workbench,wat-6203,https://www.tanko.com.tw/en/products-detail/wat-6203/,"{""Top"": ""Rubber(N)"", ""Panel set"": ""Perforated board+Shelf+Socket""}",W1800xD750xH800mm,Steel,,1,https://www.tanko.com.tw/upload/catalog_package_b/ALL_catalog_package_24C12_y3DEPdVdyj.png,C:\Users\User\OneDrive\tanko seo\assets\product\WAT-6203N5A.png
WAT-6203N6A,WAT-6203N6A,Heavy Duty Workbench,wat-6203,https://www.tanko.com.tw/en/products-detail/wat-6203/,"{""Top"": ""Rubber(N)"", ""Panel set"": ""Perforated board+Shelf+Socket+Light""}",W1800xD750xH800mm,Steel,,1,https://www.tanko.com.tw/upload/catalog_package_b/ALL_catalog_package_24C12_uHTBxtaHsp.png,C:\Users\User\OneDrive\tanko seo\assets\product\WAT-6203N6A.png
WAT-6203N7A,WAT-6203N7A,Heavy Duty Workbench,wat-6203,https://www.tanko.com.tw/en/products-detail/wat-6203/,"{""Top"": ""Rubber(N)"", ""Panel set"": ""Parts cabinet+Socket+Light""}",W1800xD750xH800mm,Steel,,1,https://www.tanko.com.tw/upload/catalog_package_b/ALL_catalog_package_24C12_5eKRjoajq6.png,C:\Users\User\OneDrive\tanko seo\assets\product\WAT-6203N7A.png
WAT-6203F,WAT-6203F,Heavy Duty Workbench,wat-6203,https://www.tanko.com.tw/en/products-detail/wat-6203/,"{""Top"": ""Laminate(F)"", ""Panel set"": ""None""}",W1800xD750xH800mm,Steel,,1,https://www.tanko.com.tw/upload/catalog_package_b/ALL_catalog_package_24C12_eWXD89XZgF.png,C:\Users\User\OneDrive\tanko seo\assets\product\WAT-6203F.png
WAT-6203F2,WAT-6203F2,Heavy Duty Workbench,wat-6203,https://www.tanko.com.tw/en/products-detail/wat-6203/,"{""Top"": ""Laminate(F)"", ""Panel set"": ""Perforated board""}",W1800xD750xH800mm,Steel,,1,https://www.tanko.com.tw/upload/catalog_package_b/ALL_catalog_package_24C12_JKfVQO8161.png,C:\Users\User\OneDrive\tanko seo\assets\product\WAT-6203F2.png
WAT-6203F3,WAT-6203F3,Heavy Duty Workbench,wat-6203,https://www.tanko.com.tw/en/products-detail/wat-6203/,"{""Top"": ""Laminate(F)"", ""Panel set"": ""Perforated board+Shelf""}",W1800xD750xH800mm,Steel,,1,https://www.tanko.com.tw/upload/catalog_package_b/ALL_catalog_package_24C12_G6yctb51xR.png,C:\Users\User\OneDrive\tanko seo\assets\product\WAT-6203F3.png
WAT-6203F4A,WAT-6203F4A,Heavy Duty Workbench,wat-6203,https://www.tanko.com.tw/en/products-detail/wat-6203/,"{""Top"": ""Laminate(F)"", ""Panel set"": ""Perforated board+Socket""}",W1800xD750xH800mm,Steel,,1,https://www.tanko.com.tw/upload/catalog_package_b/ALL_catalog_package_24C12_WIzZgyqYQP.png,C:\Users\User\OneDrive\tanko seo\assets\product\WAT-6203F4A.png
WAT-6203F5A,WAT-6203F5A,Heavy Duty Workbench,wat-6203,https://www.tanko.com.tw/en/products-detail/wat-6203/,"{""Top"": ""Laminate(F)"", ""Panel set"": ""Perforated board+Shelf+Socket""}",W1800xD750xH800mm,Steel,,1,https://www.tanko.com.tw/upload/catalog_package_b/ALL_catalog_package_24C12_oDRKajURpV.png,C:\Users\User\OneDrive\tanko seo\assets\product\WAT-6203F5A.png
WAT-6203F6A,WAT-6203F6A,Heavy Duty Workbench,wat-6203,https://www.tanko.com.tw/en/products-detail/wat-6203/,"{""Top"": ""Laminate(F)"", ""Panel set"": ""Perforated board+Shelf+Socket+Light""}",W1800xD750xH800mm,Steel,,1,https://www.tanko.com.tw/upload/catalog_package_b/ALL_catalog_package_24C12_Tc9zK4q40K.png,C:\Users\User\OneDrive\tanko seo\assets\product\WAT-6203F6A.png
WAT-6203F7A,WAT-6203F7A,Heavy Duty Workbench,wat-6203,https://www.tanko.com.tw/en/products-detail/wat-6203/,"{""Top"": ""Laminate(F)"", ""Panel set"": ""Parts cabinet+Socket+Light""}",W1800xD750xH800mm,Steel,,1,https://www.tanko.com.tw/upload/catalog_package_b/ALL_catalog_package_24C12_sSPIgargjE.png,C:\Users\User\OneDrive\tanko seo\assets\product\WAT-6203F7A.png
WAT-6203W,WAT-6203W,Heavy Duty Workbench,wat-6203,https://www.tanko.com.tw/en/products-detail/wat-6203/,"{""Top"": ""Wood(W)"", ""Panel set"": ""None""}",W1800xD750xH800mm,Steel,,1,https://www.tanko.com.tw/upload/catalog_package_b/ALL_catalog_package_24C12_VSBjp3F4Od.png,C:\Users\User\OneDrive\tanko seo\assets\product\WAT-6203W.png
WAT-6203W2,WAT-6203W2,Heavy Duty Workbench,wat-6203,https://www.tanko.com.tw/en/products-detail/wat-6203/,"{""Top"": ""Wood(W)"", ""Panel set"": ""Perforated board""}",W1800xD750xH800mm,Steel,,1,https://www.tanko.com.tw/upload/catalog_package_b/ALL_catalog_package_24C12_ItAvsiYjtt.png,C:\Users\User\OneDrive\tanko seo\assets\product\WAT-6203W2.png
WAT-6203W3,WAT-6203W3,Heavy Duty Workbench,wat-6203,https://www.tanko.com.tw/en/products-detail/wat-6203/,"{""Top"": ""Wood(W)"", ""Panel set"": ""Perforated board+Shelf""}",W1800xD750xH800mm,Steel,,1,https://www.tanko.com.tw/upload/catalog_package_b/ALL_catalog_package_24C12_Nxtmru6b7I.png,C:\Users\User\OneDrive\tanko seo\assets\product\WAT-6203W3.png
WAT-6203W4A,WAT-6203W4A,Heavy Duty Workbench,wat-6203,https://www.tanko.com.tw/en/products-detail/wat-6203/,"{""Top"": ""Wood(W)"", ""Panel set"": ""Perforated board+Socket""}",W1800xD750xH800mm,Steel,,1,https://www.tanko.com.tw/upload/catalog_package_b/ALL_catalog_package_24C12_bYTaYk7q6C.png,C:\Users\User\OneDrive\tanko seo\assets\product\WAT-6203W4A.png
WAT-6203W5A,WAT-6203W5A,Heavy Duty Workbench,wat-6203,https://www.tanko.com.tw/en/products-detail/wat-6203/,"{""Top"": ""Wood(W)"", ""Panel set"": ""Perforated board+Shelf+Socket""}",W1800xD750xH800mm,Steel,,1,https://www.tanko.com.tw/upload/catalog_package_b/ALL_catalog_package_24C12_XOkWPT6jb1.png,C:\Users\User\OneDrive\tanko seo\assets\product\WAT-6203W5A.png
WAT-6203W6A,WAT-6203W6A,Heavy Duty Workbench,wat-6203,https://www.tanko.com.tw/en/products-detail/wat-6203/,"{""Top"": ""Wood(W)"", ""Panel set"": ""Perforated board+Shelf+Socket+Light""}",W1800xD750xH800mm,Steel,,1,https://www.tanko.com.tw/upload/catalog_package_b/ALL_catalog_package_24C12_vfuwZunlPC.png,C:\Users\User\OneDrive\tanko seo\assets\product\WAT-6203W6A.png
WAT-6203W7A,WAT-6203W7A,Heavy Duty Workbench,wat-6203,https://www.tanko.com.tw/en/products-detail/wat-6203/,"{""Top"": ""Wood(W)"", ""Panel set"": ""Parts cabinet+Socket+Light""}",W1800xD750xH800mm,Steel,,1,https://www.tanko.com.tw/upload/catalog_package_b/ALL_catalog_package_24C12_7Z4CdVR6rY.png,C:\Users\User\OneDrive\tanko seo\assets\product\WAT-6203W7A.png
WAT-6203S,WAT-6203S,Heavy Duty Workbench,wat-6203,https://www.tanko.com.tw/en/products-detail/wat-6203/,"{""Top"": ""Stainless steel(S)"", ""Panel set"": ""None""}",W1800xD750xH800mm,Steel,,1,https://www.tanko.com.tw/upload/catalog_package_b/ALL_catalog_package_24C12_Az2Wz5hIJS.png,C:\Users\User\OneDrive\tanko seo\assets\product\WAT-6203S.png
WAT-6203S2,WAT-6203S2,Heavy Duty Workbench,wat-6203,https://www.tanko.com.tw/en/products-detail/wat-6203/,"{""Top"": ""Stainless steel(S)"", ""Panel set"": ""Perforated board""}",W1800xD750xH800mm,Steel,,1,https://www.tanko.com.tw/upload/catalog_package_b/ALL_catalog_package_24C12_XQzXmXNAm9.png,C:\Users\User\OneDrive\tanko seo\assets\product\WAT-6203S2.png
WAT-6203S3,WAT-6203S3,Heavy Duty Workbench,wat-6203,https://www.tanko.com.tw/en/products-detail/wat-6203/,"{""Top"": ""Stainless steel(S)"", ""Panel set"": ""Perforated board+Shelf""}",W1800xD750xH800mm,Steel,,1,https://www.tanko.com.tw/upload/catalog_package_b/ALL_catalog_package_24C12_sZyvyKWPZ9.png,C:\Users\User\OneDrive\tanko seo\assets\product\WAT-6203S3.png
WAT-6203S4A,WAT-6203S4A,Heavy Duty Workbench,wat-6203,https://www.tanko.com.tw/en/products-detail/wat-6203/,"{""Top"": ""Stainless steel(S)"", ""Panel set"": ""Perforated board+Socket""}",W1800xD750xH800mm,Steel,,1,https://www.tanko.com.tw/upload/catalog_package_b/ALL_catalog_package_24C12_5qlmFdANiQ.png,C:\Users\User\OneDrive\tanko seo\assets\product\WAT-6203S4A.png
WAT-6203S5A,WAT-6203S5A,Heavy Duty Workbench,wat-6203,https://www.tanko.com.tw/en/products-detail/wat-6203/,"{""Top"": ""Stainless steel(S)"", ""Panel set"": ""Perforated board+Shelf+Socket""}",W1800xD750xH800mm,Steel,,1,https://www.tanko.com.tw/upload/catalog_package_b/ALL_catalog_package_24C12_RCgeukvFoe.png,C:\Users\User\OneDrive\tanko seo\assets\product\WAT-6203S5A.png
WAT-6203S6A,WAT-6203S6A,Heavy Duty Workbench,wat-6203,https://www.tanko.com.tw/en/products-detail/wat-6203/,"{""Top"": ""Stainless steel(S)"", ""Panel set"": ""Perforated board+Shelf+Socket+Light""}",W1800xD750xH800mm,Steel,,1,https://www.tanko.com.tw/upload/catalog_package_b/ALL_catalog_package_24C12_HgNN37Ppt4.png,C:\Users\User\OneDrive\tanko seo\assets\product\WAT-6203S6A.png
WAT-6203S7A,WAT-6203S7A,Heavy Duty Workbench,wat-6203,https://www.tanko.com.tw/en/products-detail/wat-6203/,"{""Top"": ""Stainless steel(S)"", ""Panel set"": ""Parts cabinet+Socket+Light""}",W1800xD750xH800mm,Steel,,1,https://www.tanko.com.tw/upload/catalog_package_b/ALL_catalog_package_24C12_7OdrxavV9I.png,C:\Users\User\OneDrive\tanko seo\assets\product\WAT-6203S7A.png
WAT-6203TG,WAT-6203TG,Heavy Duty Workbench,wat-6203,https://www.tanko.com.tw/en/products-detail/wat-6203/,"{""Top"": ""Tanko-top(TG)"", ""Panel set"": ""None""}",W1800xD750xH800mm,Steel,,1,https://www.tanko.com.tw/upload/catalog_package_b/ALL_catalog_package_24C12_ZrhUj0BW8Z.png,C:\Users\User\OneDrive\tanko seo\assets\product\WAT-6203TG.png
WAT-6203TG2,WAT-6203TG2,Heavy Duty Workbench,wat-6203,https://www.tanko.com.tw/en/products-detail/wat-6203/,"{""Top"": ""Tanko-top(TG)"", ""Panel set"": ""Perforated board""}",W1800xD750xH800mm,Steel,,1,https://www.tanko.com.tw/upload/catalog_package_b/ALL_catalog_package_24C12_DpejgZ6e3r.png,C:\Users\User\OneDrive\tanko seo\assets\product\WAT-6203TG2.png
WAT-6203TG3,WAT-6203TG3,Heavy Duty Workbench,wat-6203,https://www.tanko.com.tw/en/products-detail/wat-6203/,"{""Top"": ""Tanko-top(TG)"", ""Panel set"": ""Perforated board+Shelf""}",W1800xD750xH800mm,Steel,,1,https://www.tanko.com.tw/upload/catalog_package_b/ALL_catalog_package_24C12_44A2Y8YqGl.png,C:\Users\User\OneDrive\tanko seo\assets\product\WAT-6203TG3.png
WAT-6203TG4A,WAT-6203TG4A,Heavy Duty Workbench,wat-6203,https://www.tanko.com.tw/en/products-detail/wat-6203/,"{""Top"": ""Tanko-top(TG)"", ""Panel set"": ""Perforated board+Socket""}",W1800xD750xH800mm,Steel,,1,https://www.tanko.com.tw/upload/catalog_package_b/ALL_catalog_package_24C12_KKBgBJ8QxY.png,C:\Users\User\OneDrive\tanko seo\assets\product\WAT-6203TG4A.png
WAT-6203TG5A,WAT-6203TG5A,Heavy Duty Workbench,wat-6203,https://www.tanko.com.tw/en/products-detail/wat-6203/,"{""Top"": ""Tanko-top(TG)"", ""Panel set"": ""Perforated board+Shelf+Socket""}",W1800xD750xH800mm,Steel,,1,https://www.tanko.com.tw/upload/catalog_package_b/ALL_catalog_package_24C12_y2TS1XRs1Q.png,C:\Users\User\OneDrive\tanko seo\assets\product\WAT-6203TG5A.png
WAT-6203TG6A,WAT-6203TG6A,Heavy Duty Workbench,wat-6203,https://www.tanko.com.tw/en/products-detail/wat-6203/,"{""Top"": ""Tanko-top(TG)"", ""Panel set"": ""Perforated board+Shelf+Socket+Light""}",W1800xD750xH800mm,Steel,,1,https://www.tanko.com.tw/upload/catalog_package_b/ALL_catalog_package_24C12_bVD0GDZGOG.png,C:\Users\User\OneDrive\tanko seo\assets\product\WAT-6203TG6A.png
WAT-6203TG7A,WAT-6203TG7A,Heavy Duty Workbench,wat-6203,https://www.tanko.com.tw/en/products-detail/wat-6203/,"{""Top"": ""Tanko-top(TG)"", ""Panel set"": ""Parts cabinet+Socket+Light""}",W1800xD750xH800mm,Steel,,1,https://www.tanko.com.tw/upload/catalog_package_b/ALL_catalog_package_24C12_b6JOZbeuDJ.png,C:\Users\User\OneDrive\tanko seo\assets\product\WAT-6203TG7A.png
WAT-6203TH,WAT-6203TH,Heavy Duty Workbench,wat-6203,https://www.tanko.com.tw/en/products-detail/wat-6203/,"{""Top"": ""Tanko-top(TH)"", ""Panel set"": ""None""}",W1800xD750xH800mm,Steel,,1,https://www.tanko.com.tw/upload/catalog_package_b/ALL_catalog_package_24C12_qF8DFaz2k5.png,C:\Users\User\OneDrive\tanko seo\assets\product\WAT-6203TH.png
WAT-6203TH2,WAT-6203TH2,Heavy Duty Workbench,wat-6203,https://www.tanko.com.tw/en/products-detail/wat-6203/,"{""Top"": ""Tanko-top(TH)"", ""Panel set"": ""Perforated board""}",W1800xD750xH800mm,Steel,,1,https://www.tanko.com.tw/upload/catalog_package_b/ALL_catalog_package_24C12_JjfqHhzU5x.png,C:\Users\User\OneDrive\tanko seo\assets\product\WAT-6203TH2.png
WAT-6203TH3,WAT-6203TH3,Heavy Duty Workbench,wat-6203,https://www.tanko.com.tw/en/products-detail/wat-6203/,"{""Top"": ""Tanko-top(TH)"", ""Panel set"": ""Perforated board+Shelf""}",W1800xD750xH800mm,Steel,,1,https://www.tanko.com.tw/upload/catalog_package_b/ALL_catalog_package_24C12_mwLsdmOTKY.png,C:\Users\User\OneDrive\tanko seo\assets\product\WAT-6203TH3.png
WAT-6203TH4A,WAT-6203TH4A,Heavy Duty Workbench,wat-6203,https://www.tanko.com.tw/en/products-detail/wat-6203/,"{""Top"": ""Tanko-top(TH)"", ""Panel set"": ""Perforated board+Socket""}",W1800xD750xH800mm,Steel,,1,https://www.tanko.com.tw/upload/catalog_package_b/ALL_catalog_package_24C12_khXa4Uk0X8.png,C:\Users\User\OneDrive\tanko seo\assets\product\WAT-6203TH4A.png
WAT-6203TH5A,WAT-6203TH5A,Heavy Duty Workbench,wat-6203,https://www.tanko.com.tw/en/products-detail/wat-6203/,"{""Top"": ""Tanko-top(TH)"", ""Panel set"": ""Perforated board+Shelf+Socket""}",W1800xD750xH800mm,Steel,,1,https://www.tanko.com.tw/upload/catalog_package_b/ALL_catalog_package_24C12_Mc2rHvn3QF.png,C:\Users\User\OneDrive\tanko seo\assets\product\WAT-6203TH5A.png
WAT-6203TH6A,WAT-6203TH6A,Heavy Duty Workbench,wat-6203,https://www.tanko.com.tw/en/products-detail/wat-6203/,"{""Top"": ""Tanko-top(TH)"", ""Panel set"": ""Perforated board+Shelf+Socket+Light""}",W1800xD750xH800mm,Steel,,1,https://www.tanko.com.tw/upload/catalog_package_b/ALL_catalog_package_24C12_rnBlCrxLS6.png,C:\Users\User\OneDrive\tanko seo\assets\product\WAT-6203TH6A.png
WAT-6203TH7A,WAT-6203TH7A,Heavy Duty Workbench,wat-6203,https://www.tanko.com.tw/en/products-detail/wat-6203/,"{""Top"": ""Tanko-top(TH)"", ""Panel set"": ""Parts cabinet+Socket+Light""}",W1800xD750xH800mm,Steel,,1,https://www.tanko.com.tw/upload/catalog_package_b/ALL_catalog_package_24C12_We6ltUa8yo.png,C:\Users\User\OneDrive\tanko seo\assets\product\WAT-6203TH7A.png
WAT-7203N,WAT-7203N,Heavy Duty Workbench,wat-7203,https://www.tanko.com.tw/en/products-detail/wat-7203/,"{""Top"": ""Rubber(N)"", ""Panel set"": ""None""}",W2100xD750xH800mm,Steel,,1,https://www.tanko.com.tw/upload/catalog_package_b/ALL_catalog_package_26C23_NC2dWN7DUX.jpg,C:\Users\User\OneDrive\tanko seo\assets\product\WAT-7203N.jpg
WAT-7203N2,WAT-7203N2,Heavy Duty Workbench,wat-7203,https://www.tanko.com.tw/en/products-detail/wat-7203/,"{""Top"": ""Rubber(N)"", ""Panel set"": ""Perforated board""}",W2100xD750xH800mm,Steel,,1,https://www.tanko.com.tw/upload/catalog_package_b/ALL_catalog_package_26C23_5UxxCKGbYy.jpg,C:\Users\User\OneDrive\tanko seo\assets\product\WAT-7203N2.jpg
WAT-7203N3,WAT-7203N3,Heavy Duty Workbench,wat-7203,https://www.tanko.com.tw/en/products-detail/wat-7203/,"{""Top"": ""Rubber(N)"", ""Panel set"": ""Perforated board+Shelf""}",W2100xD750xH800mm,Steel,,1,https://www.tanko.com.tw/upload/catalog_package_b/ALL_catalog_package_26C23_P8CtJl8E9B.jpg,C:\Users\User\OneDrive\tanko seo\assets\product\WAT-7203N3.jpg
WAT-7203N4A,WAT-7203N4A,Heavy Duty Workbench,wat-7203,https://www.tanko.com.tw/en/products-detail/wat-7203/,"{""Top"": ""Rubber(N)"", ""Panel set"": ""Perforated board+Socket""}",W2100xD750xH800mm,Steel,,1,https://www.tanko.com.tw/upload/catalog_package_b/ALL_catalog_package_26D07_WtAXG3cPeX.jpg,C:\Users\User\OneDrive\tanko seo\assets\product\WAT-7203N4A.jpg
WAT-7203N5A,WAT-7203N5A,Heavy Duty Workbench,wat-7203,https://www.tanko.com.tw/en/products-detail/wat-7203/,"{""Top"": ""Rubber(N)"", ""Panel set"": ""Perforated board+Shelf+Socket""}",W2100xD750xH800mm,Steel,,1,https://www.tanko.com.tw/upload/catalog_package_b/ALL_catalog_package_26D07_rl3D1nRkk5.jpg,C:\Users\User\OneDrive\tanko seo\assets\product\WAT-7203N5A.jpg
WAT-7203N6A,WAT-7203N6A,Heavy Duty Workbench,wat-7203,https://www.tanko.com.tw/en/products-detail/wat-7203/,"{""Top"": ""Rubber(N)"", ""Panel set"": ""Perforated board+Shelf+Socket+Light""}",W2100xD750xH800mm,Steel,,1,https://www.tanko.com.tw/upload/catalog_package_b/ALL_catalog_package_26D07_vtFw52GI8o.jpg,C:\Users\User\OneDrive\tanko seo\assets\product\WAT-7203N6A.jpg
WAT-7203N7A,WAT-7203N7A,Heavy Duty Workbench,wat-7203,https://www.tanko.com.tw/en/products-detail/wat-7203/,"{""Top"": ""Rubber(N)"", ""Panel set"": ""Parts cabinet+Socket+Light""}",W2100xD750xH800mm,Steel,,1,https://www.tanko.com.tw/upload/catalog_package_b/ALL_catalog_package_26D07_pfsAFLsJfF.jpg,C:\Users\User\OneDrive\tanko seo\assets\product\WAT-7203N7A.jpg
WAT-7203F,WAT-7203F,Heavy Duty Workbench,wat-7203,https://www.tanko.com.tw/en/products-detail/wat-7203/,"{""Top"": ""Laminate(F)"", ""Panel set"": ""None""}",W2100xD750xH800mm,Steel,,1,https://www.tanko.com.tw/upload/catalog_package_b/ALL_catalog_package_26C23_0zIq2a2nhj.jpg,C:\Users\User\OneDrive\tanko seo\assets\product\WAT-7203F.jpg
WAT-7203F2,WAT-7203F2,Heavy Duty Workbench,wat-7203,https://www.tanko.com.tw/en/products-detail/wat-7203/,"{""Top"": ""Laminate(F)"", ""Panel set"": ""Perforated board""}",W2100xD750xH800mm,Steel,,1,https://www.tanko.com.tw/upload/catalog_package_b/ALL_catalog_package_26C23_Z1sOZHOSHq.jpg,C:\Users\User\OneDrive\tanko seo\assets\product\WAT-7203F2.jpg
WAT-7203F3,WAT-7203F3,Heavy Duty Workbench,wat-7203,https://www.tanko.com.tw/en/products-detail/wat-7203/,"{""Top"": ""Laminate(F)"", ""Panel set"": ""Perforated board+Shelf""}",W2100xD750xH800mm,Steel,,1,https://www.tanko.com.tw/upload/catalog_package_b/ALL_catalog_package_26C23_HBi2Vspuys.jpg,C:\Users\User\OneDrive\tanko seo\assets\product\WAT-7203F3.jpg
WAT-7203F4A,WAT-7203F4A,Heavy Duty Workbench,wat-7203,https://www.tanko.com.tw/en/products-detail/wat-7203/,"{""Top"": ""Laminate(F)"", ""Panel set"": ""Perforated board+Socket""}",W2100xD750xH800mm,Steel,,1,https://www.tanko.com.tw/upload/catalog_package_b/ALL_catalog_package_26D07_4woOTF5vwD.jpg,C:\Users\User\OneDrive\tanko seo\assets\product\WAT-7203F4A.jpg
WAT-7203F5A,WAT-7203F5A,Heavy Duty Workbench,wat-7203,https://www.tanko.com.tw/en/products-detail/wat-7203/,"{""Top"": ""Laminate(F)"", ""Panel set"": ""Perforated board+Shelf+Socket""}",W2100xD750xH800mm,Steel,,1,https://www.tanko.com.tw/upload/catalog_package_b/ALL_catalog_package_26D07_VfZ48HFIlA.jpg,C:\Users\User\OneDrive\tanko seo\assets\product\WAT-7203F5A.jpg
WAT-7203F6A,WAT-7203F6A,Heavy Duty Workbench,wat-7203,https://www.tanko.com.tw/en/products-detail/wat-7203/,"{""Top"": ""Laminate(F)"", ""Panel set"": ""Perforated board+Shelf+Socket+Light""}",W2100xD750xH800mm,Steel,,1,https://www.tanko.com.tw/upload/catalog_package_b/ALL_catalog_package_26D07_ktnhsorvvP.jpg,C:\Users\User\OneDrive\tanko seo\assets\product\WAT-7203F6A.jpg
WAT-7203F7A,WAT-7203F7A,Heavy Duty Workbench,wat-7203,https://www.tanko.com.tw/en/products-detail/wat-7203/,"{""Top"": ""Laminate(F)"", ""Panel set"": ""Parts cabinet+Socket+Light""}",W2100xD750xH800mm,Steel,,1,https://www.tanko.com.tw/upload/catalog_package_b/ALL_catalog_package_26D07_Ek9iDNrMIH.jpg,C:\Users\User\OneDrive\tanko seo\assets\product\WAT-7203F7A.jpg
WAT-7203W,WAT-7203W,Heavy Duty Workbench,wat-7203,https://www.tanko.com.tw/en/products-detail/wat-7203/,"{""Top"": ""Wood(W)"", ""Panel set"": ""None""}",W2100xD750xH800mm,Steel,,1,https://www.tanko.com.tw/upload/catalog_package_b/ALL_catalog_package_26C23_3aYTqdD1j5.jpg,C:\Users\User\OneDrive\tanko seo\assets\product\WAT-7203W.jpg
WAT-7203W2,WAT-7203W2,Heavy Duty Workbench,wat-7203,https://www.tanko.com.tw/en/products-detail/wat-7203/,"{""Top"": ""Wood(W)"", ""Panel set"": ""Perforated board""}",W2100xD750xH800mm,Steel,,1,https://www.tanko.com.tw/upload/catalog_package_b/ALL_catalog_package_26C23_BoOHpdIimc.jpg,C:\Users\User\OneDrive\tanko seo\assets\product\WAT-7203W2.jpg
WAT-7203W3,WAT-7203W3,Heavy Duty Workbench,wat-7203,https://www.tanko.com.tw/en/products-detail/wat-7203/,"{""Top"": ""Wood(W)"", ""Panel set"": ""Perforated board+Shelf""}",W2100xD750xH800mm,Steel,,1,https://www.tanko.com.tw/upload/catalog_package_b/ALL_catalog_package_26C23_OgcDXRR2yd.jpg,C:\Users\User\OneDrive\tanko seo\assets\product\WAT-7203W3.jpg
WAT-7203W4A,WAT-7203W4A,Heavy Duty Workbench,wat-7203,https://www.tanko.com.tw/en/products-detail/wat-7203/,"{""Top"": ""Wood(W)"", ""Panel set"": ""Perforated board+Socket""}",W2100xD750xH800mm,Steel,,1,https://www.tanko.com.tw/upload/catalog_package_b/ALL_catalog_package_26D07_9y8MJreefu.jpg,C:\Users\User\OneDrive\tanko seo\assets\product\WAT-7203W4A.jpg
WAT-7203W5A,WAT-7203W5A,Heavy Duty Workbench,wat-7203,https://www.tanko.com.tw/en/products-detail/wat-7203/,"{""Top"": ""Wood(W)"", ""Panel set"": ""Perforated board+Shelf+Socket""}",W2100xD750xH800mm,Steel,,1,https://www.tanko.com.tw/upload/catalog_package_b/ALL_catalog_package_26D07_EW2TiauSIU.jpg,C:\Users\User\OneDrive\tanko seo\assets\product\WAT-7203W5A.jpg
WAT-7203W6A,WAT-7203W6A,Heavy Duty Workbench,wat-7203,https://www.tanko.com.tw/en/products-detail/wat-7203/,"{""Top"": ""Wood(W)"", ""Panel set"": ""Perforated board+Shelf+Socket+Light""}",W2100xD750xH800mm,Steel,,1,https://www.tanko.com.tw/upload/catalog_package_b/ALL_catalog_package_26D07_kbmrlQbY7i.jpg,C:\Users\User\OneDrive\tanko seo\assets\product\WAT-7203W6A.jpg
WAT-7203W7A,WAT-7203W7A,Heavy Duty Workbench,wat-7203,https://www.tanko.com.tw/en/products-detail/wat-7203/,"{""Top"": ""Wood(W)"", ""Panel set"": ""Parts cabinet+Socket+Light""}",W2100xD750xH800mm,Steel,,1,https://www.tanko.com.tw/upload/catalog_package_b/ALL_catalog_package_26D07_rdhUdvwV9f.jpg,C:\Users\User\OneDrive\tanko seo\assets\product\WAT-7203W7A.jpg
WAT-7203S,WAT-7203S,Heavy Duty Workbench,wat-7203,https://www.tanko.com.tw/en/products-detail/wat-7203/,"{""Top"": ""Stainless steel(S)"", ""Panel set"": ""None""}",W2100xD750xH800mm,Steel,,1,https://www.tanko.com.tw/upload/catalog_package_b/ALL_catalog_package_26C23_OgaJjzoxPd.jpg,C:\Users\User\OneDrive\tanko seo\assets\product\WAT-7203S.jpg
WAT-7203S2,WAT-7203S2,Heavy Duty Workbench,wat-7203,https://www.tanko.com.tw/en/products-detail/wat-7203/,"{""Top"": ""Stainless steel(S)"", ""Panel set"": ""Perforated board""}",W2100xD750xH800mm,Steel,,1,https://www.tanko.com.tw/upload/catalog_package_b/ALL_catalog_package_26C23_wKOfG3Czma.jpg,C:\Users\User\OneDrive\tanko seo\assets\product\WAT-7203S2.jpg
WAT-7203S3,WAT-7203S3,Heavy Duty Workbench,wat-7203,https://www.tanko.com.tw/en/products-detail/wat-7203/,"{""Top"": ""Stainless steel(S)"", ""Panel set"": ""Perforated board+Shelf""}",W2100xD750xH800mm,Steel,,1,https://www.tanko.com.tw/upload/catalog_package_b/ALL_catalog_package_26C23_7VYA6Cf06b.jpg,C:\Users\User\OneDrive\tanko seo\assets\product\WAT-7203S3.jpg
WAT-7203S4A,WAT-7203S4A,Heavy Duty Workbench,wat-7203,https://www.tanko.com.tw/en/products-detail/wat-7203/,"{""Top"": ""Stainless steel(S)"", ""Panel set"": ""Perforated board+Socket""}",W2100xD750xH800mm,Steel,,1,https://www.tanko.com.tw/upload/catalog_package_b/ALL_catalog_package_26D07_5CG0zpRlaL.jpg,C:\Users\User\OneDrive\tanko seo\assets\product\WAT-7203S4A.jpg
WAT-7203S5A,WAT-7203S5A,Heavy Duty Workbench,wat-7203,https://www.tanko.com.tw/en/products-detail/wat-7203/,"{""Top"": ""Stainless steel(S)"", ""Panel set"": ""Perforated board+Shelf+Socket""}",W2100xD750xH800mm,Steel,,1,https://www.tanko.com.tw/upload/catalog_package_b/ALL_catalog_package_26D07_9Tq6PJnTJH.jpg,C:\Users\User\OneDrive\tanko seo\assets\product\WAT-7203S5A.jpg
WAT-7203S6A,WAT-7203S6A,Heavy Duty Workbench,wat-7203,https://www.tanko.com.tw/en/products-detail/wat-7203/,"{""Top"": ""Stainless steel(S)"", ""Panel set"": ""Perforated board+Shelf+Socket+Light""}",W2100xD750xH800mm,Steel,,1,https://www.tanko.com.tw/upload/catalog_package_b/ALL_catalog_package_26D07_Na1ZzBJQG5.jpg,C:\Users\User\OneDrive\tanko seo\assets\product\WAT-7203S6A.jpg
WAT-7203S7A,WAT-7203S7A,Heavy Duty Workbench,wat-7203,https://www.tanko.com.tw/en/products-detail/wat-7203/,"{""Top"": ""Stainless steel(S)"", ""Panel set"": ""Parts cabinet+Socket+Light""}",W2100xD750xH800mm,Steel,,1,https://www.tanko.com.tw/upload/catalog_package_b/ALL_catalog_package_26D07_2VMRyui2fu.jpg,C:\Users\User\OneDrive\tanko seo\assets\product\WAT-7203S7A.jpg
WB-57N,WB-57N,Professional Workbench,wb-57,https://www.tanko.com.tw/en/products-detail/wb-57/,"{""Top"": ""Rubber top(N)"", ""Panel set"": ""None""}",W1500xD750xH800mm,Steel,,1,https://www.tanko.com.tw/upload/catalog_package_b/ALL_catalog_package_24C06_NQotJXMrNO.png,C:\Users\User\OneDrive\tanko seo\assets\product\WB-57N.png
WB-57N2,WB-57N2,Professional Workbench,wb-57,https://www.tanko.com.tw/en/products-detail/wb-57/,"{""Top"": ""Rubber top(N)"", ""Panel set"": ""Perforated board""}",W1500xD750xH800mm,Steel,,1,https://www.tanko.com.tw/upload/catalog_package_b/ALL_catalog_package_24C06_dygJLqo6Tr.png,C:\Users\User\OneDrive\tanko seo\assets\product\WB-57N2.png
WB-57N3,WB-57N3,Professional Workbench,wb-57,https://www.tanko.com.tw/en/products-detail/wb-57/,"{""Top"": ""Rubber top(N)"", ""Panel set"": ""Perforated board+Shelf""}",W1500xD750xH800mm,Steel,,1,https://www.tanko.com.tw/upload/catalog_package_b/ALL_catalog_package_24C06_VZb7370xy3.png,C:\Users\User\OneDrive\tanko seo\assets\product\WB-57N3.png
WB-57N4A,WB-57N4A,Professional Workbench,wb-57,https://www.tanko.com.tw/en/products-detail/wb-57/,"{""Top"": ""Rubber top(N)"", ""Panel set"": ""Perforated board+Socket""}",W1500xD750xH800mm,Steel,,1,https://www.tanko.com.tw/upload/catalog_package_b/ALL_catalog_package_24C06_qwza1AqpxB.png,C:\Users\User\OneDrive\tanko seo\assets\product\WB-57N4A.png
WB-57N5A,WB-57N5A,Professional Workbench,wb-57,https://www.tanko.com.tw/en/products-detail/wb-57/,"{""Top"": ""Rubber top(N)"", ""Panel set"": ""Perforated board+Shelf+Socket""}",W1500xD750xH800mm,Steel,,1,https://www.tanko.com.tw/upload/catalog_package_b/ALL_catalog_package_24C06_XNa6u6uzsf.png,C:\Users\User\OneDrive\tanko seo\assets\product\WB-57N5A.png
WB-57N6A,WB-57N6A,Professional Workbench,wb-57,https://www.tanko.com.tw/en/products-detail/wb-57/,"{""Top"": ""Rubber top(N)"", ""Panel set"": ""Perforated board+Shelf+Socket+Light""}",W1500xD750xH800mm,Steel,,1,https://www.tanko.com.tw/upload/catalog_package_b/ALL_catalog_package_24C06_SGfhBZWBjg.png,C:\Users\User\OneDrive\tanko seo\assets\product\WB-57N6A.png
WB-57F,WB-57F,Professional Workbench,wb-57,https://www.tanko.com.tw/en/products-detail/wb-57/,"{""Top"": ""Laminate top(F)"", ""Panel set"": ""None""}",W1500xD750xH800mm,Steel,,1,https://www.tanko.com.tw/upload/catalog_package_b/ALL_catalog_package_24C06_oRlnVk71Qb.png,C:\Users\User\OneDrive\tanko seo\assets\product\WB-57F.png
WB-57F2,WB-57F2,Professional Workbench,wb-57,https://www.tanko.com.tw/en/products-detail/wb-57/,"{""Top"": ""Laminate top(F)"", ""Panel set"": ""Perforated board""}",W1500xD750xH800mm,Steel,,1,https://www.tanko.com.tw/upload/catalog_package_b/ALL_catalog_package_24C06_TcBFOA8zl2.png,C:\Users\User\OneDrive\tanko seo\assets\product\WB-57F2.png
WB-57F3,WB-57F3,Professional Workbench,wb-57,https://www.tanko.com.tw/en/products-detail/wb-57/,"{""Top"": ""Laminate top(F)"", ""Panel set"": ""Perforated board+Shelf""}",W1500xD750xH800mm,Steel,,1,https://www.tanko.com.tw/upload/catalog_package_b/ALL_catalog_package_24C06_REB1HZmwJi.png,C:\Users\User\OneDrive\tanko seo\assets\product\WB-57F3.png
WB-57F4A,WB-57F4A,Professional Workbench,wb-57,https://www.tanko.com.tw/en/products-detail/wb-57/,"{""Top"": ""Laminate top(F)"", ""Panel set"": ""Perforated board+Socket""}",W1500xD750xH800mm,Steel,,1,https://www.tanko.com.tw/upload/catalog_package_b/ALL_catalog_package_24C06_J7wJwWh2SF.png,C:\Users\User\OneDrive\tanko seo\assets\product\WB-57F4A.png
WB-57F5A,WB-57F5A,Professional Workbench,wb-57,https://www.tanko.com.tw/en/products-detail/wb-57/,"{""Top"": ""Laminate top(F)"", ""Panel set"": ""Perforated board+Shelf+Socket""}",W1500xD750xH800mm,Steel,,1,https://www.tanko.com.tw/upload/catalog_package_b/ALL_catalog_package_24C06_3obIyW4Qyu.png,C:\Users\User\OneDrive\tanko seo\assets\product\WB-57F5A.png
WB-57F6A,WB-57F6A,Professional Workbench,wb-57,https://www.tanko.com.tw/en/products-detail/wb-57/,"{""Top"": ""Laminate top(F)"", ""Panel set"": ""Perforated board+Shelf+Socket+Light""}",W1500xD750xH800mm,Steel,,1,https://www.tanko.com.tw/upload/catalog_package_b/ALL_catalog_package_24C06_rZ8sHQX7R3.png,C:\Users\User\OneDrive\tanko seo\assets\product\WB-57F6A.png
WB-57W,WB-57W,Professional Workbench,wb-57,https://www.tanko.com.tw/en/products-detail/wb-57/,"{""Top"": ""Wood top(W)"", ""Panel set"": ""None""}",W1500xD750xH800mm,Steel,,1,https://www.tanko.com.tw/upload/catalog_package_b/ALL_catalog_package_24C06_mZ7Ltl3F8w.png,C:\Users\User\OneDrive\tanko seo\assets\product\WB-57W.png
WB-57W2,WB-57W2,Professional Workbench,wb-57,https://www.tanko.com.tw/en/products-detail/wb-57/,"{""Top"": ""Wood top(W)"", ""Panel set"": ""Perforated board""}",W1500xD750xH800mm,Steel,,1,https://www.tanko.com.tw/upload/catalog_package_b/ALL_catalog_package_24C06_XCxDzKYj3f.png,C:\Users\User\OneDrive\tanko seo\assets\product\WB-57W2.png
WB-57W3,WB-57W3,Professional Workbench,wb-57,https://www.tanko.com.tw/en/products-detail/wb-57/,"{""Top"": ""Wood top(W)"", ""Panel set"": ""Perforated board+Shelf""}",W1500xD750xH800mm,Steel,,1,https://www.tanko.com.tw/upload/catalog_package_b/ALL_catalog_package_24C06_YrXLHge4At.png,C:\Users\User\OneDrive\tanko seo\assets\product\WB-57W3.png
WB-57W4A,WB-57W4A,Professional Workbench,wb-57,https://www.tanko.com.tw/en/products-detail/wb-57/,"{""Top"": ""Wood top(W)"", ""Panel set"": ""Perforated board+Socket""}",W1500xD750xH800mm,Steel,,1,https://www.tanko.com.tw/upload/catalog_package_b/ALL_catalog_package_24C06_R3hQz7dhao.png,C:\Users\User\OneDrive\tanko seo\assets\product\WB-57W4A.png
WB-57W5A,WB-57W5A,Professional Workbench,wb-57,https://www.tanko.com.tw/en/products-detail/wb-57/,"{""Top"": ""Wood top(W)"", ""Panel set"": ""Perforated board+Shelf+Socket""}",W1500xD750xH800mm,Steel,,1,https://www.tanko.com.tw/upload/catalog_package_b/ALL_catalog_package_24C06_yzyexbuig6.png,C:\Users\User\OneDrive\tanko seo\assets\product\WB-57W5A.png
WB-57W6A,WB-57W6A,Professional Workbench,wb-57,https://www.tanko.com.tw/en/products-detail/wb-57/,"{""Top"": ""Wood top(W)"", ""Panel set"": ""Perforated board+Shelf+Socket+Light""}",W1500xD750xH800mm,Steel,,1,https://www.tanko.com.tw/upload/catalog_package_b/ALL_catalog_package_24C06_CQUD2ScGYS.png,C:\Users\User\OneDrive\tanko seo\assets\product\WB-57W6A.png
WB-67N,WB-67N,Professional Workbench,wb-67,https://www.tanko.com.tw/en/products-detail/wb-67/,"{""Top"": ""Rubber top(N)"", ""Panel set"": ""None""}",W1800xD750xH800mm,Steel,,1,https://www.tanko.com.tw/upload/catalog_package_b/ALL_catalog_package_24C07_bsyvdGoRGl.png,C:\Users\User\OneDrive\tanko seo\assets\product\WB-67N.png
WB-67N2,WB-67N2,Professional Workbench,wb-67,https://www.tanko.com.tw/en/products-detail/wb-67/,"{""Top"": ""Rubber top(N)"", ""Panel set"": ""Perforated board""}",W1800xD750xH800mm,Steel,,1,https://www.tanko.com.tw/upload/catalog_package_b/ALL_catalog_package_24C07_4fjV8e2xi8.png,C:\Users\User\OneDrive\tanko seo\assets\product\WB-67N2.png
WB-67N3,WB-67N3,Professional Workbench,wb-67,https://www.tanko.com.tw/en/products-detail/wb-67/,"{""Top"": ""Rubber top(N)"", ""Panel set"": ""Perforated board+Shelf""}",W1800xD750xH800mm,Steel,,1,https://www.tanko.com.tw/upload/catalog_package_b/ALL_catalog_package_24C07_FCvEqaMQAe.png,C:\Users\User\OneDrive\tanko seo\assets\product\WB-67N3.png
WB-67N4A,WB-67N4A,Professional Workbench,wb-67,https://www.tanko.com.tw/en/products-detail/wb-67/,"{""Top"": ""Rubber top(N)"", ""Panel set"": ""Perforated board+Socket""}",W1800xD750xH800mm,Steel,,1,https://www.tanko.com.tw/upload/catalog_package_b/ALL_catalog_package_24C07_fLuWbhO2wy.png,C:\Users\User\OneDrive\tanko seo\assets\product\WB-67N4A.png
WB-67N5A,WB-67N5A,Professional Workbench,wb-67,https://www.tanko.com.tw/en/products-detail/wb-67/,"{""Top"": ""Rubber top(N)"", ""Panel set"": ""Perforated board+Shelf+Socket""}",W1800xD750xH800mm,Steel,,1,https://www.tanko.com.tw/upload/catalog_package_b/ALL_catalog_package_24C07_lP66MfuhwE.png,C:\Users\User\OneDrive\tanko seo\assets\product\WB-67N5A.png
WB-67N6A,WB-67N6A,Professional Workbench,wb-67,https://www.tanko.com.tw/en/products-detail/wb-67/,"{""Top"": ""Rubber top(N)"", ""Panel set"": ""Perforated board+Shelf+Socket+Light""}",W1800xD750xH800mm,Steel,,1,https://www.tanko.com.tw/upload/catalog_package_b/ALL_catalog_package_24C07_vhHEK5prrA.png,C:\Users\User\OneDrive\tanko seo\assets\product\WB-67N6A.png
WB-67N7A,WB-67N7A,Professional Workbench,wb-67,https://www.tanko.com.tw/en/products-detail/wb-67/,"{""Top"": ""Rubber top(N)"", ""Panel set"": ""Parts cabinet+Socket+Light""}",W1800xD750xH800mm,Steel,,1,https://www.tanko.com.tw/upload/catalog_package_b/ALL_catalog_package_24C07_NWw7IgQ9U4.png,C:\Users\User\OneDrive\tanko seo\assets\product\WB-67N7A.png
WB-67F,WB-67F,Professional Workbench,wb-67,https://www.tanko.com.tw/en/products-detail/wb-67/,"{""Top"": ""Laminate top(F)"", ""Panel set"": ""None""}",W1800xD750xH800mm,Steel,,1,https://www.tanko.com.tw/upload/catalog_package_b/ALL_catalog_package_24C07_tkB5qbHtae.png,C:\Users\User\OneDrive\tanko seo\assets\product\WB-67F.png
WB-67F2,WB-67F2,Professional Workbench,wb-67,https://www.tanko.com.tw/en/products-detail/wb-67/,"{""Top"": ""Laminate top(F)"", ""Panel set"": ""Perforated board""}",W1800xD750xH800mm,Steel,,1,https://www.tanko.com.tw/upload/catalog_package_b/ALL_catalog_package_24C07_1KCCNF1M7l.png,C:\Users\User\OneDrive\tanko seo\assets\product\WB-67F2.png
WB-67F3,WB-67F3,Professional Workbench,wb-67,https://www.tanko.com.tw/en/products-detail/wb-67/,"{""Top"": ""Laminate top(F)"", ""Panel set"": ""Perforated board+Shelf""}",W1800xD750xH800mm,Steel,,1,https://www.tanko.com.tw/upload/catalog_package_b/ALL_catalog_package_24C07_XGV9gi8Xzh.png,C:\Users\User\OneDrive\tanko seo\assets\product\WB-67F3.png
WB-67F4A,WB-67F4A,Professional Workbench,wb-67,https://www.tanko.com.tw/en/products-detail/wb-67/,"{""Top"": ""Laminate top(F)"", ""Panel set"": ""Perforated board+Socket""}",W1800xD750xH800mm,Steel,,1,https://www.tanko.com.tw/upload/catalog_package_b/ALL_catalog_package_24C07_W0akYnbLr5.png,C:\Users\User\OneDrive\tanko seo\assets\product\WB-67F4A.png
WB-67F5A,WB-67F5A,Professional Workbench,wb-67,https://www.tanko.com.tw/en/products-detail/wb-67/,"{""Top"": ""Laminate top(F)"", ""Panel set"": ""Perforated board+Shelf+Socket""}",W1800xD750xH800mm,Steel,,1,https://www.tanko.com.tw/upload/catalog_package_b/ALL_catalog_package_24C07_lsDB0H7C2b.png,C:\Users\User\OneDrive\tanko seo\assets\product\WB-67F5A.png
WB-67F6A,WB-67F6A,Professional Workbench,wb-67,https://www.tanko.com.tw/en/products-detail/wb-67/,"{""Top"": ""Laminate top(F)"", ""Panel set"": ""Perforated board+Shelf+Socket+Light""}",W1800xD750xH800mm,Steel,,1,https://www.tanko.com.tw/upload/catalog_package_b/ALL_catalog_package_24C07_g63Kleyvjs.png,C:\Users\User\OneDrive\tanko seo\assets\product\WB-67F6A.png
WB-67F7A,WB-67F7A,Professional Workbench,wb-67,https://www.tanko.com.tw/en/products-detail/wb-67/,"{""Top"": ""Laminate top(F)"", ""Panel set"": ""Parts cabinet+Socket+Light""}",W1800xD750xH800mm,Steel,,1,https://www.tanko.com.tw/upload/catalog_package_b/ALL_catalog_package_24C07_HrDktQPH03.png,C:\Users\User\OneDrive\tanko seo\assets\product\WB-67F7A.png
WB-67W,WB-67W,Professional Workbench,wb-67,https://www.tanko.com.tw/en/products-detail/wb-67/,"{""Top"": ""Wood top(W)"", ""Panel set"": ""None""}",W1800xD750xH800mm,Steel,,1,https://www.tanko.com.tw/upload/catalog_package_b/ALL_catalog_package_24C07_a03Z5Y5Nfx.png,C:\Users\User\OneDrive\tanko seo\assets\product\WB-67W.png
WB-67W2,WB-67W2,Professional Workbench,wb-67,https://www.tanko.com.tw/en/products-detail/wb-67/,"{""Top"": ""Wood top(W)"", ""Panel set"": ""Perforated board""}",W1800xD750xH800mm,Steel,,1,https://www.tanko.com.tw/upload/catalog_package_b/ALL_catalog_package_24C07_CmoW8UpXzI.png,C:\Users\User\OneDrive\tanko seo\assets\product\WB-67W2.png
WB-67W3,WB-67W3,Professional Workbench,wb-67,https://www.tanko.com.tw/en/products-detail/wb-67/,"{""Top"": ""Wood top(W)"", ""Panel set"": ""Perforated board+Shelf""}",W1800xD750xH800mm,Steel,,1,https://www.tanko.com.tw/upload/catalog_package_b/ALL_catalog_package_24C07_qyEsbzCOUa.png,C:\Users\User\OneDrive\tanko seo\assets\product\WB-67W3.png
WB-67W4A,WB-67W4A,Professional Workbench,wb-67,https://www.tanko.com.tw/en/products-detail/wb-67/,"{""Top"": ""Wood top(W)"", ""Panel set"": ""Perforated board+Socket""}",W1800xD750xH800mm,Steel,,1,https://www.tanko.com.tw/upload/catalog_package_b/ALL_catalog_package_24C07_qPPfdXtA3H.png,C:\Users\User\OneDrive\tanko seo\assets\product\WB-67W4A.png
WB-67W5A,WB-67W5A,Professional Workbench,wb-67,https://www.tanko.com.tw/en/products-detail/wb-67/,"{""Top"": ""Wood top(W)"", ""Panel set"": ""Perforated board+Shelf+Socket""}",W1800xD750xH800mm,Steel,,1,https://www.tanko.com.tw/upload/catalog_package_b/ALL_catalog_package_24C07_ukArxYfXdZ.png,C:\Users\User\OneDrive\tanko seo\assets\product\WB-67W5A.png
WB-67W6A,WB-67W6A,Professional Workbench,wb-67,https://www.tanko.com.tw/en/products-detail/wb-67/,"{""Top"": ""Wood top(W)"", ""Panel set"": ""Perforated board+Shelf+Socket+Light""}",W1800xD750xH800mm,Steel,,1,https://www.tanko.com.tw/upload/catalog_package_b/ALL_catalog_package_24C07_hdNrHbzOfF.png,C:\Users\User\OneDrive\tanko seo\assets\product\WB-67W6A.png
WB-67W7A,WB-67W7A,Professional Workbench,wb-67,https://www.tanko.com.tw/en/products-detail/wb-67/,"{""Top"": ""Wood top(W)"", ""Panel set"": ""Parts cabinet+Socket+Light""}",W1800xD750xH800mm,Steel,,1,https://www.tanko.com.tw/upload/catalog_package_b/ALL_catalog_package_24C07_GofJQ8Tyo4.png,C:\Users\User\OneDrive\tanko seo\assets\product\WB-67W7A.png
WB-57N + EGA-7041,WB-57N + EGA-7041,Professional Workbench,wb57-ega,https://www.tanko.com.tw/en/products-detail/wb57-ega/,"{""Top"": ""Rubber top(N)"", ""Panel set"": ""None""}",W1500xD750xH800mm,Steel,,1,https://www.tanko.com.tw/upload/catalog_package_b/ALL_catalog_package_24C07_4eCV3mQ7h2.png,C:\Users\User\OneDrive\tanko seo\assets\product\WB-57N + EGA-7041.png
WB-57N2 + EGA-7041,WB-57N2 + EGA-7041,Professional Workbench,wb57-ega,https://www.tanko.com.tw/en/products-detail/wb57-ega/,"{""Top"": ""Rubber top(N)"", ""Panel set"": ""Perforated board""}",W1500xD750xH800mm,Steel,,1,https://www.tanko.com.tw/upload/catalog_package_b/ALL_catalog_package_24C07_RH8ZOD7NYa.png,C:\Users\User\OneDrive\tanko seo\assets\product\WB-57N2 + EGA-7041.png
WB-57N3 + EGA-7041,WB-57N3 + EGA-7041,Professional Workbench,wb57-ega,https://www.tanko.com.tw/en/products-detail/wb57-ega/,"{""Top"": ""Rubber top(N)"", ""Panel set"": ""Perforated board+Shelf""}",W1500xD750xH800mm,Steel,,1,https://www.tanko.com.tw/upload/catalog_package_b/ALL_catalog_package_24C07_kOzS9qMwgJ.png,C:\Users\User\OneDrive\tanko seo\assets\product\WB-57N3 + EGA-7041.png
WB-57N4A + EGA-7041,WB-57N4A + EGA-7041,Professional Workbench,wb57-ega,https://www.tanko.com.tw/en/products-detail/wb57-ega/,"{""Top"": ""Rubber top(N)"", ""Panel set"": ""Perforated board+Socket""}",W1500xD750xH800mm,Steel,,1,https://www.tanko.com.tw/upload/catalog_package_b/ALL_catalog_package_24C07_BNfGzv7Byb.png,C:\Users\User\OneDrive\tanko seo\assets\product\WB-57N4A + EGA-7041.png
WB-57N5A + EGA-7041,WB-57N5A + EGA-7041,Professional Workbench,wb57-ega,https://www.tanko.com.tw/en/products-detail/wb57-ega/,"{""Top"": ""Rubber top(N)"", ""Panel set"": ""Perforated board+Shelf+Socket""}",W1500xD750xH800mm,Steel,,1,https://www.tanko.com.tw/upload/catalog_package_b/ALL_catalog_package_24C07_WUN9UAlLFe.png,C:\Users\User\OneDrive\tanko seo\assets\product\WB-57N5A + EGA-7041.png
WB-57N6A + EGA-7041,WB-57N6A + EGA-7041,Professional Workbench,wb57-ega,https://www.tanko.com.tw/en/products-detail/wb57-ega/,"{""Top"": ""Rubber top(N)"", ""Panel set"": ""Perforated board+Shelf+Socket+Light""}",W1500xD750xH800mm,Steel,,1,https://www.tanko.com.tw/upload/catalog_package_b/ALL_catalog_package_24C07_Wod0vuzRIi.png,C:\Users\User\OneDrive\tanko seo\assets\product\WB-57N6A + EGA-7041.png
WB-57F + EGA-7041,WB-57F + EGA-7041,Professional Workbench,wb57-ega,https://www.tanko.com.tw/en/products-detail/wb57-ega/,"{""Top"": ""Laminate top(F)"", ""Panel set"": ""None""}",W1500xD750xH800mm,Steel,,1,https://www.tanko.com.tw/upload/catalog_package_b/ALL_catalog_package_24C07_PAMDkYhCjI.png,C:\Users\User\OneDrive\tanko seo\assets\product\WB-57F + EGA-7041.png
WB-57F2 + EGA-7041,WB-57F2 + EGA-7041,Professional Workbench,wb57-ega,https://www.tanko.com.tw/en/products-detail/wb57-ega/,"{""Top"": ""Laminate top(F)"", ""Panel set"": ""Perforated board""}",W1500xD750xH800mm,Steel,,1,https://www.tanko.com.tw/upload/catalog_package_b/ALL_catalog_package_24C07_f5WRsfzUUN.png,C:\Users\User\OneDrive\tanko seo\assets\product\WB-57F2 + EGA-7041.png
WB-57F3 + EGA-7041,WB-57F3 + EGA-7041,Professional Workbench,wb57-ega,https://www.tanko.com.tw/en/products-detail/wb57-ega/,"{""Top"": ""Laminate top(F)"", ""Panel set"": ""Perforated board+Shelf""}",W1500xD750xH800mm,Steel,,1,https://www.tanko.com.tw/upload/catalog_package_b/ALL_catalog_package_24C07_4JiQiqwMsL.png,C:\Users\User\OneDrive\tanko seo\assets\product\WB-57F3 + EGA-7041.png
WB-57F4A + EGA-7041,WB-57F4A + EGA-7041,Professional Workbench,wb57-ega,https://www.tanko.com.tw/en/products-detail/wb57-ega/,"{""Top"": ""Laminate top(F)"", ""Panel set"": ""Perforated board+Socket""}",W1500xD750xH800mm,Steel,,1,https://www.tanko.com.tw/upload/catalog_package_b/ALL_catalog_package_24C07_vTeHLEvTI3.png,C:\Users\User\OneDrive\tanko seo\assets\product\WB-57F4A + EGA-7041.png
WB-57F5A + EGA-7041,WB-57F5A + EGA-7041,Professional Workbench,wb57-ega,https://www.tanko.com.tw/en/products-detail/wb57-ega/,"{""Top"": ""Laminate top(F)"", ""Panel set"": ""Perforated board+Shelf+Socket""}",W1500xD750xH800mm,Steel,,1,https://www.tanko.com.tw/upload/catalog_package_b/ALL_catalog_package_24C07_iV1wpJJ2EK.png,C:\Users\User\OneDrive\tanko seo\assets\product\WB-57F5A + EGA-7041.png
WB-57F6A + EGA-7041,WB-57F6A + EGA-7041,Professional Workbench,wb57-ega,https://www.tanko.com.tw/en/products-detail/wb57-ega/,"{""Top"": ""Laminate top(F)"", ""Panel set"": ""Perforated board+Shelf+Socket+Light""}",W1500xD750xH800mm,Steel,,1,https://www.tanko.com.tw/upload/catalog_package_b/ALL_catalog_package_24C07_ZeQ1MGwSG8.png,C:\Users\User\OneDrive\tanko seo\assets\product\WB-57F6A + EGA-7041.png
WB-57W + EGA-7041,WB-57W + EGA-7041,Professional Workbench,wb57-ega,https://www.tanko.com.tw/en/products-detail/wb57-ega/,"{""Top"": ""Wood top(W)"", ""Panel set"": ""None""}",W1500xD750xH800mm,Steel,,1,https://www.tanko.com.tw/upload/catalog_package_b/ALL_catalog_package_24C07_z1txHm3ICn.png,C:\Users\User\OneDrive\tanko seo\assets\product\WB-57W + EGA-7041.png
WB-57W2 + EGA-7041,WB-57W2 + EGA-7041,Professional Workbench,wb57-ega,https://www.tanko.com.tw/en/products-detail/wb57-ega/,"{""Top"": ""Wood top(W)"", ""Panel set"": ""Perforated board""}",W1500xD750xH800mm,Steel,,1,https://www.tanko.com.tw/upload/catalog_package_b/ALL_catalog_package_24C07_HAhLl5MFSq.png,C:\Users\User\OneDrive\tanko seo\assets\product\WB-57W2 + EGA-7041.png
WB-57W3 + EGA-7041,WB-57W3 + EGA-7041,Professional Workbench,wb57-ega,https://www.tanko.com.tw/en/products-detail/wb57-ega/,"{""Top"": ""Wood top(W)"", ""Panel set"": ""Perforated board+Shelf""}",W1500xD750xH800mm,Steel,,1,https://www.tanko.com.tw/upload/catalog_package_b/ALL_catalog_package_24C07_bqFrEs9a5g.png,C:\Users\User\OneDrive\tanko seo\assets\product\WB-57W3 + EGA-7041.png
WB-57W4A + EGA-7041,WB-57W4A + EGA-7041,Professional Workbench,wb57-ega,https://www.tanko.com.tw/en/products-detail/wb57-ega/,"{""Top"": ""Wood top(W)"", ""Panel set"": ""Perforated board+Socket""}",W1500xD750xH800mm,Steel,,1,https://www.tanko.com.tw/upload/catalog_package_b/ALL_catalog_package_24C07_bmOJta4Viv.png,C:\Users\User\OneDrive\tanko seo\assets\product\WB-57W4A + EGA-7041.png
WB-57W5A + EGA-7041,WB-57W5A + EGA-7041,Professional Workbench,wb57-ega,https://www.tanko.com.tw/en/products-detail/wb57-ega/,"{""Top"": ""Wood top(W)"", ""Panel set"": ""Perforated board+Shelf+Socket""}",W1500xD750xH800mm,Steel,,1,https://www.tanko.com.tw/upload/catalog_package_b/ALL_catalog_package_24C07_iQLV1mF61z.png,C:\Users\User\OneDrive\tanko seo\assets\product\WB-57W5A + EGA-7041.png
WB-57W6A + EGA-7041,WB-57W6A + EGA-7041,Professional Workbench,wb57-ega,https://www.tanko.com.tw/en/products-detail/wb57-ega/,"{""Top"": ""Wood top(W)"", ""Panel set"": ""Perforated board+Shelf+Socket+Light""}",W1500xD750xH800mm,Steel,,1,https://www.tanko.com.tw/upload/catalog_package_b/ALL_catalog_package_24C07_utt5j75YyU.png,C:\Users\User\OneDrive\tanko seo\assets\product\WB-57W6A + EGA-7041.png
WB-67N + EGA-7041,WB-67N + EGA-7041,Professional Workbench,wb67-ega,https://www.tanko.com.tw/en/products-detail/wb67-ega/,"{""Top"": ""Rubber top(N)"", ""Panel set"": ""None""}",W1800xD750xH800mm,Steel,,1,https://www.tanko.com.tw/upload/catalog_package_b/ALL_catalog_package_24C07_HtCNvhYVY0.png,C:\Users\User\OneDrive\tanko seo\assets\product\WB-67N + EGA-7041.png
WB-67N2 + EGA-7041,WB-67N2 + EGA-7041,Professional Workbench,wb67-ega,https://www.tanko.com.tw/en/products-detail/wb67-ega/,"{""Top"": ""Rubber top(N)"", ""Panel set"": ""Perforated board""}",W1800xD750xH800mm,Steel,,1,https://www.tanko.com.tw/upload/catalog_package_b/ALL_catalog_package_24C07_QOaJhbTOR9.png,C:\Users\User\OneDrive\tanko seo\assets\product\WB-67N2 + EGA-7041.png
WB-67N3 + EGA-7041,WB-67N3 + EGA-7041,Professional Workbench,wb67-ega,https://www.tanko.com.tw/en/products-detail/wb67-ega/,"{""Top"": ""Rubber top(N)"", ""Panel set"": ""Perforated board+Shelf""}",W1800xD750xH800mm,Steel,,1,https://www.tanko.com.tw/upload/catalog_package_b/ALL_catalog_package_24C07_f3jE0diyx8.png,C:\Users\User\OneDrive\tanko seo\assets\product\WB-67N3 + EGA-7041.png
WB-67N4A + EGA-7041,WB-67N4A + EGA-7041,Professional Workbench,wb67-ega,https://www.tanko.com.tw/en/products-detail/wb67-ega/,"{""Top"": ""Rubber top(N)"", ""Panel set"": ""Perforated board+Socket""}",W1800xD750xH800mm,Steel,,1,https://www.tanko.com.tw/upload/catalog_package_b/ALL_catalog_package_24C07_EdwUiim8Ab.png,C:\Users\User\OneDrive\tanko seo\assets\product\WB-67N4A + EGA-7041.png
WB-67N5A + EGA-7041,WB-67N5A + EGA-7041,Professional Workbench,wb67-ega,https://www.tanko.com.tw/en/products-detail/wb67-ega/,"{""Top"": ""Rubber top(N)"", ""Panel set"": ""Perforated board+Shelf+Socket""}",W1800xD750xH800mm,Steel,,1,https://www.tanko.com.tw/upload/catalog_package_b/ALL_catalog_package_24C07_aFGSbEsOsQ.png,C:\Users\User\OneDrive\tanko seo\assets\product\WB-67N5A + EGA-7041.png
WB-67N6A + EGA-7041,WB-67N6A + EGA-7041,Professional Workbench,wb67-ega,https://www.tanko.com.tw/en/products-detail/wb67-ega/,"{""Top"": ""Rubber top(N)"", ""Panel set"": ""Perforated board+Shelf+Socket+Light""}",W1800xD750xH800mm,Steel,,1,https://www.tanko.com.tw/upload/catalog_package_b/ALL_catalog_package_24C07_ASn8aD3Sar.png,C:\Users\User\OneDrive\tanko seo\assets\product\WB-67N6A + EGA-7041.png
WB-67N7A + EGA-7041,WB-67N7A + EGA-7041,Professional Workbench,wb67-ega,https://www.tanko.com.tw/en/products-detail/wb67-ega/,"{""Top"": ""Rubber top(N)"", ""Panel set"": ""Parts cabinet+Socket+Light""}",W1800xD750xH800mm,Steel,,1,https://www.tanko.com.tw/upload/catalog_package_b/ALL_catalog_package_24C07_GmdRKhjdmo.png,C:\Users\User\OneDrive\tanko seo\assets\product\WB-67N7A + EGA-7041.png
WB-67F + EGA-7041,WB-67F + EGA-7041,Professional Workbench,wb67-ega,https://www.tanko.com.tw/en/products-detail/wb67-ega/,"{""Top"": ""Laminate top(F)"", ""Panel set"": ""None""}",W1800xD750xH800mm,Steel,,1,https://www.tanko.com.tw/upload/catalog_package_b/ALL_catalog_package_24C07_LEMcGmxSqL.png,C:\Users\User\OneDrive\tanko seo\assets\product\WB-67F + EGA-7041.png
WB-67F2 + EGA-7041,WB-67F2 + EGA-7041,Professional Workbench,wb67-ega,https://www.tanko.com.tw/en/products-detail/wb67-ega/,"{""Top"": ""Laminate top(F)"", ""Panel set"": ""Perforated board""}",W1800xD750xH800mm,Steel,,1,https://www.tanko.com.tw/upload/catalog_package_b/ALL_catalog_package_24C07_jnXOsmaVcK.png,C:\Users\User\OneDrive\tanko seo\assets\product\WB-67F2 + EGA-7041.png
WB-67F3 + EGA-7041,WB-67F3 + EGA-7041,Professional Workbench,wb67-ega,https://www.tanko.com.tw/en/products-detail/wb67-ega/,"{""Top"": ""Laminate top(F)"", ""Panel set"": ""Perforated board+Shelf""}",W1800xD750xH800mm,Steel,,1,https://www.tanko.com.tw/upload/catalog_package_b/ALL_catalog_package_24C07_zEtdo8R2X0.png,C:\Users\User\OneDrive\tanko seo\assets\product\WB-67F3 + EGA-7041.png
WB-67F4A + EGA-7041,WB-67F4A + EGA-7041,Professional Workbench,wb67-ega,https://www.tanko.com.tw/en/products-detail/wb67-ega/,"{""Top"": ""Laminate top(F)"", ""Panel set"": ""Perforated board+Socket""}",W1800xD750xH800mm,Steel,,1,https://www.tanko.com.tw/upload/catalog_package_b/ALL_catalog_package_24C07_hHiQZC7mlB.png,C:\Users\User\OneDrive\tanko seo\assets\product\WB-67F4A + EGA-7041.png
WB-67F5A + EGA-7041,WB-67F5A + EGA-7041,Professional Workbench,wb67-ega,https://www.tanko.com.tw/en/products-detail/wb67-ega/,"{""Top"": ""Laminate top(F)"", ""Panel set"": ""Perforated board+Shelf+Socket""}",W1800xD750xH800mm,Steel,,1,https://www.tanko.com.tw/upload/catalog_package_b/ALL_catalog_package_24C07_209qxt3XfM.png,C:\Users\User\OneDrive\tanko seo\assets\product\WB-67F5A + EGA-7041.png
WB-67F6A + EGA-7041,WB-67F6A + EGA-7041,Professional Workbench,wb67-ega,https://www.tanko.com.tw/en/products-detail/wb67-ega/,"{""Top"": ""Laminate top(F)"", ""Panel set"": ""Perforated board+Shelf+Socket+Light""}",W1800xD750xH800mm,Steel,,1,https://www.tanko.com.tw/upload/catalog_package_b/ALL_catalog_package_24C07_5AEBVPgDRb.png,C:\Users\User\OneDrive\tanko seo\assets\product\WB-67F6A + EGA-7041.png
WB-67F7A + EGA-7041,WB-67F7A + EGA-7041,Professional Workbench,wb67-ega,https://www.tanko.com.tw/en/products-detail/wb67-ega/,"{""Top"": ""Laminate top(F)"", ""Panel set"": ""Parts cabinet+Socket+Light""}",W1800xD750xH800mm,Steel,,1,https://www.tanko.com.tw/upload/catalog_package_b/ALL_catalog_package_24C07_uAbClQYOiv.png,C:\Users\User\OneDrive\tanko seo\assets\product\WB-67F7A + EGA-7041.png
WB-67W+EGA-7041,WB-67W+EGA-7041,Professional Workbench,wb67-ega,https://www.tanko.com.tw/en/products-detail/wb67-ega/,"{""Top"": ""Wood top(W)"", ""Panel set"": ""None""}",W1800xD750xH800mm,Steel,,1,https://www.tanko.com.tw/upload/catalog_package_b/ALL_catalog_package_24C07_gfOWeOwFNk.png,C:\Users\User\OneDrive\tanko seo\assets\product\WB-67W+EGA-7041.png
WB-67W2 + EGA-7041,WB-67W2 + EGA-7041,Professional Workbench,wb67-ega,https://www.tanko.com.tw/en/products-detail/wb67-ega/,"{""Top"": ""Wood top(W)"", ""Panel set"": ""Perforated board""}",W1800xD750xH800mm,Steel,,1,https://www.tanko.com.tw/upload/catalog_package_b/ALL_catalog_package_24C07_KjYoqTAyiD.png,C:\Users\User\OneDrive\tanko seo\assets\product\WB-67W2 + EGA-7041.png
WB-67W3 + EGA-7041,WB-67W3 + EGA-7041,Professional Workbench,wb67-ega,https://www.tanko.com.tw/en/products-detail/wb67-ega/,"{""Top"": ""Wood top(W)"", ""Panel set"": ""Perforated board+Shelf""}",W1800xD750xH800mm,Steel,,1,https://www.tanko.com.tw/upload/catalog_package_b/ALL_catalog_package_24C07_NDA9IUGX0b.png,C:\Users\User\OneDrive\tanko seo\assets\product\WB-67W3 + EGA-7041.png
WB-67W4A + EGA-7041,WB-67W4A + EGA-7041,Professional Workbench,wb67-ega,https://www.tanko.com.tw/en/products-detail/wb67-ega/,"{""Top"": ""Wood top(W)"", ""Panel set"": ""Perforated board+Socket""}",W1800xD750xH800mm,Steel,,1,https://www.tanko.com.tw/upload/catalog_package_b/ALL_catalog_package_24C07_dPgrgogh5E.png,C:\Users\User\OneDrive\tanko seo\assets\product\WB-67W4A + EGA-7041.png
WB-67W5A + EGA-7041,WB-67W5A + EGA-7041,Professional Workbench,wb67-ega,https://www.tanko.com.tw/en/products-detail/wb67-ega/,"{""Top"": ""Wood top(W)"", ""Panel set"": ""Perforated board+Shelf+Socket""}",W1800xD750xH800mm,Steel,,1,https://www.tanko.com.tw/upload/catalog_package_b/ALL_catalog_package_24C07_maGulIKOsJ.png,C:\Users\User\OneDrive\tanko seo\assets\product\WB-67W5A + EGA-7041.png
WB-67W6A + EGA-7041,WB-67W6A + EGA-7041,Professional Workbench,wb67-ega,https://www.tanko.com.tw/en/products-detail/wb67-ega/,"{""Top"": ""Wood top(W)"", ""Panel set"": ""Perforated board+Shelf+Socket+Light""}",W1800xD750xH800mm,Steel,,1,https://www.tanko.com.tw/upload/catalog_package_b/ALL_catalog_package_24C07_tA9jOoNps6.png,C:\Users\User\OneDrive\tanko seo\assets\product\WB-67W6A + EGA-7041.png
WB-67W7A + EGA-7041,WB-67W7A + EGA-7041,Professional Workbench,wb67-ega,https://www.tanko.com.tw/en/products-detail/wb67-ega/,"{""Top"": ""Wood top(W)"", ""Panel set"": ""Parts cabinet+Socket+Light""}",W1800xD750xH800mm,Steel,,1,https://www.tanko.com.tw/upload/catalog_package_b/ALL_catalog_package_24C07_DGl4paBLvA.png,C:\Users\User\OneDrive\tanko seo\assets\product\WB-67W7A + EGA-7041.png
WBS-53022N,WBS-53022N,Professional Workbench,wbs-53022,https://www.tanko.com.tw/en/products-detail/wbs-53022/,"{""Top"": ""Rubber top(N)"", ""Panel set"": ""None""}",W1500xD750xH800mm,Steel,,1,https://www.tanko.com.tw/upload/catalog_package_b/ALL_catalog_package_26H19_GPa7AJGk4B.png,C:\Users\User\OneDrive\tanko seo\assets\product\WBS-53022N.png
WBS-53022N2,WBS-53022N2,Professional Workbench,wbs-53022,https://www.tanko.com.tw/en/products-detail/wbs-53022/,"{""Top"": ""Rubber top(N)"", ""Panel set"": ""Perforated board""}",W1500xD750xH800mm,Steel,,1,https://www.tanko.com.tw/upload/catalog_package_b/ALL_catalog_package_26H19_h5IdAVHNHb.png,C:\Users\User\OneDrive\tanko seo\assets\product\WBS-53022N2.png
WBS-53022N3,WBS-53022N3,Professional Workbench,wbs-53022,https://www.tanko.com.tw/en/products-detail/wbs-53022/,"{""Top"": ""Rubber top(N)"", ""Panel set"": ""Perforated board+Shelf""}",W1500xD750xH800mm,Steel,,1,https://www.tanko.com.tw/upload/catalog_package_b/ALL_catalog_package_26H19_yHNQ42mKDl.png,C:\Users\User\OneDrive\tanko seo\assets\product\WBS-53022N3.png
WBS-53022N4A,WBS-53022N4A,Professional Workbench,wbs-53022,https://www.tanko.com.tw/en/products-detail/wbs-53022/,"{""Top"": ""Rubber top(N)"", ""Panel set"": ""Perforated board+Socket""}",W1500xD750xH800mm,Steel,,1,https://www.tanko.com.tw/upload/catalog_package_b/ALL_catalog_package_26H19_dO1P6tjXJ8.png,C:\Users\User\OneDrive\tanko seo\assets\product\WBS-53022N4A.png
WBS-53022N5A,WBS-53022N5A,Professional Workbench,wbs-53022,https://www.tanko.com.tw/en/products-detail/wbs-53022/,"{""Top"": ""Rubber top(N)"", ""Panel set"": ""Perforated board+Shelf+Socket""}",W1500xD750xH800mm,Steel,,1,https://www.tanko.com.tw/upload/catalog_package_b/ALL_catalog_package_26H19_H9cuA2VXfz.png,C:\Users\User\OneDrive\tanko seo\assets\product\WBS-53022N5A.png
WBS-53022N6A,WBS-53022N6A,Professional Workbench,wbs-53022,https://www.tanko.com.tw/en/products-detail/wbs-53022/,"{""Top"": ""Rubber top(N)"", ""Panel set"": ""Perforated board+Shelf+Socket+Light""}",W1500xD750xH800mm,Steel,,1,https://www.tanko.com.tw/upload/catalog_package_b/ALL_catalog_package_26H19_bCgVecphGZ.png,C:\Users\User\OneDrive\tanko seo\assets\product\WBS-53022N6A.png
WBS-53022F,WBS-53022F,Professional Workbench,wbs-53022,https://www.tanko.com.tw/en/products-detail/wbs-53022/,"{""Top"": ""Laminate top(F)"", ""Panel set"": ""None""}",W1500xD750xH800mm,Steel,,1,https://www.tanko.com.tw/upload/catalog_package_b/ALL_catalog_package_26H19_hgxszjKJxA.png,C:\Users\User\OneDrive\tanko seo\assets\product\WBS-53022F.png
WBS-53022F2,WBS-53022F2,Professional Workbench,wbs-53022,https://www.tanko.com.tw/en/products-detail/wbs-53022/,"{""Top"": ""Laminate top(F)"", ""Panel set"": ""Perforated board""}",W1500xD750xH800mm,Steel,,1,https://www.tanko.com.tw/upload/catalog_package_b/ALL_catalog_package_26H19_91ej9H3QBp.png,C:\Users\User\OneDrive\tanko seo\assets\product\WBS-53022F2.png
WBS-53022F3,WBS-53022F3,Professional Workbench,wbs-53022,https://www.tanko.com.tw/en/products-detail/wbs-53022/,"{""Top"": ""Laminate top(F)"", ""Panel set"": ""Perforated board+Shelf""}",W1500xD750xH800mm,Steel,,1,https://www.tanko.com.tw/upload/catalog_package_b/ALL_catalog_package_26H19_vaPHzHwZn7.png,C:\Users\User\OneDrive\tanko seo\assets\product\WBS-53022F3.png
WBS-53022F4A,WBS-53022F4A,Professional Workbench,wbs-53022,https://www.tanko.com.tw/en/products-detail/wbs-53022/,"{""Top"": ""Laminate top(F)"", ""Panel set"": ""Perforated board+Socket""}",W1500xD750xH800mm,Steel,,1,https://www.tanko.com.tw/upload/catalog_package_b/ALL_catalog_package_26H19_Ju3S5T8CUg.png,C:\Users\User\OneDrive\tanko seo\assets\product\WBS-53022F4A.png
WBS-53022F5A,WBS-53022F5A,Professional Workbench,wbs-53022,https://www.tanko.com.tw/en/products-detail/wbs-53022/,"{""Top"": ""Laminate top(F)"", ""Panel set"": ""Perforated board+Shelf+Socket""}",W1500xD750xH800mm,Steel,,1,https://www.tanko.com.tw/upload/catalog_package_b/ALL_catalog_package_26H19_hL0fU6zxnw.png,C:\Users\User\OneDrive\tanko seo\assets\product\WBS-53022F5A.png
WBS-53022F6A,WBS-53022F6A,Professional Workbench,wbs-53022,https://www.tanko.com.tw/en/products-detail/wbs-53022/,"{""Top"": ""Laminate top(F)"", ""Panel set"": ""Perforated board+Shelf+Socket+Light""}",W1500xD750xH800mm,Steel,,1,https://www.tanko.com.tw/upload/catalog_package_b/ALL_catalog_package_26H19_4sxROLXBAJ.png,C:\Users\User\OneDrive\tanko seo\assets\product\WBS-53022F6A.png
WBS-53022W,WBS-53022W,Professional Workbench,wbs-53022,https://www.tanko.com.tw/en/products-detail/wbs-53022/,"{""Top"": ""Wood top(W)"", ""Panel set"": ""None""}",W1500xD750xH800mm,Steel,,1,https://www.tanko.com.tw/upload/catalog_package_b/ALL_catalog_package_26H19_Qno51RnXGW.png,C:\Users\User\OneDrive\tanko seo\assets\product\WBS-53022W.png
WBS-53022W2,WBS-53022W2,Professional Workbench,wbs-53022,https://www.tanko.com.tw/en/products-detail/wbs-53022/,"{""Top"": ""Wood top(W)"", ""Panel set"": ""Perforated board""}",W1500xD750xH800mm,Steel,,1,https://www.tanko.com.tw/upload/catalog_package_b/ALL_catalog_package_26H19_mCIwb117VJ.png,C:\Users\User\OneDrive\tanko seo\assets\product\WBS-53022W2.png
WBS-53022W3,WBS-53022W3,Professional Workbench,wbs-53022,https://www.tanko.com.tw/en/products-detail/wbs-53022/,"{""Top"": ""Wood top(W)"", ""Panel set"": ""Perforated board+Shelf""}",W1500xD750xH800mm,Steel,,1,https://www.tanko.com.tw/upload/catalog_package_b/ALL_catalog_package_26H19_lrNOdQtvsO.png,C:\Users\User\OneDrive\tanko seo\assets\product\WBS-53022W3.png
WBS-53022W4A,WBS-53022W4A,Professional Workbench,wbs-53022,https://www.tanko.com.tw/en/products-detail/wbs-53022/,"{""Top"": ""Wood top(W)"", ""Panel set"": ""Perforated board+Socket""}",W1500xD750xH800mm,Steel,,1,https://www.tanko.com.tw/upload/catalog_package_b/ALL_catalog_package_26H19_PAs7XJYx8t.png,C:\Users\User\OneDrive\tanko seo\assets\product\WBS-53022W4A.png
WBS-53022W5A,WBS-53022W5A,Professional Workbench,wbs-53022,https://www.tanko.com.tw/en/products-detail/wbs-53022/,"{""Top"": ""Wood top(W)"", ""Panel set"": ""Perforated board+Shelf+Socket""}",W1500xD750xH800mm,Steel,,1,https://www.tanko.com.tw/upload/catalog_package_b/ALL_catalog_package_26H19_zLzFQ5bBQc.png,C:\Users\User\OneDrive\tanko seo\assets\product\WBS-53022W5A.png
WBS-53022W6A,WBS-53022W6A,Professional Workbench,wbs-53022,https://www.tanko.com.tw/en/products-detail/wbs-53022/,"{""Top"": ""Wood top(W)"", ""Panel set"": ""Perforated board+Shelf+Socket+Light""}",W1500xD750xH800mm,Steel,,1,https://www.tanko.com.tw/upload/catalog_package_b/ALL_catalog_package_26H19_FDKZCTegKb.png,C:\Users\User\OneDrive\tanko seo\assets\product\WBS-53022W6A.png
WBS-63022N,WBS-63022N,Professional Workbench,wbs-63022,https://www.tanko.com.tw/en/products-detail/wbs-63022/,"{""Top"": ""Rubber top(N)"", ""Panel set"": ""None""}",W1800xD750xH800mm,Steel,,1,https://www.tanko.com.tw/upload/catalog_package_b/ALL_catalog_package_26H20_rDbgeQJ16O.png,C:\Users\User\OneDrive\tanko seo\assets\product\WBS-63022N.png
WBS-63022N2,WBS-63022N2,Professional Workbench,wbs-63022,https://www.tanko.com.tw/en/products-detail/wbs-63022/,"{""Top"": ""Rubber top(N)"", ""Panel set"": ""Perforated board""}",W1800xD750xH800mm,Steel,,1,https://www.tanko.com.tw/upload/catalog_package_b/ALL_catalog_package_26H20_ckNfj33K6V.png,C:\Users\User\OneDrive\tanko seo\assets\product\WBS-63022N2.png
WBS-63022N3,WBS-63022N3,Professional Workbench,wbs-63022,https://www.tanko.com.tw/en/products-detail/wbs-63022/,"{""Top"": ""Rubber top(N)"", ""Panel set"": ""Perforated board+Shelf""}",W1800xD750xH800mm,Steel,,1,https://www.tanko.com.tw/upload/catalog_package_b/ALL_catalog_package_26H20_TOVDgI8CFI.png,C:\Users\User\OneDrive\tanko seo\assets\product\WBS-63022N3.png
WBS-63022N4A,WBS-63022N4A,Professional Workbench,wbs-63022,https://www.tanko.com.tw/en/products-detail/wbs-63022/,"{""Top"": ""Rubber top(N)"", ""Panel set"": ""Perforated board+Socket""}",W1800xD750xH800mm,Steel,,1,https://www.tanko.com.tw/upload/catalog_package_b/ALL_catalog_package_26H20_QaFwtPTUw3.png,C:\Users\User\OneDrive\tanko seo\assets\product\WBS-63022N4A.png
WBS-63022N5A,WBS-63022N5A,Professional Workbench,wbs-63022,https://www.tanko.com.tw/en/products-detail/wbs-63022/,"{""Top"": ""Rubber top(N)"", ""Panel set"": ""Perforated board+Shelf+Socket""}",W1800xD750xH800mm,Steel,,1,https://www.tanko.com.tw/upload/catalog_package_b/ALL_catalog_package_26H20_6f4oh7gCJk.png,C:\Users\User\OneDrive\tanko seo\assets\product\WBS-63022N5A.png
WBS-63022N6A,WBS-63022N6A,Professional Workbench,wbs-63022,https://www.tanko.com.tw/en/products-detail/wbs-63022/,"{""Top"": ""Rubber top(N)"", ""Panel set"": ""Perforated board+Shelf+Socket+Light""}",W1800xD750xH800mm,Steel,,1,https://www.tanko.com.tw/upload/catalog_package_b/ALL_catalog_package_26H20_4ogFLgTjrK.png,C:\Users\User\OneDrive\tanko seo\assets\product\WBS-63022N6A.png
WBS-63022N7A,WBS-63022N7A,Professional Workbench,wbs-63022,https://www.tanko.com.tw/en/products-detail/wbs-63022/,"{""Top"": ""Rubber top(N)"", ""Panel set"": ""Parts cabinet+Socket+Light""}",W1800xD750xH800mm,Steel,,1,https://www.tanko.com.tw/upload/catalog_package_b/ALL_catalog_package_26H20_aoPGvCf0cF.png,C:\Users\User\OneDrive\tanko seo\assets\product\WBS-63022N7A.png
WBS-63022F,WBS-63022F,Professional Workbench,wbs-63022,https://www.tanko.com.tw/en/products-detail/wbs-63022/,"{""Top"": ""Laminate top(F)"", ""Panel set"": ""None""}",W1800xD750xH800mm,Steel,,1,https://www.tanko.com.tw/upload/catalog_package_b/ALL_catalog_package_26H20_xgf3HfQblJ.png,C:\Users\User\OneDrive\tanko seo\assets\product\WBS-63022F.png
WBS-63022F2,WBS-63022F2,Professional Workbench,wbs-63022,https://www.tanko.com.tw/en/products-detail/wbs-63022/,"{""Top"": ""Laminate top(F)"", ""Panel set"": ""Perforated board""}",W1800xD750xH800mm,Steel,,1,https://www.tanko.com.tw/upload/catalog_package_b/ALL_catalog_package_26H20_7tYhZtGa9Z.png,C:\Users\User\OneDrive\tanko seo\assets\product\WBS-63022F2.png
WBS-63022F3,WBS-63022F3,Professional Workbench,wbs-63022,https://www.tanko.com.tw/en/products-detail/wbs-63022/,"{""Top"": ""Laminate top(F)"", ""Panel set"": ""Perforated board+Shelf""}",W1800xD750xH800mm,Steel,,1,https://www.tanko.com.tw/upload/catalog_package_b/ALL_catalog_package_26H20_EXL4CgIB3h.png,C:\Users\User\OneDrive\tanko seo\assets\product\WBS-63022F3.png
WBS-63022F4A,WBS-63022F4A,Professional Workbench,wbs-63022,https://www.tanko.com.tw/en/products-detail/wbs-63022/,"{""Top"": ""Laminate top(F)"", ""Panel set"": ""Perforated board+Socket""}",W1800xD750xH800mm,Steel,,1,https://www.tanko.com.tw/upload/catalog_package_b/ALL_catalog_package_26H20_SuOKJwMTRa.png,C:\Users\User\OneDrive\tanko seo\assets\product\WBS-63022F4A.png
WBS-63022F5A,WBS-63022F5A,Professional Workbench,wbs-63022,https://www.tanko.com.tw/en/products-detail/wbs-63022/,"{""Top"": ""Laminate top(F)"", ""Panel set"": ""Perforated board+Shelf+Socket""}",W1800xD750xH800mm,Steel,,1,https://www.tanko.com.tw/upload/catalog_package_b/ALL_catalog_package_26H20_iBo9Asla3G.png,C:\Users\User\OneDrive\tanko seo\assets\product\WBS-63022F5A.png
WBS-63022F6A,WBS-63022F6A,Professional Workbench,wbs-63022,https://www.tanko.com.tw/en/products-detail/wbs-63022/,"{""Top"": ""Laminate top(F)"", ""Panel set"": ""Perforated board+Shelf+Socket+Light""}",W1800xD750xH800mm,Steel,,1,https://www.tanko.com.tw/upload/catalog_package_b/ALL_catalog_package_26H20_GNhMouHmTU.png,C:\Users\User\OneDrive\tanko seo\assets\product\WBS-63022F6A.png
WBS-63022F7A,WBS-63022F7A,Professional Workbench,wbs-63022,https://www.tanko.com.tw/en/products-detail/wbs-63022/,"{""Top"": ""Laminate top(F)"", ""Panel set"": ""Parts cabinet+Socket+Light""}",W1800xD750xH800mm,Steel,,1,https://www.tanko.com.tw/upload/catalog_package_b/ALL_catalog_package_26H20_NBk39Ukv98.png,C:\Users\User\OneDrive\tanko seo\assets\product\WBS-63022F7A.png
WBS-63022W,WBS-63022W,Professional Workbench,wbs-63022,https://www.tanko.com.tw/en/products-detail/wbs-63022/,"{""Top"": ""Wood top(W)"", ""Panel set"": ""None""}",W1800xD750xH800mm,Steel,,1,https://www.tanko.com.tw/upload/catalog_package_b/ALL_catalog_package_26H20_wLbK4AG5kR.png,C:\Users\User\OneDrive\tanko seo\assets\product\WBS-63022W.png
WBS-63022W2,WBS-63022W2,Professional Workbench,wbs-63022,https://www.tanko.com.tw/en/products-detail/wbs-63022/,"{""Top"": ""Wood top(W)"", ""Panel set"": ""Perforated board""}",W1800xD750xH800mm,Steel,,1,https://www.tanko.com.tw/upload/catalog_package_b/ALL_catalog_package_26H20_GLmw8JOL2U.png,C:\Users\User\OneDrive\tanko seo\assets\product\WBS-63022W2.png
WBS-63022W3,WBS-63022W3,Professional Workbench,wbs-63022,https://www.tanko.com.tw/en/products-detail/wbs-63022/,"{""Top"": ""Wood top(W)"", ""Panel set"": ""Perforated board+Shelf""}",W1800xD750xH800mm,Steel,,1,https://www.tanko.com.tw/upload/catalog_package_b/ALL_catalog_package_26H20_IidJO281z7.png,C:\Users\User\OneDrive\tanko seo\assets\product\WBS-63022W3.png
WBS-63022W4A,WBS-63022W4A,Professional Workbench,wbs-63022,https://www.tanko.com.tw/en/products-detail/wbs-63022/,"{""Top"": ""Wood top(W)"", ""Panel set"": ""Perforated board+Socket""}",W1800xD750xH800mm,Steel,,1,https://www.tanko.com.tw/upload/catalog_package_b/ALL_catalog_package_26H20_GCnrvmmeRj.png,C:\Users\User\OneDrive\tanko seo\assets\product\WBS-63022W4A.png
WBS-63022W5A,WBS-63022W5A,Professional Workbench,wbs-63022,https://www.tanko.com.tw/en/products-detail/wbs-63022/,"{""Top"": ""Wood top(W)"", ""Panel set"": ""Perforated board+Shelf+Socket""}",W1800xD750xH800mm,Steel,,1,https://www.tanko.com.tw/upload/catalog_package_b/ALL_catalog_package_26H20_jiuyu6xwzF.png,C:\Users\User\OneDrive\tanko seo\assets\product\WBS-63022W5A.png
WBS-63022W6A,WBS-63022W6A,Professional Workbench,wbs-63022,https://www.tanko.com.tw/en/products-detail/wbs-63022/,"{""Top"": ""Wood top(W)"", ""Panel set"": ""Perforated board+Shelf+Socket+Light""}",W1800xD750xH800mm,Steel,,1,https://www.tanko.com.tw/upload/catalog_package_b/ALL_catalog_package_26H20_w3hnfcdhJ5.png,C:\Users\User\OneDrive\tanko seo\assets\product\WBS-63022W6A.png
WBS-63022W7A,WBS-63022W7A,Professional Workbench,wbs-63022,https://www.tanko.com.tw/en/products-detail/wbs-63022/,"{""Top"": ""Wood top(W)"", ""Panel set"": ""Parts cabinet+Socket+Light""}",W1800xD750xH800mm,Steel,,1,https://www.tanko.com.tw/upload/catalog_package_b/ALL_catalog_package_26H20_aZc8MaDO5M.png,C:\Users\User\OneDrive\tanko seo\assets\product\WBS-63022W7A.png
WBT-5203N,WBT-5203N,Professional Workbench,wbt-5203,https://www.tanko.com.tw/en/products-detail/wbt-5203/,"{""Top"": ""Rubber top(N)"", ""Panel set"": ""None""}",W1500xD750xH1400mm,,,1,https://www.tanko.com.tw/upload/catalog_package_b/ALL_catalog_package_24C07_LIHXMPsUWB.png,C:\Users\User\OneDrive\tanko seo\assets\product\WBT-5203N.png
WBT-5203N2,WBT-5203N2,Professional Workbench,wbt-5203,https://www.tanko.com.tw/en/products-detail/wbt-5203/,"{""Top"": ""Rubber top(N)"", ""Panel set"": ""Perforated board""}",W1500xD750xH1400mm,,,1,https://www.tanko.com.tw/upload/catalog_package_b/ALL_catalog_package_24C07_3Z4eqTM7qR.png,C:\Users\User\OneDrive\tanko seo\assets\product\WBT-5203N2.png
WBT-5203N3,WBT-5203N3,Professional Workbench,wbt-5203,https://www.tanko.com.tw/en/products-detail/wbt-5203/,"{""Top"": ""Rubber top(N)"", ""Panel set"": ""Perforated board+Shelf""}",W1500xD750xH1400mm,,,1,https://www.tanko.com.tw/upload/catalog_package_b/ALL_catalog_package_24C07_dDyDz7cxLF.png,C:\Users\User\OneDrive\tanko seo\assets\product\WBT-5203N3.png
WBT-5203N4A,WBT-5203N4A,Professional Workbench,wbt-5203,https://www.tanko.com.tw/en/products-detail/wbt-5203/,"{""Top"": ""Rubber top(N)"", ""Panel set"": ""Perforated board+Socket""}",W1500xD750xH1400mm,,,1,https://www.tanko.com.tw/upload/catalog_package_b/ALL_catalog_package_24C07_U7sshSCLB7.png,C:\Users\User\OneDrive\tanko seo\assets\product\WBT-5203N4A.png
WBT-5203N5A,WBT-5203N5A,Professional Workbench,wbt-5203,https://www.tanko.com.tw/en/products-detail/wbt-5203/,"{""Top"": ""Rubber top(N)"", ""Panel set"": ""Perforated board+Shelf+Socket""}",W1500xD750xH1400mm,,,1,https://www.tanko.com.tw/upload/catalog_package_b/ALL_catalog_package_24C07_Nvn3ZOIqva.png,C:\Users\User\OneDrive\tanko seo\assets\product\WBT-5203N5A.png
WBT-5203N6A,WBT-5203N6A,Professional Workbench,wbt-5203,https://www.tanko.com.tw/en/products-detail/wbt-5203/,"{""Top"": ""Rubber top(N)"", ""Panel set"": ""Perforated board+Shelf+Socket+Light""}",W1500xD750xH1400mm,,,1,https://www.tanko.com.tw/upload/catalog_package_b/ALL_catalog_package_24C07_bO96susl0Q.png,C:\Users\User\OneDrive\tanko seo\assets\product\WBT-5203N6A.png
WBT-5203F,WBT-5203F,Professional Workbench,wbt-5203,https://www.tanko.com.tw/en/products-detail/wbt-5203/,"{""Top"": ""Laminate top(F)"", ""Panel set"": ""None""}",W1500xD750xH1400mm,,,1,https://www.tanko.com.tw/upload/catalog_package_b/ALL_catalog_package_24C07_cU9r1C3w9i.png,C:\Users\User\OneDrive\tanko seo\assets\product\WBT-5203F.png
WBT-5203F2,WBT-5203F2,Professional Workbench,wbt-5203,https://www.tanko.com.tw/en/products-detail/wbt-5203/,"{""Top"": ""Laminate top(F)"", ""Panel set"": ""Perforated board""}",W1500xD750xH1400mm,,,1,https://www.tanko.com.tw/upload/catalog_package_b/ALL_catalog_package_24C07_etHvb6vHI7.png,C:\Users\User\OneDrive\tanko seo\assets\product\WBT-5203F2.png
WBT-5203F3,WBT-5203F3,Professional Workbench,wbt-5203,https://www.tanko.com.tw/en/products-detail/wbt-5203/,"{""Top"": ""Laminate top(F)"", ""Panel set"": ""Perforated board+Shelf""}",W1500xD750xH1400mm,,,1,https://www.tanko.com.tw/upload/catalog_package_b/ALL_catalog_package_24C07_Yk4TEcyUTV.png,C:\Users\User\OneDrive\tanko seo\assets\product\WBT-5203F3.png
WBT-5203F4A,WBT-5203F4A,Professional Workbench,wbt-5203,https://www.tanko.com.tw/en/products-detail/wbt-5203/,"{""Top"": ""Laminate top(F)"", ""Panel set"": ""Perforated board+Socket""}",W1500xD750xH1400mm,,,1,https://www.tanko.com.tw/upload/catalog_package_b/ALL_catalog_package_24C07_BlLYxs5BGP.png,C:\Users\User\OneDrive\tanko seo\assets\product\WBT-5203F4A.png
WBT-5203F5A,WBT-5203F5A,Professional Workbench,wbt-5203,https://www.tanko.com.tw/en/products-detail/wbt-5203/,"{""Top"": ""Laminate top(F)"", ""Panel set"": ""Perforated board+Shelf+Socket""}",W1500xD750xH1400mm,,,1,https://www.tanko.com.tw/upload/catalog_package_b/ALL_catalog_package_24C07_sqmETeZwKr.png,C:\Users\User\OneDrive\tanko seo\assets\product\WBT-5203F5A.png
WBT-5203F6A,WBT-5203F6A,Professional Workbench,wbt-5203,https://www.tanko.com.tw/en/products-detail/wbt-5203/,"{""Top"": ""Laminate top(F)"", ""Panel set"": ""Perforated board+Shelf+Socket+Light""}",W1500xD750xH1400mm,,,1,https://www.tanko.com.tw/upload/catalog_package_b/ALL_catalog_package_24C07_7GFmLsnVYp.png,C:\Users\User\OneDrive\tanko seo\assets\product\WBT-5203F6A.png
WBT-5203W,WBT-5203W,Professional Workbench,wbt-5203,https://www.tanko.com.tw/en/products-detail/wbt-5203/,"{""Top"": ""Wood top(W)"", ""Panel set"": ""None""}",W1500xD750xH1400mm,,,1,https://www.tanko.com.tw/upload/catalog_package_b/ALL_catalog_package_24C07_oO65nrobbh.png,C:\Users\User\OneDrive\tanko seo\assets\product\WBT-5203W.png
WBT-5203W2,WBT-5203W2,Professional Workbench,wbt-5203,https://www.tanko.com.tw/en/products-detail/wbt-5203/,"{""Top"": ""Wood top(W)"", ""Panel set"": ""Perforated board""}",W1500xD750xH1400mm,,,1,https://www.tanko.com.tw/upload/catalog_package_b/ALL_catalog_package_24C07_Pbb1pWdqL5.png,C:\Users\User\OneDrive\tanko seo\assets\product\WBT-5203W2.png
WBT-5203W3,WBT-5203W3,Professional Workbench,wbt-5203,https://www.tanko.com.tw/en/products-detail/wbt-5203/,"{""Top"": ""Wood top(W)"", ""Panel set"": ""Perforated board+Shelf""}",W1500xD750xH1400mm,,,1,https://www.tanko.com.tw/upload/catalog_package_b/ALL_catalog_package_24C07_MLsZSVfbhN.png,C:\Users\User\OneDrive\tanko seo\assets\product\WBT-5203W3.png
WBT-5203W4A,WBT-5203W4A,Professional Workbench,wbt-5203,https://www.tanko.com.tw/en/products-detail/wbt-5203/,"{""Top"": ""Wood top(W)"", ""Panel set"": ""Perforated board+Socket""}",W1500xD750xH1400mm,,,1,https://www.tanko.com.tw/upload/catalog_package_b/ALL_catalog_package_24C07_NJIiADBmrl.png,C:\Users\User\OneDrive\tanko seo\assets\product\WBT-5203W4A.png
WBT-5203W5A,WBT-5203W5A,Professional Workbench,wbt-5203,https://www.tanko.com.tw/en/products-detail/wbt-5203/,"{""Top"": ""Wood top(W)"", ""Panel set"": ""Perforated board+Shelf+Socket""}",W1500xD750xH1400mm,,,1,https://www.tanko.com.tw/upload/catalog_package_b/ALL_catalog_package_24C07_PtCv9iBVSs.png,C:\Users\User\OneDrive\tanko seo\assets\product\WBT-5203W5A.png
WBT-5203W6A,WBT-5203W6A,Professional Workbench,wbt-5203,https://www.tanko.com.tw/en/products-detail/wbt-5203/,"{""Top"": ""Wood top(W)"", ""Panel set"": ""Perforated board+Shelf+Socket+Light""}",W1500xD750xH1400mm,,,1,https://www.tanko.com.tw/upload/catalog_package_b/ALL_catalog_package_24C07_6LaSpLVRYP.png,C:\Users\User\OneDrive\tanko seo\assets\product\WBT-5203W6A.png
WBT-6203N,WBT-6203N,Professional Workbench,wbt-6203,https://www.tanko.com.tw/en/products-detail/wbt-6203/,"{""Top"": ""Rubber top(N)"", ""Panel set"": ""None""}",W1800xD750xH800mm,Steel,,1,https://www.tanko.com.tw/upload/catalog_package_b/ALL_catalog_package_24C07_UZiD2S3MdU.png,C:\Users\User\OneDrive\tanko seo\assets\product\WBT-6203N.png
WBT-6203N2,WBT-6203N2,Professional Workbench,wbt-6203,https://www.tanko.com.tw/en/products-detail/wbt-6203/,"{""Top"": ""Rubber top(N)"", ""Panel set"": ""Perforated board""}",W1800xD750xH800mm,Steel,,1,https://www.tanko.com.tw/upload/catalog_package_b/ALL_catalog_package_24C07_fINRl2IARh.png,C:\Users\User\OneDrive\tanko seo\assets\product\WBT-6203N2.png
WBT-6203N3,WBT-6203N3,Professional Workbench,wbt-6203,https://www.tanko.com.tw/en/products-detail/wbt-6203/,"{""Top"": ""Rubber top(N)"", ""Panel set"": ""Perforated board+Shelf""}",W1800xD750xH800mm,Steel,,1,https://www.tanko.com.tw/upload/catalog_package_b/ALL_catalog_package_24C07_8Z3tNdiZa6.png,C:\Users\User\OneDrive\tanko seo\assets\product\WBT-6203N3.png
WBT-6203N4A,WBT-6203N4A,Professional Workbench,wbt-6203,https://www.tanko.com.tw/en/products-detail/wbt-6203/,"{""Top"": ""Rubber top(N)"", ""Panel set"": ""Perforated board+Socket""}",W1800xD750xH800mm,Steel,,1,https://www.tanko.com.tw/upload/catalog_package_b/ALL_catalog_package_24C07_hBtrFZu1TI.png,C:\Users\User\OneDrive\tanko seo\assets\product\WBT-6203N4A.png
WBT-6203N5A,WBT-6203N5A,Professional Workbench,wbt-6203,https://www.tanko.com.tw/en/products-detail/wbt-6203/,"{""Top"": ""Rubber top(N)"", ""Panel set"": ""Perforated board+Shelf+Socket""}",W1800xD750xH800mm,Steel,,1,https://www.tanko.com.tw/upload/catalog_package_b/ALL_catalog_package_24C07_SX4Ao758VE.png,C:\Users\User\OneDrive\tanko seo\assets\product\WBT-6203N5A.png
WBT-6203N6A,WBT-6203N6A,Professional Workbench,wbt-6203,https://www.tanko.com.tw/en/products-detail/wbt-6203/,"{""Top"": ""Rubber top(N)"", ""Panel set"": ""Perforated board+Shelf+Socket+Light""}",W1800xD750xH800mm,Steel,,1,https://www.tanko.com.tw/upload/catalog_package_b/ALL_catalog_package_24C07_dpiB3Bjvh6.png,C:\Users\User\OneDrive\tanko seo\assets\product\WBT-6203N6A.png
WBT-6203N7A,WBT-6203N7A,Professional Workbench,wbt-6203,https://www.tanko.com.tw/en/products-detail/wbt-6203/,"{""Top"": ""Rubber top(N)"", ""Panel set"": ""Parts Cabinet+Socket+Light""}",W1800xD750xH800mm,Steel,,1,https://www.tanko.com.tw/upload/catalog_package_b/ALL_catalog_package_24C07_1fMVAPm2Th.png,C:\Users\User\OneDrive\tanko seo\assets\product\WBT-6203N7A.png
WBT-6203F,WBT-6203F,Professional Workbench,wbt-6203,https://www.tanko.com.tw/en/products-detail/wbt-6203/,"{""Top"": ""Laminate top(F)"", ""Panel set"": ""None""}",W1800xD750xH800mm,Steel,,1,https://www.tanko.com.tw/upload/catalog_package_b/ALL_catalog_package_24C07_qvx9TSxk4j.png,C:\Users\User\OneDrive\tanko seo\assets\product\WBT-6203F.png
WBT-6203F2,WBT-6203F2,Professional Workbench,wbt-6203,https://www.tanko.com.tw/en/products-detail/wbt-6203/,"{""Top"": ""Laminate top(F)"", ""Panel set"": ""Perforated board""}",W1800xD750xH800mm,Steel,,1,https://www.tanko.com.tw/upload/catalog_package_b/ALL_catalog_package_24C07_R1uU38j09g.png,C:\Users\User\OneDrive\tanko seo\assets\product\WBT-6203F2.png
WBT-6203F3,WBT-6203F3,Professional Workbench,wbt-6203,https://www.tanko.com.tw/en/products-detail/wbt-6203/,"{""Top"": ""Laminate top(F)"", ""Panel set"": ""Perforated board+Shelf""}",W1800xD750xH800mm,Steel,,1,https://www.tanko.com.tw/upload/catalog_package_b/ALL_catalog_package_24C07_lacKMyriRi.png,C:\Users\User\OneDrive\tanko seo\assets\product\WBT-6203F3.png
WBT-6203F4A,WBT-6203F4A,Professional Workbench,wbt-6203,https://www.tanko.com.tw/en/products-detail/wbt-6203/,"{""Top"": ""Laminate top(F)"", ""Panel set"": ""Perforated board+Socket""}",W1800xD750xH800mm,Steel,,1,https://www.tanko.com.tw/upload/catalog_package_b/ALL_catalog_package_24C07_aVEbPMWtcM.png,C:\Users\User\OneDrive\tanko seo\assets\product\WBT-6203F4A.png
WBT-6203F5A,WBT-6203F5A,Professional Workbench,wbt-6203,https://www.tanko.com.tw/en/products-detail/wbt-6203/,"{""Top"": ""Laminate top(F)"", ""Panel set"": ""Perforated board+Shelf+Socket""}",W1800xD750xH800mm,Steel,,1,https://www.tanko.com.tw/upload/catalog_package_b/ALL_catalog_package_24C07_3iJdE5ndxx.png,C:\Users\User\OneDrive\tanko seo\assets\product\WBT-6203F5A.png
WBT-6203F6A,WBT-6203F6A,Professional Workbench,wbt-6203,https://www.tanko.com.tw/en/products-detail/wbt-6203/,"{""Top"": ""Laminate top(F)"", ""Panel set"": ""Perforated board+Shelf+Socket+Light""}",W1800xD750xH800mm,Steel,,1,https://www.tanko.com.tw/upload/catalog_package_b/ALL_catalog_package_24C07_SMAhU4obHq.png,C:\Users\User\OneDrive\tanko seo\assets\product\WBT-6203F6A.png
WBT-6203F7A,WBT-6203F7A,Professional Workbench,wbt-6203,https://www.tanko.com.tw/en/products-detail/wbt-6203/,"{""Top"": ""Laminate top(F)"", ""Panel set"": ""Parts Cabinet+Socket+Light""}",W1800xD750xH800mm,Steel,,1,https://www.tanko.com.tw/upload/catalog_package_b/ALL_catalog_package_24C07_8BtHQTW1md.png,C:\Users\User\OneDrive\tanko seo\assets\product\WBT-6203F7A.png
WBT-6203W,WBT-6203W,Professional Workbench,wbt-6203,https://www.tanko.com.tw/en/products-detail/wbt-6203/,"{""Top"": ""Wood top(W)"", ""Panel set"": ""None""}",W1800xD750xH800mm,Steel,,1,https://www.tanko.com.tw/upload/catalog_package_b/ALL_catalog_package_24C07_f5uWjjKGtO.png,C:\Users\User\OneDrive\tanko seo\assets\product\WBT-6203W.png
WBT-6203W2,WBT-6203W2,Professional Workbench,wbt-6203,https://www.tanko.com.tw/en/products-detail/wbt-6203/,"{""Top"": ""Wood top(W)"", ""Panel set"": ""Perforated board""}",W1800xD750xH800mm,Steel,,1,https://www.tanko.com.tw/upload/catalog_package_b/ALL_catalog_package_24C07_kXZtKbTgGX.png,C:\Users\User\OneDrive\tanko seo\assets\product\WBT-6203W2.png
WBT-6203W3,WBT-6203W3,Professional Workbench,wbt-6203,https://www.tanko.com.tw/en/products-detail/wbt-6203/,"{""Top"": ""Wood top(W)"", ""Panel set"": ""Perforated board+Shelf""}",W1800xD750xH800mm,Steel,,1,https://www.tanko.com.tw/upload/catalog_package_b/ALL_catalog_package_24C07_kdAeFJsspt.png,C:\Users\User\OneDrive\tanko seo\assets\product\WBT-6203W3.png
WBT-6203W4A,WBT-6203W4A,Professional Workbench,wbt-6203,https://www.tanko.com.tw/en/products-detail/wbt-6203/,"{""Top"": ""Wood top(W)"", ""Panel set"": ""Perforated board+Socket""}",W1800xD750xH800mm,Steel,,1,https://www.tanko.com.tw/upload/catalog_package_b/ALL_catalog_package_24C07_61Yt0o7LYd.png,C:\Users\User\OneDrive\tanko seo\assets\product\WBT-6203W4A.png
WBT-6203W5A,WBT-6203W5A,Professional Workbench,wbt-6203,https://www.tanko.com.tw/en/products-detail/wbt-6203/,"{""Top"": ""Wood top(W)"", ""Panel set"": ""Perforated board+Shelf+Socket""}",W1800xD750xH800mm,Steel,,1,https://www.tanko.com.tw/upload/catalog_package_b/ALL_catalog_package_24C07_HQOJyZTAhq.png,C:\Users\User\OneDrive\tanko seo\assets\product\WBT-6203W5A.png
WBT-6203W6A,WBT-6203W6A,Professional Workbench,wbt-6203,https://www.tanko.com.tw/en/products-detail/wbt-6203/,"{""Top"": ""Wood top(W)"", ""Panel set"": ""Perforated board+Shelf+Socket+Light""}",W1800xD750xH800mm,Steel,,1,https://www.tanko.com.tw/upload/catalog_package_b/ALL_catalog_package_24C07_LiyeLHydLc.png,C:\Users\User\OneDrive\tanko seo\assets\product\WBT-6203W6A.png
WBT-6203W7A,WBT-6203W7A,Professional Workbench,wbt-6203,https://www.tanko.com.tw/en/products-detail/wbt-6203/,"{""Top"": ""Wood top(W)"", ""Panel set"": ""Parts Cabinet+Socket+Light""}",W1800xD750xH800mm,Steel,,1,https://www.tanko.com.tw/upload/catalog_package_b/ALL_catalog_package_24C07_TArRs452P4.png,C:\Users\User\OneDrive\tanko seo\assets\product\WBT-6203W7A.png
WD-48P,WD-48P,Steel Top Workbench,wd-48,https://www.tanko.com.tw/en/products-detail/wd-48/,"{""Steel Top"": ""Rubber mat"", ""Panel set"": ""None""}",W1224xD775xH810mm |,Steel,,1,https://www.tanko.com.tw/upload/catalog_package_b/ALL_catalog_package_24C14_nbcy5kMjNv.png,C:\Users\User\OneDrive\tanko seo\assets\product\WD-48P.png
WD-48P3,WD-48P3,Steel Top Workbench,wd-48,https://www.tanko.com.tw/en/products-detail/wd-48/,"{""Steel Top"": ""Rubber mat"", ""Panel set"": ""Perforated board(H600)+Shelf""}",W1224xD775xH810mm |,Steel,,1,https://www.tanko.com.tw/upload/catalog_package_b/ALL_catalog_package_24C14_stQ5GOqqZi.png,C:\Users\User\OneDrive\tanko seo\assets\product\WD-48P3.png
WD-48P6A,WD-48P6A,Steel Top Workbench,wd-48,https://www.tanko.com.tw/en/products-detail/wd-48/,"{""Steel Top"": ""Rubber mat"", ""Panel set"": ""Perforated board(H600)+Shelf+Socket+Light""}",W1224xD775xH810mm |,Steel,,1,https://www.tanko.com.tw/upload/catalog_package_b/ALL_catalog_package_24C14_kWYlwtSYef.png,C:\Users\User\OneDrive\tanko seo\assets\product\WD-48P6A.png
WD-48P9A,WD-48P9A,Steel Top Workbench,wd-48,https://www.tanko.com.tw/en/products-detail/wd-48/,"{""Steel Top"": ""Rubber mat"", ""Panel set"": ""Perforated board(H900)+Shelf+Socket+Light""}",W1224xD775xH810mm |,Steel,,1,https://www.tanko.com.tw/upload/catalog_package_b/ALL_catalog_package_24C14_ZvXJM0GcCZ.png,C:\Users\User\OneDrive\tanko seo\assets\product\WD-48P9A.png
WD-48Q,WD-48Q,Steel Top Workbench,wd-48,https://www.tanko.com.tw/en/products-detail/wd-48/,"{""Steel Top"": ""PVC mat"", ""Panel set"": ""None""}",W1224xD775xH810mm |,Steel,,1,https://www.tanko.com.tw/upload/catalog_package_b/ALL_catalog_package_24C14_Y48GU2NCL5.png,C:\Users\User\OneDrive\tanko seo\assets\product\WD-48Q.png
WD-48Q3,WD-48Q3,Steel Top Workbench,wd-48,https://www.tanko.com.tw/en/products-detail/wd-48/,"{""Steel Top"": ""PVC mat"", ""Panel set"": ""Perforated board(H600)+Shelf""}",W1224xD775xH810mm |,Steel,,1,https://www.tanko.com.tw/upload/catalog_package_b/ALL_catalog_package_24C14_6PmO031xWP.png,C:\Users\User\OneDrive\tanko seo\assets\product\WD-48Q3.png
WD-48Q6A,WD-48Q6A,Steel Top Workbench,wd-48,https://www.tanko.com.tw/en/products-detail/wd-48/,"{""Steel Top"": ""PVC mat"", ""Panel set"": ""Perforated board(H600)+Shelf+Socket+Light""}",W1224xD775xH810mm |,Steel,,1,https://www.tanko.com.tw/upload/catalog_package_b/ALL_catalog_package_24C14_YuNoLOkg7D.png,C:\Users\User\OneDrive\tanko seo\assets\product\WD-48Q6A.png
WD-48Q9A,WD-48Q9A,Steel Top Workbench,wd-48,https://www.tanko.com.tw/en/products-detail/wd-48/,"{""Steel Top"": ""PVC mat"", ""Panel set"": ""Perforated board(H900)+Shelf+Socket+Light""}",W1224xD775xH810mm |,Steel,,1,https://www.tanko.com.tw/upload/catalog_package_b/ALL_catalog_package_24C14_5OKadItXcZ.png,C:\Users\User\OneDrive\tanko seo\assets\product\WD-48Q9A.png
WD-4801P,WD-4801P,Steel Top Workbench,wd-4801,https://www.tanko.com.tw/en/products-detail/wd-4801/,"{""Steel Top"": ""Rubber mat"", ""Panel set"": ""None""}",W1224xD775xH810mm |,Steel,,1,https://www.tanko.com.tw/upload/catalog_package_b/ALL_catalog_package_24C15_PQ4DHfJIro.png,C:\Users\User\OneDrive\tanko seo\assets\product\WD-4801P.png
WD-4801P3,WD-4801P3,Steel Top Workbench,wd-4801,https://www.tanko.com.tw/en/products-detail/wd-4801/,"{""Steel Top"": ""Rubber mat"", ""Panel set"": ""Perforated board(H600)+Shelf""}",W1224xD775xH810mm |,Steel,,1,https://www.tanko.com.tw/upload/catalog_package_b/ALL_catalog_package_24C15_7lZbOPcpeN.png,C:\Users\User\OneDrive\tanko seo\assets\product\WD-4801P3.png
WD-4801P6A,WD-4801P6A,Steel Top Workbench,wd-4801,https://www.tanko.com.tw/en/products-detail/wd-4801/,"{""Steel Top"": ""Rubber mat"", ""Panel set"": ""Perforated board(H600)+Shelf+Socket+Light""}",W1224xD775xH810mm |,Steel,,1,https://www.tanko.com.tw/upload/catalog_package_b/ALL_catalog_package_24C15_qVhffPIHum.png,C:\Users\User\OneDrive\tanko seo\assets\product\WD-4801P6A.png
WD-4801P9A,WD-4801P9A,Steel Top Workbench,wd-4801,https://www.tanko.com.tw/en/products-detail/wd-4801/,"{""Steel Top"": ""Rubber mat"", ""Panel set"": ""Perforated board(H900)+Shelf+Socket+Light""}",W1224xD775xH810mm |,Steel,,1,https://www.tanko.com.tw/upload/catalog_package_b/ALL_catalog_package_24C15_PBolO8RWnR.png,C:\Users\User\OneDrive\tanko seo\assets\product\WD-4801P9A.png
WD-4801Q,WD-4801Q,Steel Top Workbench,wd-4801,https://www.tanko.com.tw/en/products-detail/wd-4801/,"{""Steel Top"": ""PVC mat"", ""Panel set"": ""None""}",W1224xD775xH810mm |,Steel,,1,https://www.tanko.com.tw/upload/catalog_package_b/ALL_catalog_package_24C15_4JkGd2bSAI.png,C:\Users\User\OneDrive\tanko seo\assets\product\WD-4801Q.png
WD-4801Q3,WD-4801Q3,Steel Top Workbench,wd-4801,https://www.tanko.com.tw/en/products-detail/wd-4801/,"{""Steel Top"": ""PVC mat"", ""Panel set"": ""Perforated board(H600)+Shelf""}",W1224xD775xH810mm |,Steel,,1,https://www.tanko.com.tw/upload/catalog_package_b/ALL_catalog_package_24C15_1E869M1FSo.png,C:\Users\User\OneDrive\tanko seo\assets\product\WD-4801Q3.png
WD-4801Q6A,WD-4801Q6A,Steel Top Workbench,wd-4801,https://www.tanko.com.tw/en/products-detail/wd-4801/,"{""Steel Top"": ""PVC mat"", ""Panel set"": ""Perforated board(H600)+Shelf+Socket+Light""}",W1224xD775xH810mm |,Steel,,1,https://www.tanko.com.tw/upload/catalog_package_b/ALL_catalog_package_24C15_lKkNZr5Rsa.png,C:\Users\User\OneDrive\tanko seo\assets\product\WD-4801Q6A.png
WD-4801Q9A,WD-4801Q9A,Steel Top Workbench,wd-4801,https://www.tanko.com.tw/en/products-detail/wd-4801/,"{""Steel Top"": ""PVC mat"", ""Panel set"": ""Perforated board(H900)+Shelf+Socket+Light""}",W1224xD775xH810mm |,Steel,,1,https://www.tanko.com.tw/upload/catalog_package_b/ALL_catalog_package_24C15_y5xkfrQCPA.png,C:\Users\User\OneDrive\tanko seo\assets\product\WD-4801Q9A.png
WD-48S7,WD-48S7,Stainless Steel Workbench,wd-48s,https://www.tanko.com.tw/en/products-detail/wd-48s/,"{""Panel Set"": ""Perforated board(H900)+Shelf"", ""Accessories"": ""None""}",W1217xD768xH800mm,304 stainless steel,600kg,1,https://www.tanko.com.tw/upload/catalog_package_b/ALL_catalog_package_25G31_hj8D6s5WQD.png,C:\Users\User\OneDrive\tanko seo\assets\product\WD-48S7.png
WD-48S7+WDP-14S,WD-48S7+WDP-14S,Stainless Steel Workbench,wd-48s,https://www.tanko.com.tw/en/products-detail/wd-48s/,"{""Panel Set"": ""Perforated board(H900)+Shelf"", ""Accessories"": ""Undershelf""}",W1217xD768xH800mm,304 stainless steel,600kg,1,https://www.tanko.com.tw/upload/catalog_package_b/ALL_catalog_package_25G31_V5x2z7lpIH.png,C:\Users\User\OneDrive\tanko seo\assets\product\WD-48S7+WDP-14S.png
WD-48S3,WD-48S3,Stainless Steel Workbench,wd-48s,https://www.tanko.com.tw/en/products-detail/wd-48s/,"{""Panel Set"": ""Perforated board(H600)+Shelf"", ""Accessories"": ""None""}",W1217xD768xH800mm,304 stainless steel,600kg,1,https://www.tanko.com.tw/upload/catalog_package_b/ALL_catalog_package_25G31_mjsGbnAa7r.png,C:\Users\User\OneDrive\tanko seo\assets\product\WD-48S3.png
WD-48S3+WDP-14S,WD-48S3+WDP-14S,Stainless Steel Workbench,wd-48s,https://www.tanko.com.tw/en/products-detail/wd-48s/,"{""Panel Set"": ""Perforated board(H600)+Shelf"", ""Accessories"": ""Undershelf""}",W1217xD768xH800mm,304 stainless steel,600kg,1,https://www.tanko.com.tw/upload/catalog_package_b/ALL_catalog_package_25G31_127iMAUl72.png,C:\Users\User\OneDrive\tanko seo\assets\product\WD-48S3+WDP-14S.png
WD-48S2,WD-48S2,Stainless Steel Workbench,wd-48s,https://www.tanko.com.tw/en/products-detail/wd-48s/,"{""Panel Set"": ""Perforated board(H600)"", ""Accessories"": ""None""}",W1217xD768xH800mm,304 stainless steel,600kg,1,https://www.tanko.com.tw/upload/catalog_package_b/ALL_catalog_package_25G31_QFz5xI0ikG.png,C:\Users\User\OneDrive\tanko seo\assets\product\WD-48S2.png
WD-48S2+WDP-14S,WD-48S2+WDP-14S,Stainless Steel Workbench,wd-48s,https://www.tanko.com.tw/en/products-detail/wd-48s/,"{""Panel Set"": ""Perforated board(H600)"", ""Accessories"": ""Undershelf""}",W1217xD768xH800mm,304 stainless steel,600kg,1,https://www.tanko.com.tw/upload/catalog_package_b/ALL_catalog_package_25G31_yGZbU14ZeB.png,C:\Users\User\OneDrive\tanko seo\assets\product\WD-48S2+WDP-14S.png
WD-48S,WD-48S,Stainless Steel Workbench,wd-48s,https://www.tanko.com.tw/en/products-detail/wd-48s/,"{""Panel Set"": ""None"", ""Accessories"": ""None""}",W1217xD768xH800mm,304 stainless steel,600kg,1,https://www.tanko.com.tw/upload/catalog_package_b/ALL_catalog_package_25G31_VWOQ7ATDyy.png,C:\Users\User\OneDrive\tanko seo\assets\product\WD-48S.png
WD-48S+WDP-14S,WD-48S+WDP-14S,Stainless Steel Workbench,wd-48s,https://www.tanko.com.tw/en/products-detail/wd-48s/,"{""Panel Set"": ""None"", ""Accessories"": ""Undershelf""}",W1217xD768xH800mm,304 stainless steel,600kg,1,https://www.tanko.com.tw/upload/catalog_package_b/ALL_catalog_package_25G31_hfeeVllX0y.png,C:\Users\User\OneDrive\tanko seo\assets\product\WD-48S+WDP-14S.png
WS-48MS,WS-48MS,Stainless Steel Workbench,wd-4ms,https://www.tanko.com.tw/en/products-detail/wd-4ms/,"{""Type"": ""Standard"", ""Material"": ""Stainless steel""}",W1217xD768xH887mm,Stainless steel,,1,https://www.tanko.com.tw/upload/catalog_package_b/ALL_catalog_package_26C17_USCZdXzjAS.jpg,C:\Users\User\OneDrive\tanko seo\assets\product\WS-48MS.jpg
WDT-4202MS,WDT-4202MS,Stainless Steel Workbench,wd-4ms,https://www.tanko.com.tw/en/products-detail/wd-4ms/,"{""Type"": ""Drawers"", ""Material"": ""Stainless steel""}",W1217xD768xH887mm,Stainless steel,,1,https://www.tanko.com.tw/upload/catalog_package_b/ALL_catalog_package_26C17_cjyDMjQspB.jpg,C:\Users\User\OneDrive\tanko seo\assets\product\WDT-4202MS.jpg
WD-58P,WD-58P,Steel Top Workbench,wd-58,https://www.tanko.com.tw/en/products-detail/wd-58/,"{""Steel Top"": ""Rubber mat"", ""Panel set"": ""None""}",W1524xD775xH810mm |,Steel,,1,https://www.tanko.com.tw/upload/catalog_package_b/ALL_catalog_package_24C15_SoHTCJBBTK.png,C:\Users\User\OneDrive\tanko seo\assets\product\WD-58P.png
WD-58P3,WD-58P3,Steel Top Workbench,wd-58,https://www.tanko.com.tw/en/products-detail/wd-58/,"{""Steel Top"": ""Rubber mat"", ""Panel set"": ""Perforated board(H600)+Shelf""}",W1524xD775xH810mm |,Steel,,1,https://www.tanko.com.tw/upload/catalog_package_b/ALL_catalog_package_24C15_IEmfKZUGpU.png,C:\Users\User\OneDrive\tanko seo\assets\product\WD-58P3.png
WD-58P6A,WD-58P6A,Steel Top Workbench,wd-58,https://www.tanko.com.tw/en/products-detail/wd-58/,"{""Steel Top"": ""Rubber mat"", ""Panel set"": ""Perforated board(H600)+Shelf+Socket+Light""}",W1524xD775xH810mm |,Steel,,1,https://www.tanko.com.tw/upload/catalog_package_b/ALL_catalog_package_24C15_hnELuMXXly.png,C:\Users\User\OneDrive\tanko seo\assets\product\WD-58P6A.png
WD-58P9A,WD-58P9A,Steel Top Workbench,wd-58,https://www.tanko.com.tw/en/products-detail/wd-58/,"{""Steel Top"": ""Rubber mat"", ""Panel set"": ""Perforated board(H900)+Shelf+Socket+Light""}",W1524xD775xH810mm |,Steel,,1,https://www.tanko.com.tw/upload/catalog_package_b/ALL_catalog_package_24C15_prRJCxgn5n.png,C:\Users\User\OneDrive\tanko seo\assets\product\WD-58P9A.png
WD-58Q,WD-58Q,Steel Top Workbench,wd-58,https://www.tanko.com.tw/en/products-detail/wd-58/,"{""Steel Top"": ""PVC mat"", ""Panel set"": ""None""}",W1524xD775xH810mm |,Steel,,1,https://www.tanko.com.tw/upload/catalog_package_b/ALL_catalog_package_24C15_ipzmiwPESt.png,C:\Users\User\OneDrive\tanko seo\assets\product\WD-58Q.png
WD-58Q3,WD-58Q3,Steel Top Workbench,wd-58,https://www.tanko.com.tw/en/products-detail/wd-58/,"{""Steel Top"": ""PVC mat"", ""Panel set"": ""Perforated board(H600)+Shelf""}",W1524xD775xH810mm |,Steel,,1,https://www.tanko.com.tw/upload/catalog_package_b/ALL_catalog_package_24C15_jwlIsxpQps.png,C:\Users\User\OneDrive\tanko seo\assets\product\WD-58Q3.png
WD-58Q6A,WD-58Q6A,Steel Top Workbench,wd-58,https://www.tanko.com.tw/en/products-detail/wd-58/,"{""Steel Top"": ""PVC mat"", ""Panel set"": ""Perforated board(H600)+Shelf+Socket+Light""}",W1524xD775xH810mm |,Steel,,1,https://www.tanko.com.tw/upload/catalog_package_b/ALL_catalog_package_24C15_MI6DIAHNVW.png,C:\Users\User\OneDrive\tanko seo\assets\product\WD-58Q6A.png
WD-58Q9A,WD-58Q9A,Steel Top Workbench,wd-58,https://www.tanko.com.tw/en/products-detail/wd-58/,"{""Steel Top"": ""PVC mat"", ""Panel set"": ""Perforated board(H900)+Shelf+Socket+Light""}",W1524xD775xH810mm |,Steel,,1,https://www.tanko.com.tw/upload/catalog_package_b/ALL_catalog_package_24C15_zDa9H4hFdJ.png,C:\Users\User\OneDrive\tanko seo\assets\product\WD-58Q9A.png
WD-5801P,WD-5801P,Steel Top Workbench,wd-5801,https://www.tanko.com.tw/en/products-detail/wd-5801/,"{""Steel Top"": ""Rubber mat"", ""Panel set"": ""None""}",W1524xD775xH810mm |,Steel,,1,https://www.tanko.com.tw/upload/catalog_package_b/ALL_catalog_package_26H18_8sKa41AiLu.png,C:\Users\User\OneDrive\tanko seo\assets\product\WD-5801P.png
WD-5801P3,WD-5801P3,Steel Top Workbench,wd-5801,https://www.tanko.com.tw/en/products-detail/wd-5801/,"{""Steel Top"": ""Rubber mat"", ""Panel set"": ""Perforated board(H600)+Shelf""}",W1524xD775xH810mm |,Steel,,1,https://www.tanko.com.tw/upload/catalog_package_b/ALL_catalog_package_26H18_V1Yj6ziXzn.png,C:\Users\User\OneDrive\tanko seo\assets\product\WD-5801P3.png
WD-5801P6A,WD-5801P6A,Steel Top Workbench,wd-5801,https://www.tanko.com.tw/en/products-detail/wd-5801/,"{""Steel Top"": ""Rubber mat"", ""Panel set"": ""Perforated board(H600)+Shelf+Socket+Light""}",W1524xD775xH810mm |,Steel,,1,https://www.tanko.com.tw/upload/catalog_package_b/ALL_catalog_package_26H18_JooVR5CM1W.png,C:\Users\User\OneDrive\tanko seo\assets\product\WD-5801P6A.png
WD-5801P9A,WD-5801P9A,Steel Top Workbench,wd-5801,https://www.tanko.com.tw/en/products-detail/wd-5801/,"{""Steel Top"": ""Rubber mat"", ""Panel set"": ""Perforated board(H900)+Shelf+Socket+Light""}",W1524xD775xH810mm |,Steel,,1,https://www.tanko.com.tw/upload/catalog_package_b/ALL_catalog_package_26H18_wDHiIFjyID.png,C:\Users\User\OneDrive\tanko seo\assets\product\WD-5801P9A.png
WD-5801Q,WD-5801Q,Steel Top Workbench,wd-5801,https://www.tanko.com.tw/en/products-detail/wd-5801/,"{""Steel Top"": ""PVC mat"", ""Panel set"": ""None""}",W1524xD775xH810mm |,Steel,,1,https://www.tanko.com.tw/upload/catalog_package_b/ALL_catalog_package_26H18_tAZcwO4GZF.png,C:\Users\User\OneDrive\tanko seo\assets\product\WD-5801Q.png
WD-5801Q3,WD-5801Q3,Steel Top Workbench,wd-5801,https://www.tanko.com.tw/en/products-detail/wd-5801/,"{""Steel Top"": ""PVC mat"", ""Panel set"": ""Perforated board(H600)+Shelf""}",W1524xD775xH810mm |,Steel,,1,https://www.tanko.com.tw/upload/catalog_package_b/ALL_catalog_package_24C15_PzdwtIpht9.png,C:\Users\User\OneDrive\tanko seo\assets\product\WD-5801Q3.png
WD-5801Q6A,WD-5801Q6A,Steel Top Workbench,wd-5801,https://www.tanko.com.tw/en/products-detail/wd-5801/,"{""Steel Top"": ""PVC mat"", ""Panel set"": ""Perforated board(H600)+Shelf+Socket+Light""}",W1524xD775xH810mm |,Steel,,1,https://www.tanko.com.tw/upload/catalog_package_b/ALL_catalog_package_26H18_lqG7GgReJd.png,C:\Users\User\OneDrive\tanko seo\assets\product\WD-5801Q6A.png
WD-5801Q9A,WD-5801Q9A,Steel Top Workbench,wd-5801,https://www.tanko.com.tw/en/products-detail/wd-5801/,"{""Steel Top"": ""PVC mat"", ""Panel set"": ""Perforated board(H900)+Shelf+Socket+Light""}",W1524xD775xH810mm |,Steel,,1,https://www.tanko.com.tw/upload/catalog_package_b/ALL_catalog_package_26H18_QDz93xshKo.png,C:\Users\User\OneDrive\tanko seo\assets\product\WD-5801Q9A.png
WD-58S7,WD-58S7,Stainless Steel Workbench,wd-58s,https://www.tanko.com.tw/en/products-detail/wd-58s/,"{""Panel Set"": ""Perforated board(H900)+Shelf"", ""Accessories"": ""None""}",W1517xD768xH800mm,304 stainless steel,600kg,1,https://www.tanko.com.tw/upload/catalog_package_b/ALL_catalog_package_25G31_aodng7rt3N.png,C:\Users\User\OneDrive\tanko seo\assets\product\WD-58S7.png
WD-58S7+WDP-15S,WD-58S7+WDP-15S,Stainless Steel Workbench,wd-58s,https://www.tanko.com.tw/en/products-detail/wd-58s/,"{""Panel Set"": ""Perforated board(H900)+Shelf"", ""Accessories"": ""Undershelf""}",W1517xD768xH800mm,304 stainless steel,600kg,1,https://www.tanko.com.tw/upload/catalog_package_b/ALL_catalog_package_25G31_u7ifn8XkR6.png,C:\Users\User\OneDrive\tanko seo\assets\product\WD-58S7+WDP-15S.png
WD-58S3,WD-58S3,Stainless Steel Workbench,wd-58s,https://www.tanko.com.tw/en/products-detail/wd-58s/,"{""Panel Set"": ""Perforated board(H600)+Shelf"", ""Accessories"": ""None""}",W1517xD768xH800mm,304 stainless steel,600kg,1,https://www.tanko.com.tw/upload/catalog_package_b/ALL_catalog_package_25G31_O4468q3FbQ.png,C:\Users\User\OneDrive\tanko seo\assets\product\WD-58S3.png
WD-58S3+WDP-15S,WD-58S3+WDP-15S,Stainless Steel Workbench,wd-58s,https://www.tanko.com.tw/en/products-detail/wd-58s/,"{""Panel Set"": ""Perforated board(H600)+Shelf"", ""Accessories"": ""Undershelf""}",W1517xD768xH800mm,304 stainless steel,600kg,1,https://www.tanko.com.tw/upload/catalog_package_b/ALL_catalog_package_25G31_poYddvODGG.png,C:\Users\User\OneDrive\tanko seo\assets\product\WD-58S3+WDP-15S.png
WD-58S2,WD-58S2,Stainless Steel Workbench,wd-58s,https://www.tanko.com.tw/en/products-detail/wd-58s/,"{""Panel Set"": ""Perforated board(H600)"", ""Accessories"": ""None""}",W1517xD768xH800mm,304 stainless steel,600kg,1,https://www.tanko.com.tw/upload/catalog_package_b/ALL_catalog_package_25G31_VNgeO4ojfn.png,C:\Users\User\OneDrive\tanko seo\assets\product\WD-58S2.png
WD-58S2+WDP-15S,WD-58S2+WDP-15S,Stainless Steel Workbench,wd-58s,https://www.tanko.com.tw/en/products-detail/wd-58s/,"{""Panel Set"": ""Perforated board(H600)"", ""Accessories"": ""Undershelf""}",W1517xD768xH800mm,304 stainless steel,600kg,1,https://www.tanko.com.tw/upload/catalog_package_b/ALL_catalog_package_25G31_HsajttjzDf.png,C:\Users\User\OneDrive\tanko seo\assets\product\WD-58S2+WDP-15S.png
WD-58S,WD-58S,Stainless Steel Workbench,wd-58s,https://www.tanko.com.tw/en/products-detail/wd-58s/,"{""Panel Set"": ""None"", ""Accessories"": ""None""}",W1517xD768xH800mm,304 stainless steel,600kg,1,https://www.tanko.com.tw/upload/catalog_package_b/ALL_catalog_package_25G31_oX8ZVcdPZW.png,C:\Users\User\OneDrive\tanko seo\assets\product\WD-58S.png
WD-58S+WDP-15S,WD-58S+WDP-15S,Stainless Steel Workbench,wd-58s,https://www.tanko.com.tw/en/products-detail/wd-58s/,"{""Panel Set"": ""None"", ""Accessories"": ""Undershelf""}",W1517xD768xH800mm,304 stainless steel,600kg,1,https://www.tanko.com.tw/upload/catalog_package_b/ALL_catalog_package_25G31_KPdLdg2YgI.png,C:\Users\User\OneDrive\tanko seo\assets\product\WD-58S+WDP-15S.png
WD-58MS,WD-58MS,Stainless Steel Workbench,wd-5ms,https://www.tanko.com.tw/en/products-detail/wd-5ms/,"{""Type"": ""Standard"", ""Material"": ""Stainless steel""}",W1517xD768xH887mm,Stainless steel,,1,https://www.tanko.com.tw/upload/catalog_package_b/ALL_catalog_package_26C17_Ygwklj2VUs.jpg,C:\Users\User\OneDrive\tanko seo\assets\product\WD-58MS.jpg
WDT-5203MS,WDT-5203MS,Stainless Steel Workbench,wd-5ms,https://www.tanko.com.tw/en/products-detail/wd-5ms/,"{""Type"": ""Drawers"", ""Material"": ""Stainless steel""}",W1517xD768xH887mm,Stainless steel,,1,https://www.tanko.com.tw/upload/catalog_package_b/ALL_catalog_package_26C17_rMyMc8epVN.jpg,C:\Users\User\OneDrive\tanko seo\assets\product\WDT-5203MS.jpg
WD-68P,WD-68P,Steel Top Workbench,wd-68,https://www.tanko.com.tw/en/products-detail/wd-68/,"{""Steel Top"": ""Rubber mat"", ""Panel set"": ""None""}",W1824xD775xH810mm |,Steel,,3,https://www.tanko.com.tw/upload/catalog_package_b/ALL_catalog_package_24C15_V4vkQsJZk2.png,C:\Users\User\OneDrive\tanko seo\assets\product\WD-68P.png
WD-68P3,WD-68P3,Steel Top Workbench,wd-68,https://www.tanko.com.tw/en/products-detail/wd-68/,"{""Steel Top"": ""Rubber mat"", ""Panel set"": ""Perforated board(H600)+Shelf""}",W1824xD775xH810mm |,Steel,,1,https://www.tanko.com.tw/upload/catalog_package_b/ALL_catalog_package_24C15_nSyJJMB4RL.png,C:\Users\User\OneDrive\tanko seo\assets\product\WD-68P3.png
WD-68P6A,WD-68P6A,Steel Top Workbench,wd-68,https://www.tanko.com.tw/en/products-detail/wd-68/,"{""Steel Top"": ""Rubber mat"", ""Panel set"": ""Perforated board(H600)+Shelf+Socket+Light""}",W1824xD775xH810mm |,Steel,,1,https://www.tanko.com.tw/upload/catalog_package_b/ALL_catalog_package_24C15_oN4ZveR32r.png,C:\Users\User\OneDrive\tanko seo\assets\product\WD-68P6A.png
WD-68P9A,WD-68P9A,Steel Top Workbench,wd-68,https://www.tanko.com.tw/en/products-detail/wd-68/,"{""Steel Top"": ""Rubber mat"", ""Panel set"": ""Perforated board(H900)+Shelf+Socket+Light""}",W1824xD775xH810mm |,Steel,,1,https://www.tanko.com.tw/upload/catalog_package_b/ALL_catalog_package_24C15_M4iF7EgiOC.png,C:\Users\User\OneDrive\tanko seo\assets\product\WD-68P9A.png
WD-68Q,WD-68Q,Steel Top Workbench,wd-68,https://www.tanko.com.tw/en/products-detail/wd-68/,"{""Steel Top"": ""PVC mat"", ""Panel set"": ""None""}",W1824xD775xH810mm |,Steel,,3,https://www.tanko.com.tw/upload/catalog_package_b/ALL_catalog_package_24C15_0GKmKxuCuh.png,C:\Users\User\OneDrive\tanko seo\assets\product\WD-68Q.png
WD-68Q3,WD-68Q3,Steel Top Workbench,wd-68,https://www.tanko.com.tw/en/products-detail/wd-68/,"{""Steel Top"": ""PVC mat"", ""Panel set"": ""Perforated board(H600)+Shelf""}",W1824xD775xH810mm |,Steel,,1,https://www.tanko.com.tw/upload/catalog_package_b/ALL_catalog_package_24C15_bYTEmUQ4Tf.png,C:\Users\User\OneDrive\tanko seo\assets\product\WD-68Q3.png
WD-68Q6A,WD-68Q6A,Steel Top Workbench,wd-68,https://www.tanko.com.tw/en/products-detail/wd-68/,"{""Steel Top"": ""PVC mat"", ""Panel set"": ""Perforated board(H600)+Shelf+Socket+Light""}",W1824xD775xH810mm |,Steel,,1,https://www.tanko.com.tw/upload/catalog_package_b/ALL_catalog_package_24C15_zRyPMLKP2E.png,C:\Users\User\OneDrive\tanko seo\assets\product\WD-68Q6A.png
WD-68Q9A,WD-68Q9A,Steel Top Workbench,wd-68,https://www.tanko.com.tw/en/products-detail/wd-68/,"{""Steel Top"": ""PVC mat"", ""Panel set"": ""Perforated board(H900)+Shelf+Socket+Light""}",W1824xD775xH810mm |,Steel,,1,https://www.tanko.com.tw/upload/catalog_package_b/ALL_catalog_package_24C15_EGf2Hfku4h.png,C:\Users\User\OneDrive\tanko seo\assets\product\WD-68Q9A.png
WD-6801P,WD-6801P,Steel Top Workbench,wd-6801,https://www.tanko.com.tw/en/products-detail/wd-6801/,"{""Steel Top"": ""Rubber mat"", ""Panel set"": ""None""}",W1824xD775xH810mm |,Steel,,1,https://www.tanko.com.tw/upload/catalog_package_b/ALL_catalog_package_26H19_6uhoSaivlB.png,C:\Users\User\OneDrive\tanko seo\assets\product\WD-6801P.png
WD-6801P3,WD-6801P3,Steel Top Workbench,wd-6801,https://www.tanko.com.tw/en/products-detail/wd-6801/,"{""Steel Top"": ""Rubber mat"", ""Panel set"": ""Perforated board(H600)+Shelf""}",W1824xD775xH810mm |,Steel,,1,https://www.tanko.com.tw/upload/catalog_package_b/ALL_catalog_package_26H19_dqP222NycS.png,C:\Users\User\OneDrive\tanko seo\assets\product\WD-6801P3.png
WD-6801P6A,WD-6801P6A,Steel Top Workbench,wd-6801,https://www.tanko.com.tw/en/products-detail/wd-6801/,"{""Steel Top"": ""Rubber mat"", ""Panel set"": ""Perforated board(H600)+Shelf+Socket+Light""}",W1824xD775xH810mm |,Steel,,1,https://www.tanko.com.tw/upload/catalog_package_b/ALL_catalog_package_26H19_r5t5K0Zu0y.png,C:\Users\User\OneDrive\tanko seo\assets\product\WD-6801P6A.png
WD-6801P9A,WD-6801P9A,Steel Top Workbench,wd-6801,https://www.tanko.com.tw/en/products-detail/wd-6801/,"{""Steel Top"": ""Rubber mat"", ""Panel set"": ""Perforated board(H900)+Shelf+Socket+Light""}",W1824xD775xH810mm |,Steel,,1,https://www.tanko.com.tw/upload/catalog_package_b/ALL_catalog_package_26H19_5mxzHejOMR.png,C:\Users\User\OneDrive\tanko seo\assets\product\WD-6801P9A.png
WD-6801Q,WD-6801Q,Steel Top Workbench,wd-6801,https://www.tanko.com.tw/en/products-detail/wd-6801/,"{""Steel Top"": ""PVC mat"", ""Panel set"": ""None""}",W1824xD775xH810mm |,Steel,,1,https://www.tanko.com.tw/upload/catalog_package_b/ALL_catalog_package_26H19_zDt8q0wbPG.png,C:\Users\User\OneDrive\tanko seo\assets\product\WD-6801Q.png
WD-6801Q3,WD-6801Q3,Steel Top Workbench,wd-6801,https://www.tanko.com.tw/en/products-detail/wd-6801/,"{""Steel Top"": ""PVC mat"", ""Panel set"": ""Perforated board(H600)+Shelf""}",W1824xD775xH810mm |,Steel,,1,https://www.tanko.com.tw/upload/catalog_package_b/ALL_catalog_package_26H19_lgEkz0YIdQ.png,C:\Users\User\OneDrive\tanko seo\assets\product\WD-6801Q3.png
WD-6801Q6A,WD-6801Q6A,Steel Top Workbench,wd-6801,https://www.tanko.com.tw/en/products-detail/wd-6801/,"{""Steel Top"": ""PVC mat"", ""Panel set"": ""Perforated board(H600)+Shelf+Socket+Light""}",W1824xD775xH810mm |,Steel,,1,https://www.tanko.com.tw/upload/catalog_package_b/ALL_catalog_package_26H19_Cnjjc8Y9Q6.png,C:\Users\User\OneDrive\tanko seo\assets\product\WD-6801Q6A.png
WD-6801Q9A,WD-6801Q9A,Steel Top Workbench,wd-6801,https://www.tanko.com.tw/en/products-detail/wd-6801/,"{""Steel Top"": ""PVC mat"", ""Panel set"": ""Perforated board(H900)+Shelf+Socket+Light""}",W1824xD775xH810mm |,Steel,,1,https://www.tanko.com.tw/upload/catalog_package_b/ALL_catalog_package_26H19_7oEzmdJcBU.png,C:\Users\User\OneDrive\tanko seo\assets\product\WD-6801Q9A.png
WD-68S7,WD-68S7,Stainless Steel Workbench,wd-68s,https://www.tanko.com.tw/en/products-detail/wd-68s/,"{""Panel Set"": ""Perforated board(H900)+Shelf"", ""Accessories"": ""None""}",W1817xD768xH800mm,304 stainless steel,600kg,1,https://www.tanko.com.tw/upload/catalog_package_b/ALL_catalog_package_25G31_4ykQ9vzghP.png,C:\Users\User\OneDrive\tanko seo\assets\product\WD-68S7.png
WD-68S7+WDP-16S,WD-68S7+WDP-16S,Stainless Steel Workbench,wd-68s,https://www.tanko.com.tw/en/products-detail/wd-68s/,"{""Panel Set"": ""Perforated board(H900)+Shelf"", ""Accessories"": ""Undershelf""}",W1817xD768xH800mm,304 stainless steel,600kg,1,https://www.tanko.com.tw/upload/catalog_package_b/ALL_catalog_package_25G31_xsOY0K2tAi.png,C:\Users\User\OneDrive\tanko seo\assets\product\WD-68S7+WDP-16S.png
WD-68S3,WD-68S3,Stainless Steel Workbench,wd-68s,https://www.tanko.com.tw/en/products-detail/wd-68s/,"{""Panel Set"": ""Perforated board(H600)+Shelf"", ""Accessories"": ""None""}",W1817xD768xH800mm,304 stainless steel,600kg,1,https://www.tanko.com.tw/upload/catalog_package_b/ALL_catalog_package_25G31_e8Dp7yava2.png,C:\Users\User\OneDrive\tanko seo\assets\product\WD-68S3.png
WD-68S3+WDP-16S,WD-68S3+WDP-16S,Stainless Steel Workbench,wd-68s,https://www.tanko.com.tw/en/products-detail/wd-68s/,"{""Panel Set"": ""Perforated board(H600)+Shelf"", ""Accessories"": ""Undershelf""}",W1817xD768xH800mm,304 stainless steel,600kg,1,https://www.tanko.com.tw/upload/catalog_package_b/ALL_catalog_package_25G31_cVKotIYPBV.png,C:\Users\User\OneDrive\tanko seo\assets\product\WD-68S3+WDP-16S.png
WD-68S2,WD-68S2,Stainless Steel Workbench,wd-68s,https://www.tanko.com.tw/en/products-detail/wd-68s/,"{""Panel Set"": ""Perforated board(H600)"", ""Accessories"": ""None""}",W1817xD768xH800mm,304 stainless steel,600kg,1,https://www.tanko.com.tw/upload/catalog_package_b/ALL_catalog_package_25G31_aBces7FzdD.png,C:\Users\User\OneDrive\tanko seo\assets\product\WD-68S2.png
WD-68S2+WDP-16S,WD-68S2+WDP-16S,Stainless Steel Workbench,wd-68s,https://www.tanko.com.tw/en/products-detail/wd-68s/,"{""Panel Set"": ""Perforated board(H600)"", ""Accessories"": ""Undershelf""}",W1817xD768xH800mm,304 stainless steel,600kg,1,https://www.tanko.com.tw/upload/catalog_package_b/ALL_catalog_package_25G31_NP6h9qMNsG.png,C:\Users\User\OneDrive\tanko seo\assets\product\WD-68S2+WDP-16S.png
WD-68S,WD-68S,Stainless Steel Workbench,wd-68s,https://www.tanko.com.tw/en/products-detail/wd-68s/,"{""Panel Set"": ""None"", ""Accessories"": ""None""}",W1817xD768xH800mm,304 stainless steel,600kg,1,https://www.tanko.com.tw/upload/catalog_package_b/ALL_catalog_package_25G31_qaDPK8K1qW.png,C:\Users\User\OneDrive\tanko seo\assets\product\WD-68S.png
WD-68S+WDP-16S,WD-68S+WDP-16S,Stainless Steel Workbench,wd-68s,https://www.tanko.com.tw/en/products-detail/wd-68s/,"{""Panel Set"": ""None"", ""Accessories"": ""Undershelf""}",W1817xD768xH800mm,304 stainless steel,600kg,1,https://www.tanko.com.tw/upload/catalog_package_b/ALL_catalog_package_25G31_UJkOoUQw20.png,C:\Users\User\OneDrive\tanko seo\assets\product\WD-68S+WDP-16S.png
WD-68MS,WD-68MS,Stainless Steel Workbench,wd-6ms,https://www.tanko.com.tw/en/products-detail/wd-6ms/,"{""Type"": ""Standard"", ""Material"": ""Stainless steel""}",W1817xD768xH887mm,Stainless steel,,1,https://www.tanko.com.tw/upload/catalog_package_b/ALL_catalog_package_26C17_2gsAbaOtL9.jpg,C:\Users\User\OneDrive\tanko seo\assets\product\WD-68MS.jpg
WDT-6203MS,WDT-6203MS,Stainless Steel Workbench,wd-6ms,https://www.tanko.com.tw/en/products-detail/wd-6ms/,"{""Type"": ""Drawers"", ""Material"": ""Stainless steel""}",W1817xD768xH887mm,Stainless steel,,1,https://www.tanko.com.tw/upload/catalog_package_b/ALL_catalog_package_26C17_9MJdg85DCO.jpg,C:\Users\User\OneDrive\tanko seo\assets\product\WDT-6203MS.jpg
WDT-4202P,WDT-4202P,Steel Top Workbench,wdt-4202,https://www.tanko.com.tw/en/products-detail/wdt-4202/,"{""Steel Top"": ""Black rubber mat"", ""Panel set"": ""None""}",W1224xD775xH810mm |,Steel,,1,https://www.tanko.com.tw/upload/catalog_package_b/ALL_catalog_package_24C15_yqUALba9sJ.png,C:\Users\User\OneDrive\tanko seo\assets\product\WDT-4202P.png
WDT-4202P3,WDT-4202P3,Steel Top Workbench,wdt-4202,https://www.tanko.com.tw/en/products-detail/wdt-4202/,"{""Steel Top"": ""Black rubber mat"", ""Panel set"": ""Perforated board(H600)+Shelf""}",W1224xD775xH810mm |,Steel,,1,https://www.tanko.com.tw/upload/catalog_package_b/ALL_catalog_package_24C15_6NGrHtAD0u.png,C:\Users\User\OneDrive\tanko seo\assets\product\WDT-4202P3.png
WDT-4202P6A,WDT-4202P6A,Steel Top Workbench,wdt-4202,https://www.tanko.com.tw/en/products-detail/wdt-4202/,"{""Steel Top"": ""Black rubber mat"", ""Panel set"": ""Perforated board(H600)+Shelf+Socket+Light""}",W1224xD775xH810mm |,Steel,,1,https://www.tanko.com.tw/upload/catalog_package_b/ALL_catalog_package_24C15_4DKiZ8N33O.png,C:\Users\User\OneDrive\tanko seo\assets\product\WDT-4202P6A.png
WDT-4202P9A,WDT-4202P9A,Steel Top Workbench,wdt-4202,https://www.tanko.com.tw/en/products-detail/wdt-4202/,"{""Steel Top"": ""Black rubber mat"", ""Panel set"": ""Perforated board(H900)+Shelf+Socket+Light""}",W1224xD775xH810mm |,Steel,,1,https://www.tanko.com.tw/upload/catalog_package_b/ALL_catalog_package_24C15_753AEbE6dA.png,C:\Users\User\OneDrive\tanko seo\assets\product\WDT-4202P9A.png
WDT-4202Q,WDT-4202Q,Steel Top Workbench,wdt-4202,https://www.tanko.com.tw/en/products-detail/wdt-4202/,"{""Steel Top"": ""PVC mat"", ""Panel set"": ""None""}",W1224xD775xH810mm |,Steel,,1,https://www.tanko.com.tw/upload/catalog_package_b/ALL_catalog_package_24C15_cNyZgJczOf.png,C:\Users\User\OneDrive\tanko seo\assets\product\WDT-4202Q.png
WDT-4202Q3,WDT-4202Q3,Steel Top Workbench,wdt-4202,https://www.tanko.com.tw/en/products-detail/wdt-4202/,"{""Steel Top"": ""PVC mat"", ""Panel set"": ""Perforated board(H600)+Shelf""}",W1224xD775xH810mm |,Steel,,1,https://www.tanko.com.tw/upload/catalog_package_b/ALL_catalog_package_24C15_fyYY61Pd5q.png,C:\Users\User\OneDrive\tanko seo\assets\product\WDT-4202Q3.png
WDT-4202Q6A,WDT-4202Q6A,Steel Top Workbench,wdt-4202,https://www.tanko.com.tw/en/products-detail/wdt-4202/,"{""Steel Top"": ""PVC mat"", ""Panel set"": ""Perforated board(H600)+Shelf+Socket+Light""}",W1224xD775xH810mm |,Steel,,1,https://www.tanko.com.tw/upload/catalog_package_b/ALL_catalog_package_24C15_6K5K3N63pg.png,C:\Users\User\OneDrive\tanko seo\assets\product\WDT-4202Q6A.png
WDT-4202Q9A,WDT-4202Q9A,Steel Top Workbench,wdt-4202,https://www.tanko.com.tw/en/products-detail/wdt-4202/,"{""Steel Top"": ""PVC mat"", ""Panel set"": ""Perforated board(H900)+Shelf+Socket+Light""}",W1224xD775xH810mm |,Steel,,1,https://www.tanko.com.tw/upload/catalog_package_b/ALL_catalog_package_24C15_5F894sVhiw.png,C:\Users\User\OneDrive\tanko seo\assets\product\WDT-4202Q9A.png
WDT-4202S7,WDT-4202S7,Stainless Steel Workbench,wdt-48s,https://www.tanko.com.tw/en/products-detail/wdt-48s/,"{""Panel Set"": ""Perforated board(H900)+Shelf"", ""Accessories"": ""None""}",W1217xD768xH800mm,304 stainless steel,600kg,1,https://www.tanko.com.tw/upload/catalog_package_b/ALL_catalog_package_25G31_fgYqE5qKlM.png,C:\Users\User\OneDrive\tanko seo\assets\product\WDT-4202S7.png
WDT-4202S7+WDP-14S,WDT-4202S7+WDP-14S,Stainless Steel Workbench,wdt-48s,https://www.tanko.com.tw/en/products-detail/wdt-48s/,"{""Panel Set"": ""Perforated board(H900)+Shelf"", ""Accessories"": ""Undershelf""}",W1217xD768xH800mm,304 stainless steel,600kg,1,https://www.tanko.com.tw/upload/catalog_package_b/ALL_catalog_package_25G31_hexJkQ1HOE.png,C:\Users\User\OneDrive\tanko seo\assets\product\WDT-4202S7+WDP-14S.png
WDT-4202S3,WDT-4202S3,Stainless Steel Workbench,wdt-48s,https://www.tanko.com.tw/en/products-detail/wdt-48s/,"{""Panel Set"": ""Perforated board(H600)+Shelf"", ""Accessories"": ""None""}",W1217xD768xH800mm,304 stainless steel,600kg,1,https://www.tanko.com.tw/upload/catalog_package_b/ALL_catalog_package_25G31_pjagAsE7v2.png,C:\Users\User\OneDrive\tanko seo\assets\product\WDT-4202S3.png
WDT-4202S3+WDP-14S,WDT-4202S3+WDP-14S,Stainless Steel Workbench,wdt-48s,https://www.tanko.com.tw/en/products-detail/wdt-48s/,"{""Panel Set"": ""Perforated board(H600)+Shelf"", ""Accessories"": ""Undershelf""}",W1217xD768xH800mm,304 stainless steel,600kg,1,https://www.tanko.com.tw/upload/catalog_package_b/ALL_catalog_package_25G31_mjqXlPG3be.png,C:\Users\User\OneDrive\tanko seo\assets\product\WDT-4202S3+WDP-14S.png
WDT-4202S2,WDT-4202S2,Stainless Steel Workbench,wdt-48s,https://www.tanko.com.tw/en/products-detail/wdt-48s/,"{""Panel Set"": ""Perforated board(H600)"", ""Accessories"": ""None""}",W1217xD768xH800mm,304 stainless steel,600kg,1,https://www.tanko.com.tw/upload/catalog_package_b/ALL_catalog_package_25G31_KkfsFalzui.png,C:\Users\User\OneDrive\tanko seo\assets\product\WDT-4202S2.png
WDT-4202S2+WDP-14S,WDT-4202S2+WDP-14S,Stainless Steel Workbench,wdt-48s,https://www.tanko.com.tw/en/products-detail/wdt-48s/,"{""Panel Set"": ""Perforated board(H600)"", ""Accessories"": ""Undershelf""}",W1217xD768xH800mm,304 stainless steel,600kg,1,https://www.tanko.com.tw/upload/catalog_package_b/ALL_catalog_package_25G31_U748B6K5LK.png,C:\Users\User\OneDrive\tanko seo\assets\product\WDT-4202S2+WDP-14S.png
WDT-4202S,WDT-4202S,Stainless Steel Workbench,wdt-48s,https://www.tanko.com.tw/en/products-detail/wdt-48s/,"{""Panel Set"": ""None"", ""Accessories"": ""None""}",W1217xD768xH800mm,304 stainless steel,600kg,1,https://www.tanko.com.tw/upload/catalog_package_b/ALL_catalog_package_25G31_Wvc6c8pQV7.png,C:\Users\User\OneDrive\tanko seo\assets\product\WDT-4202S.png
WDT-4202S+WDP-14S,WDT-4202S+WDP-14S,Stainless Steel Workbench,wdt-48s,https://www.tanko.com.tw/en/products-detail/wdt-48s/,"{""Panel Set"": ""None"", ""Accessories"": ""Undershelf""}",W1217xD768xH800mm,304 stainless steel,600kg,1,https://www.tanko.com.tw/upload/catalog_package_b/ALL_catalog_package_25G31_B97qjE2nUy.png,C:\Users\User\OneDrive\tanko seo\assets\product\WDT-4202S+WDP-14S.png
WDT-5203P,WDT-5203P,Steel Top Workbench,wdt-5203,https://www.tanko.com.tw/en/products-detail/wdt-5203/,"{""Steel Top"": ""Rubber mat"", ""Panel set"": ""None""}",W1524xD775xH810mm |,Steel,,1,https://www.tanko.com.tw/upload/catalog_package_b/ALL_catalog_package_24C15_LMCW536unZ.png,C:\Users\User\OneDrive\tanko seo\assets\product\WDT-5203P.png
WDT-5203P3,WDT-5203P3,Steel Top Workbench,wdt-5203,https://www.tanko.com.tw/en/products-detail/wdt-5203/,"{""Steel Top"": ""Rubber mat"", ""Panel set"": ""Perforated board(H600)+Shelf""}",W1524xD775xH810mm |,Steel,,1,https://www.tanko.com.tw/upload/catalog_package_b/ALL_catalog_package_24C15_5yyx4B4Pt0.png,C:\Users\User\OneDrive\tanko seo\assets\product\WDT-5203P3.png
WDT-5203P6A,WDT-5203P6A,Steel Top Workbench,wdt-5203,https://www.tanko.com.tw/en/products-detail/wdt-5203/,"{""Steel Top"": ""Rubber mat"", ""Panel set"": ""Perforated board(H600)+Shelf+Socket+Light""}",W1524xD775xH810mm |,Steel,,1,https://www.tanko.com.tw/upload/catalog_package_b/ALL_catalog_package_24C15_kJsmUCX91I.png,C:\Users\User\OneDrive\tanko seo\assets\product\WDT-5203P6A.png
WDT-5203P9A,WDT-5203P9A,Steel Top Workbench,wdt-5203,https://www.tanko.com.tw/en/products-detail/wdt-5203/,"{""Steel Top"": ""Rubber mat"", ""Panel set"": ""Perforated board(H900)+Shelf+Socket+Light""}",W1524xD775xH810mm |,Steel,,1,https://www.tanko.com.tw/upload/catalog_package_b/ALL_catalog_package_24C15_UIWsyB36LL.png,C:\Users\User\OneDrive\tanko seo\assets\product\WDT-5203P9A.png
WDT-5203Q,WDT-5203Q,Steel Top Workbench,wdt-5203,https://www.tanko.com.tw/en/products-detail/wdt-5203/,"{""Steel Top"": ""PVC mat"", ""Panel set"": ""None""}",W1524xD775xH810mm |,Steel,,1,https://www.tanko.com.tw/upload/catalog_package_b/ALL_catalog_package_24C15_pO5qNjtqTt.png,C:\Users\User\OneDrive\tanko seo\assets\product\WDT-5203Q.png
WDT-5203Q3,WDT-5203Q3,Steel Top Workbench,wdt-5203,https://www.tanko.com.tw/en/products-detail/wdt-5203/,"{""Steel Top"": ""PVC mat"", ""Panel set"": ""Perforated board(H600)+Shelf""}",W1524xD775xH810mm |,Steel,,1,https://www.tanko.com.tw/upload/catalog_package_b/ALL_catalog_package_24C15_zwGPSsqHdG.png,C:\Users\User\OneDrive\tanko seo\assets\product\WDT-5203Q3.png
WDT-5203Q6A,WDT-5203Q6A,Steel Top Workbench,wdt-5203,https://www.tanko.com.tw/en/products-detail/wdt-5203/,"{""Steel Top"": ""PVC mat"", ""Panel set"": ""Perforated board(H600)+Shelf+Socket+Light""}",W1524xD775xH810mm |,Steel,,1,https://www.tanko.com.tw/upload/catalog_package_b/ALL_catalog_package_24C15_0o4JxrrKOn.png,C:\Users\User\OneDrive\tanko seo\assets\product\WDT-5203Q6A.png
WDT-5203Q9A,WDT-5203Q9A,Steel Top Workbench,wdt-5203,https://www.tanko.com.tw/en/products-detail/wdt-5203/,"{""Steel Top"": ""PVC mat"", ""Panel set"": ""Perforated board(H900)+Shelf+Socket+Light""}",W1524xD775xH810mm |,Steel,,1,https://www.tanko.com.tw/upload/catalog_package_b/ALL_catalog_package_24C15_ZGpigWcLLT.png,C:\Users\User\OneDrive\tanko seo\assets\product\WDT-5203Q9A.png
WDT-5203S7,WDT-5203S7,Stainless Steel Workbench,wdt-58s,https://www.tanko.com.tw/en/products-detail/wdt-58s/,"{""Panel Set"": ""Perforated board(H900)+Shelf"", ""Accessories"": ""None""}",W1517xD768xH800mm,304 stainless steel,600kg,1,https://www.tanko.com.tw/upload/catalog_package_b/ALL_catalog_package_25G31_utYdTU4ANP.png,C:\Users\User\OneDrive\tanko seo\assets\product\WDT-5203S7.png
WDT-5203S7+WDP-15S,WDT-5203S7+WDP-15S,Stainless Steel Workbench,wdt-58s,https://www.tanko.com.tw/en/products-detail/wdt-58s/,"{""Panel Set"": ""Perforated board(H900)+Shelf"", ""Accessories"": ""Undershelf""}",W1517xD768xH800mm,304 stainless steel,600kg,1,https://www.tanko.com.tw/upload/catalog_package_b/ALL_catalog_package_25G31_VIB9UlhZj8.png,C:\Users\User\OneDrive\tanko seo\assets\product\WDT-5203S7+WDP-15S.png
WDT-5203S3,WDT-5203S3,Stainless Steel Workbench,wdt-58s,https://www.tanko.com.tw/en/products-detail/wdt-58s/,"{""Panel Set"": ""Perforated board(H600)+Shelf"", ""Accessories"": ""None""}",W1517xD768xH800mm,304 stainless steel,600kg,1,https://www.tanko.com.tw/upload/catalog_package_b/ALL_catalog_package_25G31_Iae0tsv0lj.png,C:\Users\User\OneDrive\tanko seo\assets\product\WDT-5203S3.png
WDT-5203S3+WDP-15S,WDT-5203S3+WDP-15S,Stainless Steel Workbench,wdt-58s,https://www.tanko.com.tw/en/products-detail/wdt-58s/,"{""Panel Set"": ""Perforated board(H600)+Shelf"", ""Accessories"": ""Undershelf""}",W1517xD768xH800mm,304 stainless steel,600kg,1,https://www.tanko.com.tw/upload/catalog_package_b/ALL_catalog_package_25G31_3oaMG5WCKb.png,C:\Users\User\OneDrive\tanko seo\assets\product\WDT-5203S3+WDP-15S.png
WDT-5203S2,WDT-5203S2,Stainless Steel Workbench,wdt-58s,https://www.tanko.com.tw/en/products-detail/wdt-58s/,"{""Panel Set"": ""Perforated board(H600)"", ""Accessories"": ""None""}",W1517xD768xH800mm,304 stainless steel,600kg,1,https://www.tanko.com.tw/upload/catalog_package_b/ALL_catalog_package_25G31_UuirKj7fli.png,C:\Users\User\OneDrive\tanko seo\assets\product\WDT-5203S2.png
WDT-5203S2+WDP-15S,WDT-5203S2+WDP-15S,Stainless Steel Workbench,wdt-58s,https://www.tanko.com.tw/en/products-detail/wdt-58s/,"{""Panel Set"": ""Perforated board(H600)"", ""Accessories"": ""Undershelf""}",W1517xD768xH800mm,304 stainless steel,600kg,1,https://www.tanko.com.tw/upload/catalog_package_b/ALL_catalog_package_25G31_1P5GMVtWG3.png,C:\Users\User\OneDrive\tanko seo\assets\product\WDT-5203S2+WDP-15S.png
WDT-5203S,WDT-5203S,Stainless Steel Workbench,wdt-58s,https://www.tanko.com.tw/en/products-detail/wdt-58s/,"{""Panel Set"": ""None"", ""Accessories"": ""None""}",W1517xD768xH800mm,304 stainless steel,600kg,1,https://www.tanko.com.tw/upload/catalog_package_b/ALL_catalog_package_25G31_NY4wmRoBMT.png,C:\Users\User\OneDrive\tanko seo\assets\product\WDT-5203S.png
WDT-5203S+WDP-15S,WDT-5203S+WDP-15S,Stainless Steel Workbench,wdt-58s,https://www.tanko.com.tw/en/products-detail/wdt-58s/,"{""Panel Set"": ""None"", ""Accessories"": ""Undershelf""}",W1517xD768xH800mm,304 stainless steel,600kg,1,https://www.tanko.com.tw/upload/catalog_package_b/ALL_catalog_package_25G31_TWBP7HUNnP.png,C:\Users\User\OneDrive\tanko seo\assets\product\WDT-5203S+WDP-15S.png
WDT-6203P,WDT-6203P,Steel Top Workbench,wdt-6203,https://www.tanko.com.tw/en/products-detail/wdt-6203/,"{""Steel Top"": ""Rubber mat"", ""Panel set"": ""None""}",W1824xD775xH810mm |,Steel,,1,https://www.tanko.com.tw/upload/catalog_package_b/ALL_catalog_package_24C25_RJRroFUPYR.png,C:\Users\User\OneDrive\tanko seo\assets\product\WDT-6203P.png
WDT-6203P3,WDT-6203P3,Steel Top Workbench,wdt-6203,https://www.tanko.com.tw/en/products-detail/wdt-6203/,"{""Steel Top"": ""Rubber mat"", ""Panel set"": ""Perforated board(H600)+Shelf""}",W1824xD775xH810mm |,Steel,,1,https://www.tanko.com.tw/upload/catalog_package_b/ALL_catalog_package_24C25_UoKdplDoxH.png,C:\Users\User\OneDrive\tanko seo\assets\product\WDT-6203P3.png
WDT-6203P6A,WDT-6203P6A,Steel Top Workbench,wdt-6203,https://www.tanko.com.tw/en/products-detail/wdt-6203/,"{""Steel Top"": ""Rubber mat"", ""Panel set"": ""Perforated board(H600)+Shelf+Socket+Light""}",W1824xD775xH810mm |,Steel,,1,https://www.tanko.com.tw/upload/catalog_package_b/ALL_catalog_package_24C25_Xkdq7ybUWr.png,C:\Users\User\OneDrive\tanko seo\assets\product\WDT-6203P6A.png
WDT-6203P9A,WDT-6203P9A,Steel Top Workbench,wdt-6203,https://www.tanko.com.tw/en/products-detail/wdt-6203/,"{""Steel Top"": ""Rubber mat"", ""Panel set"": ""Perforated board(H900)+Shelf+Socket+Light""}",W1824xD775xH810mm |,Steel,,1,https://www.tanko.com.tw/upload/catalog_package_b/ALL_catalog_package_24C25_IIVs0G1qcX.png,C:\Users\User\OneDrive\tanko seo\assets\product\WDT-6203P9A.png
WDT-6203Q,WDT-6203Q,Steel Top Workbench,wdt-6203,https://www.tanko.com.tw/en/products-detail/wdt-6203/,"{""Steel Top"": ""PVC mat"", ""Panel set"": ""None""}",W1824xD775xH810mm |,Steel,,1,https://www.tanko.com.tw/upload/catalog_package_b/ALL_catalog_package_24C25_UG3Zu8Sdjg.png,C:\Users\User\OneDrive\tanko seo\assets\product\WDT-6203Q.png
WDT-6203Q3,WDT-6203Q3,Steel Top Workbench,wdt-6203,https://www.tanko.com.tw/en/products-detail/wdt-6203/,"{""Steel Top"": ""PVC mat"", ""Panel set"": ""Perforated board(H600)+Shelf""}",W1824xD775xH810mm |,Steel,,1,https://www.tanko.com.tw/upload/catalog_package_b/ALL_catalog_package_24C25_7EFqzQXL3z.png,C:\Users\User\OneDrive\tanko seo\assets\product\WDT-6203Q3.png
WDT-6203Q6A,WDT-6203Q6A,Steel Top Workbench,wdt-6203,https://www.tanko.com.tw/en/products-detail/wdt-6203/,"{""Steel Top"": ""PVC mat"", ""Panel set"": ""Perforated board(H600)+Shelf+Socket+Light""}",W1824xD775xH810mm |,Steel,,1,https://www.tanko.com.tw/upload/catalog_package_b/ALL_catalog_package_24C25_BLTCRSdoS8.png,C:\Users\User\OneDrive\tanko seo\assets\product\WDT-6203Q6A.png
WDT-6203Q9A,WDT-6203Q9A,Steel Top Workbench,wdt-6203,https://www.tanko.com.tw/en/products-detail/wdt-6203/,"{""Steel Top"": ""PVC mat"", ""Panel set"": ""Perforated board(H900)+Shelf+Socket+Light""}",W1824xD775xH810mm |,Steel,,1,https://www.tanko.com.tw/upload/catalog_package_b/ALL_catalog_package_24C25_CAwNlpDAkI.png,C:\Users\User\OneDrive\tanko seo\assets\product\WDT-6203Q9A.png
WDT-6203S7,WDT-6203S7,Stainless Steel Workbench,wdt-68s,https://www.tanko.com.tw/en/products-detail/wdt-68s/,"{""Panel Set"": ""Perforated board(H900)+Shelf"", ""Accessories"": ""None""}",W1817xD768xH800mm,304 stainless steel,600kg,1,https://www.tanko.com.tw/upload/catalog_package_b/ALL_catalog_package_25G31_nO9mOKBqWX.png,C:\Users\User\OneDrive\tanko seo\assets\product\WDT-6203S7.png
WDT-6203S7+WDP-16S,WDT-6203S7+WDP-16S,Stainless Steel Workbench,wdt-68s,https://www.tanko.com.tw/en/products-detail/wdt-68s/,"{""Panel Set"": ""Perforated board(H900)+Shelf"", ""Accessories"": ""Undershelf""}",W1817xD768xH800mm,304 stainless steel,600kg,1,https://www.tanko.com.tw/upload/catalog_package_b/ALL_catalog_package_25G31_Wffkf3EngW.png,C:\Users\User\OneDrive\tanko seo\assets\product\WDT-6203S7+WDP-16S.png
WDT-6203S3,WDT-6203S3,Stainless Steel Workbench,wdt-68s,https://www.tanko.com.tw/en/products-detail/wdt-68s/,"{""Panel Set"": ""Perforated board(H600)+Shelf"", ""Accessories"": ""None""}",W1817xD768xH800mm,304 stainless steel,600kg,1,https://www.tanko.com.tw/upload/catalog_package_b/ALL_catalog_package_25G31_NEkWgIj1s3.png,C:\Users\User\OneDrive\tanko seo\assets\product\WDT-6203S3.png
WDT-6203S3+WDP-16S,WDT-6203S3+WDP-16S,Stainless Steel Workbench,wdt-68s,https://www.tanko.com.tw/en/products-detail/wdt-68s/,"{""Panel Set"": ""Perforated board(H600)+Shelf"", ""Accessories"": ""Undershelf""}",W1817xD768xH800mm,304 stainless steel,600kg,1,https://www.tanko.com.tw/upload/catalog_package_b/ALL_catalog_package_25G31_DdVV9LNqMh.png,C:\Users\User\OneDrive\tanko seo\assets\product\WDT-6203S3+WDP-16S.png
WDT-6203S2,WDT-6203S2,Stainless Steel Workbench,wdt-68s,https://www.tanko.com.tw/en/products-detail/wdt-68s/,"{""Panel Set"": ""Perforated board(H600)"", ""Accessories"": ""None""}",W1817xD768xH800mm,304 stainless steel,600kg,1,https://www.tanko.com.tw/upload/catalog_package_b/ALL_catalog_package_25G31_2I4EXXvSDE.png,C:\Users\User\OneDrive\tanko seo\assets\product\WDT-6203S2.png
WDT-6203S2+WDP-16S,WDT-6203S2+WDP-16S,Stainless Steel Workbench,wdt-68s,https://www.tanko.com.tw/en/products-detail/wdt-68s/,"{""Panel Set"": ""Perforated board(H600)"", ""Accessories"": ""Undershelf""}",W1817xD768xH800mm,304 stainless steel,600kg,1,https://www.tanko.com.tw/upload/catalog_package_b/ALL_catalog_package_25G31_VnQsVaZvRs.png,C:\Users\User\OneDrive\tanko seo\assets\product\WDT-6203S2+WDP-16S.png
WDT-6203S,WDT-6203S,Stainless Steel Workbench,wdt-68s,https://www.tanko.com.tw/en/products-detail/wdt-68s/,"{""Panel Set"": ""None"", ""Accessories"": ""None""}",W1817xD768xH800mm,304 stainless steel,600kg,1,https://www.tanko.com.tw/upload/catalog_package_b/ALL_catalog_package_25G31_ow0qP2ELLm.png,C:\Users\User\OneDrive\tanko seo\assets\product\WDT-6203S.png
WDT-6203S+WDP-16S,WDT-6203S+WDP-16S,Stainless Steel Workbench,wdt-68s,https://www.tanko.com.tw/en/products-detail/wdt-68s/,"{""Panel Set"": ""None"", ""Accessories"": ""Undershelf""}",W1817xD768xH800mm,304 stainless steel,600kg,1,https://www.tanko.com.tw/upload/catalog_package_b/ALL_catalog_package_25G31_V0cZeLpIPM.png,C:\Users\User\OneDrive\tanko seo\assets\product\WDT-6203S+WDP-16S.png
WE-58W (Black),WE-58W (Black),Performance Workbench,we,https://www.tanko.com.tw/en/products-detail/we/,"{""Panel set"": ""None"", ""Color"": ""Black""}",W1500xD750xH800mm,Steel,,1,https://www.tanko.com.tw/upload/catalog_package_b/ALL_catalog_package_25G24_pCUdng9Ycy.jpg,C:\Users\User\OneDrive\tanko seo\assets\product\WE-58W (Black).jpg
WE-58W (White),WE-58W (White),Performance Workbench,we,https://www.tanko.com.tw/en/products-detail/we/,"{""Panel set"": ""None"", ""Color"": ""White""}",W1500xD750xH800mm,Steel,,1,https://www.tanko.com.tw/upload/catalog_package_b/ALL_catalog_package_25G24_fCK6KUNI5p.jpg,C:\Users\User\OneDrive\tanko seo\assets\product\WE-58W (White).jpg
WE-58W3 (Black),WE-58W3 (Black),Performance Workbench,we,https://www.tanko.com.tw/en/products-detail/we/,"{""Panel set"": ""H600 Perforated board"", ""Color"": ""Black""}",W1500xD750xH800mm,Steel,,1,https://www.tanko.com.tw/upload/catalog_package_b/ALL_catalog_package_26E25_mESxCDjevq.png,C:\Users\User\OneDrive\tanko seo\assets\product\WE-58W3 (Black).png
WE-58W3 (White),WE-58W3 (White),Performance Workbench,we,https://www.tanko.com.tw/en/products-detail/we/,"{""Panel set"": ""H600 Perforated board"", ""Color"": ""White""}",W1500xD750xH800mm,Steel,,1,https://www.tanko.com.tw/upload/catalog_package_b/ALL_catalog_package_26E25_XlJCF45P2p.png,C:\Users\User\OneDrive\tanko seo\assets\product\WE-58W3 (White).png
WE-58W4 (Black),WE-58W4 (Black),Performance Workbench,we,https://www.tanko.com.tw/en/products-detail/we/,"{""Panel set"": ""H600 Perforated board+Shelf"", ""Color"": ""Black""}",W1500xD750xH800mm,Steel,,1,https://www.tanko.com.tw/upload/catalog_package_b/ALL_catalog_package_26E25_mfrp288C7n.png,C:\Users\User\OneDrive\tanko seo\assets\product\WE-58W4 (Black).png
WE-58W4 (White),WE-58W4 (White),Performance Workbench,we,https://www.tanko.com.tw/en/products-detail/we/,"{""Panel set"": ""H600 Perforated board+Shelf"", ""Color"": ""White""}",W1500xD750xH800mm,Steel,,1,https://www.tanko.com.tw/upload/catalog_package_b/ALL_catalog_package_26E25_bz86sMAhrn.png,C:\Users\User\OneDrive\tanko seo\assets\product\WE-58W4 (White).png
WE-58W5 (Black),WE-58W5 (Black),Performance Workbench,we,https://www.tanko.com.tw/en/products-detail/we/,"{""Panel set"": ""H600 Perforated board+Shelf+Light"", ""Color"": ""Black""}",W1500xD750xH800mm,Steel,,2,https://www.tanko.com.tw/upload/catalog_package_b/ALL_catalog_package_26E25_HrEeNbgTVL.png,C:\Users\User\OneDrive\tanko seo\assets\product\WE-58W5 (Black).png
WE-58W5 (White),WE-58W5 (White),Performance Workbench,we,https://www.tanko.com.tw/en/products-detail/we/,"{""Panel set"": ""H600 Perforated board+Shelf+Light"", ""Color"": ""White""}",W1500xD750xH800mm,Steel,,2,https://www.tanko.com.tw/upload/catalog_package_b/ALL_catalog_package_26E25_VRhdvcIYrO.png,C:\Users\User\OneDrive\tanko seo\assets\product\WE-58W5 (White).png
WE-58W7 (Black),WE-58W7 (Black),Performance Workbench,we,https://www.tanko.com.tw/en/products-detail/we/,"{""Panel set"": ""H900 Perforated board"", ""Color"": ""Black""}",W1500xD750xH800mm,Steel,,1,https://www.tanko.com.tw/upload/catalog_package_b/ALL_catalog_package_25G24_ptwuud3JIK.jpg,C:\Users\User\OneDrive\tanko seo\assets\product\WE-58W7 (Black).jpg
WE-58W7 (White),WE-58W7 (White),Performance Workbench,we,https://www.tanko.com.tw/en/products-detail/we/,"{""Panel set"": ""H900 Perforated board"", ""Color"": ""White""}",W1500xD750xH800mm,Steel,,1,https://www.tanko.com.tw/upload/catalog_package_b/ALL_catalog_package_25G24_2VYkK4wfum.jpg,C:\Users\User\OneDrive\tanko seo\assets\product\WE-58W7 (White).jpg
WE-58W8 (Black),WE-58W8 (Black),Performance Workbench,we,https://www.tanko.com.tw/en/products-detail/we/,"{""Panel set"": ""H900 Perforated board+Shelf"", ""Color"": ""Black""}",W1500xD750xH800mm,Steel,,1,https://www.tanko.com.tw/upload/catalog_package_b/ALL_catalog_package_25G24_2nJ4EWDaol.jpg,C:\Users\User\OneDrive\tanko seo\assets\product\WE-58W8 (Black).jpg
WE-58W8 (White),WE-58W8 (White),Performance Workbench,we,https://www.tanko.com.tw/en/products-detail/we/,"{""Panel set"": ""H900 Perforated board+Shelf"", ""Color"": ""White""}",W1500xD750xH800mm,Steel,,1,https://www.tanko.com.tw/upload/catalog_package_b/ALL_catalog_package_25G24_iCGNVMxTZN.jpg,C:\Users\User\OneDrive\tanko seo\assets\product\WE-58W8 (White).jpg
WE-58W9 (Black),WE-58W9 (Black),Performance Workbench,we,https://www.tanko.com.tw/en/products-detail/we/,"{""Panel set"": ""H900 Perforated board+Shelf+Light"", ""Color"": ""Black""}",W1500xD750xH800mm,Steel,,2,https://www.tanko.com.tw/upload/catalog_package_b/ALL_catalog_package_25G24_MUwqMjroHZ.jpg,C:\Users\User\OneDrive\tanko seo\assets\product\WE-58W9 (Black).jpg
WE-58W9 (White),WE-58W9 (White),Performance Workbench,we,https://www.tanko.com.tw/en/products-detail/we/,"{""Panel set"": ""H900 Perforated board+Shelf+Light"", ""Color"": ""White""}",W1500xD750xH800mm,Steel,,2,https://www.tanko.com.tw/upload/catalog_package_b/ALL_catalog_package_25G24_Exlahmugsf.jpg,C:\Users\User\OneDrive\tanko seo\assets\product\WE-58W9 (White).jpg
WE-47W (Black),WE-47W (Black),Performance Workbench,we1200,https://www.tanko.com.tw/en/products-detail/we1200/,"{""Panel set"": ""None"", ""Color"": ""Black""}",W1200xD600xH750mm,Steel,,1,https://www.tanko.com.tw/upload/catalog_package_b/ALL_catalog_package_25G07_g7uSrv980U.jpg,C:\Users\User\OneDrive\tanko seo\assets\product\WE-47W (Black).jpg
WE-47W (White),WE-47W (White),Performance Workbench,we1200,https://www.tanko.com.tw/en/products-detail/we1200/,"{""Panel set"": ""None"", ""Color"": ""White""}",W1200xD600xH750mm,Steel,,1,https://www.tanko.com.tw/upload/catalog_package_b/ALL_catalog_package_25G07_ZN1QvWQZSy.jpg,C:\Users\User\OneDrive\tanko seo\assets\product\WE-47W (White).jpg
WE-47W3 (Black),WE-47W3 (Black),Performance Workbench,we1200,https://www.tanko.com.tw/en/products-detail/we1200/,"{""Panel set"": ""H600 Perforated board"", ""Color"": ""Black""}",W1200xD600xH750mm,Steel,,1,https://www.tanko.com.tw/upload/catalog_package_b/ALL_catalog_package_25G07_HGpkwz2OJL.jpg,C:\Users\User\OneDrive\tanko seo\assets\product\WE-47W3 (Black).jpg
WE-47W3 (White),WE-47W3 (White),Performance Workbench,we1200,https://www.tanko.com.tw/en/products-detail/we1200/,"{""Panel set"": ""H600 Perforated board"", ""Color"": ""White""}",W1200xD600xH750mm,Steel,,1,https://www.tanko.com.tw/upload/catalog_package_b/ALL_catalog_package_25G07_p735DT6dCJ.jpg,C:\Users\User\OneDrive\tanko seo\assets\product\WE-47W3 (White).jpg
WE-47W4 (Black),WE-47W4 (Black),Performance Workbench,we1200,https://www.tanko.com.tw/en/products-detail/we1200/,"{""Panel set"": ""H600 Perforated board+Shelf"", ""Color"": ""Black""}",W1200xD600xH750mm,Steel,,1,https://www.tanko.com.tw/upload/catalog_package_b/ALL_catalog_package_25G07_RnDTeQ9PgP.jpg,C:\Users\User\OneDrive\tanko seo\assets\product\WE-47W4 (Black).jpg
WE-47W4 (White),WE-47W4 (White),Performance Workbench,we1200,https://www.tanko.com.tw/en/products-detail/we1200/,"{""Panel set"": ""H600 Perforated board+Shelf"", ""Color"": ""White""}",W1200xD600xH750mm,Steel,,1,https://www.tanko.com.tw/upload/catalog_package_b/ALL_catalog_package_25G07_hbmn47I91S.jpg,C:\Users\User\OneDrive\tanko seo\assets\product\WE-47W4 (White).jpg
WE-47W5 (Black),WE-47W5 (Black),Performance Workbench,we1200,https://www.tanko.com.tw/en/products-detail/we1200/,"{""Panel set"": ""H600 Perforated board+Shelf+Light"", ""Color"": ""Black""}",W1200xD600xH750mm,Steel,,2,https://www.tanko.com.tw/upload/catalog_package_b/ALL_catalog_package_25G07_NUvpdUmHjx.jpg,C:\Users\User\OneDrive\tanko seo\assets\product\WE-47W5 (Black).jpg
WE-47W5 (White),WE-47W5 (White),Performance Workbench,we1200,https://www.tanko.com.tw/en/products-detail/we1200/,"{""Panel set"": ""H600 Perforated board+Shelf+Light"", ""Color"": ""White""}",W1200xD600xH750mm,Steel,,2,https://www.tanko.com.tw/upload/catalog_package_b/ALL_catalog_package_25G07_ePqTj4BD0a.jpg,C:\Users\User\OneDrive\tanko seo\assets\product\WE-47W5 (White).jpg
WE-47W7 (Black),WE-47W7 (Black),Performance Workbench,we1200,https://www.tanko.com.tw/en/products-detail/we1200/,"{""Panel set"": ""H900 Perforated board"", ""Color"": ""Black""}",W1200xD600xH750mm,Steel,,1,https://www.tanko.com.tw/upload/catalog_package_b/ALL_catalog_package_25G07_lnsqTSVn9S.jpg,C:\Users\User\OneDrive\tanko seo\assets\product\WE-47W7 (Black).jpg
WE-47W7 (White),WE-47W7 (White),Performance Workbench,we1200,https://www.tanko.com.tw/en/products-detail/we1200/,"{""Panel set"": ""H900 Perforated board"", ""Color"": ""White""}",W1200xD600xH750mm,Steel,,1,https://www.tanko.com.tw/upload/catalog_package_b/ALL_catalog_package_25G07_wVjMr9hvvt.jpg,C:\Users\User\OneDrive\tanko seo\assets\product\WE-47W7 (White).jpg
WE-47W8 (Black),WE-47W8 (Black),Performance Workbench,we1200,https://www.tanko.com.tw/en/products-detail/we1200/,"{""Panel set"": ""H900 Perforated board+Shelf"", ""Color"": ""Black""}",W1200xD600xH750mm,Steel,,1,https://www.tanko.com.tw/upload/catalog_package_b/ALL_catalog_package_25G07_gzDMrS3yxF.jpg,C:\Users\User\OneDrive\tanko seo\assets\product\WE-47W8 (Black).jpg
WE-47W8 (White),WE-47W8 (White),Performance Workbench,we1200,https://www.tanko.com.tw/en/products-detail/we1200/,"{""Panel set"": ""H900 Perforated board+Shelf"", ""Color"": ""White""}",W1200xD600xH750mm,Steel,,1,https://www.tanko.com.tw/upload/catalog_package_b/ALL_catalog_package_25G07_XJviA05pyA.jpg,C:\Users\User\OneDrive\tanko seo\assets\product\WE-47W8 (White).jpg
WE-47W9 (Black),WE-47W9 (Black),Performance Workbench,we1200,https://www.tanko.com.tw/en/products-detail/we1200/,"{""Panel set"": ""H900 Perforated board+Shelf+Light"", ""Color"": ""Black""}",W1200xD600xH750mm,Steel,,2,https://www.tanko.com.tw/upload/catalog_package_b/ALL_catalog_package_25G07_Uiay4oSxpO.jpg,C:\Users\User\OneDrive\tanko seo\assets\product\WE-47W9 (Black).jpg
WE-47W9 (White),WE-47W9 (White),Performance Workbench,we1200,https://www.tanko.com.tw/en/products-detail/we1200/,"{""Panel set"": ""H900 Perforated board+Shelf+Light"", ""Color"": ""White""}",W1200xD600xH750mm,Steel,,2,https://www.tanko.com.tw/upload/catalog_package_b/ALL_catalog_package_25G07_nfZ9yDz1q3.jpg,C:\Users\User\OneDrive\tanko seo\assets\product\WE-47W9 (White).jpg
WET-5102W (Black),WET-5102W (Black),Performance Workbench,wet,https://www.tanko.com.tw/en/products-detail/wet/,"{""Panel set"": ""None"", ""Color"": ""Black""}",W1500xD760xH800mm,Steel,,1,https://www.tanko.com.tw/upload/catalog_package_b/ALL_catalog_package_25G24_Nwky67DQTc.jpg,C:\Users\User\OneDrive\tanko seo\assets\product\WET-5102W (Black).jpg
WET-5102W (White),WET-5102W (White),Performance Workbench,wet,https://www.tanko.com.tw/en/products-detail/wet/,"{""Panel set"": ""None"", ""Color"": ""White""}",W1500xD760xH800mm,Steel,,1,https://www.tanko.com.tw/upload/catalog_package_b/ALL_catalog_package_25G24_j0Kdv3CSfB.jpg,C:\Users\User\OneDrive\tanko seo\assets\product\WET-5102W (White).jpg
WET-5102W3 (Black),WET-5102W3 (Black),Performance Workbench,wet,https://www.tanko.com.tw/en/products-detail/wet/,"{""Panel set"": ""H600 Perforated board"", ""Color"": ""Black""}",W1500xD760xH800mm,Steel,,1,https://www.tanko.com.tw/upload/catalog_package_b/ALL_catalog_package_26E25_eO8uXQmrND.png,C:\Users\User\OneDrive\tanko seo\assets\product\WET-5102W3 (Black).png
WET-5102W3 (White),WET-5102W3 (White),Performance Workbench,wet,https://www.tanko.com.tw/en/products-detail/wet/,"{""Panel set"": ""H600 Perforated board"", ""Color"": ""White""}",W1500xD760xH800mm,Steel,,1,https://www.tanko.com.tw/upload/catalog_package_b/ALL_catalog_package_26E25_RKhkBKgNTm.png,C:\Users\User\OneDrive\tanko seo\assets\product\WET-5102W3 (White).png
WET-5102W4 (Black),WET-5102W4 (Black),Performance Workbench,wet,https://www.tanko.com.tw/en/products-detail/wet/,"{""Panel set"": ""H600 Perforated board+Shelf"", ""Color"": ""Black""}",W1500xD760xH800mm,Steel,,1,https://www.tanko.com.tw/upload/catalog_package_b/ALL_catalog_package_26E25_Br3oEe8kKZ.png,C:\Users\User\OneDrive\tanko seo\assets\product\WET-5102W4 (Black).png
WET-5102W4 (White),WET-5102W4 (White),Performance Workbench,wet,https://www.tanko.com.tw/en/products-detail/wet/,"{""Panel set"": ""H600 Perforated board+Shelf"", ""Color"": ""White""}",W1500xD760xH800mm,Steel,,1,https://www.tanko.com.tw/upload/catalog_package_b/ALL_catalog_package_26E25_tSbKVv2fih.png,C:\Users\User\OneDrive\tanko seo\assets\product\WET-5102W4 (White).png
WET-5102W5 (Black),WET-5102W5 (Black),Performance Workbench,wet,https://www.tanko.com.tw/en/products-detail/wet/,"{""Panel set"": ""H600 Perforated board+Shelf+Light"", ""Color"": ""Black""}",W1500xD760xH800mm,Steel,,2,https://www.tanko.com.tw/upload/catalog_package_b/ALL_catalog_package_26E25_7PLUUDq7E2.png,C:\Users\User\OneDrive\tanko seo\assets\product\WET-5102W5 (Black).png
WET-5102W5 (White),WET-5102W5 (White),Performance Workbench,wet,https://www.tanko.com.tw/en/products-detail/wet/,"{""Panel set"": ""H600 Perforated board+Shelf+Light"", ""Color"": ""White""}",W1500xD760xH800mm,Steel,,2,https://www.tanko.com.tw/upload/catalog_package_b/ALL_catalog_package_26E25_LfPcZSdMZz.png,C:\Users\User\OneDrive\tanko seo\assets\product\WET-5102W5 (White).png
WET-5102W7 (Black),WET-5102W7 (Black),Performance Workbench,wet,https://www.tanko.com.tw/en/products-detail/wet/,"{""Panel set"": ""H900 Perforated board"", ""Color"": ""Black""}",W1500xD760xH800mm,Steel,,1,https://www.tanko.com.tw/upload/catalog_package_b/ALL_catalog_package_25G24_eWUUdJhX1w.jpg,C:\Users\User\OneDrive\tanko seo\assets\product\WET-5102W7 (Black).jpg
WET-5102W7 (White),WET-5102W7 (White),Performance Workbench,wet,https://www.tanko.com.tw/en/products-detail/wet/,"{""Panel set"": ""H900 Perforated board"", ""Color"": ""White""}",W1500xD760xH800mm,Steel,,1,https://www.tanko.com.tw/upload/catalog_package_b/ALL_catalog_package_25G24_c2U2uwI1sZ.jpg,C:\Users\User\OneDrive\tanko seo\assets\product\WET-5102W7 (White).jpg
WET-5102W8 (Black),WET-5102W8 (Black),Performance Workbench,wet,https://www.tanko.com.tw/en/products-detail/wet/,"{""Panel set"": ""H900 Perforated board+Shelf"", ""Color"": ""Black""}",W1500xD760xH800mm,Steel,,1,https://www.tanko.com.tw/upload/catalog_package_b/ALL_catalog_package_25G24_N8XmGGwJgW.jpg,C:\Users\User\OneDrive\tanko seo\assets\product\WET-5102W8 (Black).jpg
WET-5102W48(White),WET-5102W48(White),Performance Workbench,wet,https://www.tanko.com.tw/en/products-detail/wet/,"{""Panel set"": ""H900 Perforated board+Shelf"", ""Color"": ""White""}",W1500xD760xH800mm,Steel,,1,https://www.tanko.com.tw/upload/catalog_package_b/ALL_catalog_package_25G24_icfG8keMwZ.jpg,C:\Users\User\OneDrive\tanko seo\assets\product\WET-5102W48(White).jpg
WET-5102W9 (Black),WET-5102W9 (Black),Performance Workbench,wet,https://www.tanko.com.tw/en/products-detail/wet/,"{""Panel set"": ""H900 Perforated board+Shelf+Light"", ""Color"": ""Black""}",W1500xD760xH800mm,Steel,,2,https://www.tanko.com.tw/upload/catalog_package_b/ALL_catalog_package_25G24_fpLIHP4Mt4.jpg,C:\Users\User\OneDrive\tanko seo\assets\product\WET-5102W9 (Black).jpg
WET-5102W9 (White),WET-5102W9 (White),Performance Workbench,wet,https://www.tanko.com.tw/en/products-detail/wet/,"{""Panel set"": ""H900 Perforated board+Shelf+Light"", ""Color"": ""White""}",W1500xD760xH800mm,Steel,,2,https://www.tanko.com.tw/upload/catalog_package_b/ALL_catalog_package_25G24_eRS6xbXUCz.jpg,C:\Users\User\OneDrive\tanko seo\assets\product\WET-5102W9 (White).jpg
WET-4102W (Black),WET-4102W (Black),Performance Workbench,wet1200,https://www.tanko.com.tw/en/products-detail/wet1200/,"{""Panel set"": ""None"", ""Color"": ""Black""}",W1200xD610xH750mm,Steel,,1,https://www.tanko.com.tw/upload/catalog_package_b/ALL_catalog_package_25G07_Kln7O6NtyF.jpg,C:\Users\User\OneDrive\tanko seo\assets\product\WET-4102W (Black).jpg
WET-4102W (White),WET-4102W (White),Performance Workbench,wet1200,https://www.tanko.com.tw/en/products-detail/wet1200/,"{""Panel set"": ""None"", ""Color"": ""White""}",W1200xD610xH750mm,Steel,,1,https://www.tanko.com.tw/upload/catalog_package_b/ALL_catalog_package_25G07_OcOiCbIRxp.jpg,C:\Users\User\OneDrive\tanko seo\assets\product\WET-4102W (White).jpg
WET-4102W3 (Black),WET-4102W3 (Black),Performance Workbench,wet1200,https://www.tanko.com.tw/en/products-detail/wet1200/,"{""Panel set"": ""H600 Perforated board"", ""Color"": ""Black""}",W1200xD610xH750mm,Steel,,1,https://www.tanko.com.tw/upload/catalog_package_b/ALL_catalog_package_25G07_Ey1FfdicYf.jpg,C:\Users\User\OneDrive\tanko seo\assets\product\WET-4102W3 (Black).jpg
WET-4102W3 (White),WET-4102W3 (White),Performance Workbench,wet1200,https://www.tanko.com.tw/en/products-detail/wet1200/,"{""Panel set"": ""H600 Perforated board"", ""Color"": ""White""}",W1200xD610xH750mm,Steel,,1,https://www.tanko.com.tw/upload/catalog_package_b/ALL_catalog_package_25G07_TYvsmyydwX.jpg,C:\Users\User\OneDrive\tanko seo\assets\product\WET-4102W3 (White).jpg
WET-4102W4 (Black),WET-4102W4 (Black),Performance Workbench,wet1200,https://www.tanko.com.tw/en/products-detail/wet1200/,"{""Panel set"": ""H600 Perforated board+Shelf"", ""Color"": ""Black""}",W1200xD610xH750mm,Steel,,1,https://www.tanko.com.tw/upload/catalog_package_b/ALL_catalog_package_25G07_jTx4EfaEpf.jpg,C:\Users\User\OneDrive\tanko seo\assets\product\WET-4102W4 (Black).jpg
WET-4102W4 (White),WET-4102W4 (White),Performance Workbench,wet1200,https://www.tanko.com.tw/en/products-detail/wet1200/,"{""Panel set"": ""H600 Perforated board+Shelf"", ""Color"": ""White""}",W1200xD610xH750mm,Steel,,1,https://www.tanko.com.tw/upload/catalog_package_b/ALL_catalog_package_25G07_201Ryynh5a.jpg,C:\Users\User\OneDrive\tanko seo\assets\product\WET-4102W4 (White).jpg
WET-4102W5 (Black),WET-4102W5 (Black),Performance Workbench,wet1200,https://www.tanko.com.tw/en/products-detail/wet1200/,"{""Panel set"": ""H600 Perforated board+Shelf+Light"", ""Color"": ""Black""}",W1200xD610xH750mm,Steel,,2,https://www.tanko.com.tw/upload/catalog_package_b/ALL_catalog_package_25G07_klk14sTsmV.jpg,C:\Users\User\OneDrive\tanko seo\assets\product\WET-4102W5 (Black).jpg
WET-4102W5 (White),WET-4102W5 (White),Performance Workbench,wet1200,https://www.tanko.com.tw/en/products-detail/wet1200/,"{""Panel set"": ""H600 Perforated board+Shelf+Light"", ""Color"": ""White""}",W1200xD610xH750mm,Steel,,2,https://www.tanko.com.tw/upload/catalog_package_b/ALL_catalog_package_25G07_wJo90JX9Mr.jpg,C:\Users\User\OneDrive\tanko seo\assets\product\WET-4102W5 (White).jpg
WET-4102W7 (Black),WET-4102W7 (Black),Performance Workbench,wet1200,https://www.tanko.com.tw/en/products-detail/wet1200/,"{""Panel set"": ""H900 Perforated board"", ""Color"": ""Black""}",W1200xD610xH750mm,Steel,,1,https://www.tanko.com.tw/upload/catalog_package_b/ALL_catalog_package_25G07_1tSB2ujDoY.jpg,C:\Users\User\OneDrive\tanko seo\assets\product\WET-4102W7 (Black).jpg
WET-4102W7 (White),WET-4102W7 (White),Performance Workbench,wet1200,https://www.tanko.com.tw/en/products-detail/wet1200/,"{""Panel set"": ""H900 Perforated board"", ""Color"": ""White""}",W1200xD610xH750mm,Steel,,1,https://www.tanko.com.tw/upload/catalog_package_b/ALL_catalog_package_25G07_413WsDNzyN.jpg,C:\Users\User\OneDrive\tanko seo\assets\product\WET-4102W7 (White).jpg
WET-4102W8 (Black),WET-4102W8 (Black),Performance Workbench,wet1200,https://www.tanko.com.tw/en/products-detail/wet1200/,"{""Panel set"": ""H900 Perforated board+Shelf"", ""Color"": ""Black""}",W1200xD610xH750mm,Steel,,1,https://www.tanko.com.tw/upload/catalog_package_b/ALL_catalog_package_25G07_fJX9xCCrYU.jpg,C:\Users\User\OneDrive\tanko seo\assets\product\WET-4102W8 (Black).jpg
WET-4102W8 (White),WET-4102W8 (White),Performance Workbench,wet1200,https://www.tanko.com.tw/en/products-detail/wet1200/,"{""Panel set"": ""H900 Perforated board+Shelf"", ""Color"": ""White""}",W1200xD610xH750mm,Steel,,1,https://www.tanko.com.tw/upload/catalog_package_b/ALL_catalog_package_25G07_sZde3RczTR.jpg,C:\Users\User\OneDrive\tanko seo\assets\product\WET-4102W8 (White).jpg
WET-4102W9 (Black),WET-4102W9 (Black),Performance Workbench,wet1200,https://www.tanko.com.tw/en/products-detail/wet1200/,"{""Panel set"": ""H900 Perforated board+Shelf+Light"", ""Color"": ""Black""}",W1200xD610xH750mm,Steel,,2,https://www.tanko.com.tw/upload/catalog_package_b/ALL_catalog_package_25G07_NB3zqfbZri.jpg,C:\Users\User\OneDrive\tanko seo\assets\product\WET-4102W9 (Black).jpg
WET-4102W9 (White),WET-4102W9 (White),Performance Workbench,wet1200,https://www.tanko.com.tw/en/products-detail/wet1200/,"{""Panel set"": ""H900 Perforated board+Shelf+Light"", ""Color"": ""White""}",W1200xD610xH750mm,Steel,,2,https://www.tanko.com.tw/upload/catalog_package_b/ALL_catalog_package_25G07_rvV83BzjXs.jpg,C:\Users\User\OneDrive\tanko seo\assets\product\WET-4102W9 (White).jpg
WHA-882N,WHA-882N,Hexagonal Workbench,wha-882,https://www.tanko.com.tw/en/products-detail/wha-882/,"{""Top"": ""Rubber top(N)"", ""Accessories"": ""None""}",W2500xD2165xH850mm,Steel,,1,https://www.tanko.com.tw/upload/catalog_package_b/ALL_catalog_package_25J21_UKb4n3IzGn.png,C:\Users\User\OneDrive\tanko seo\assets\product\WHA-882N.png
WHA-882N1A,WHA-882N1A,Hexagonal Workbench,wha-882,https://www.tanko.com.tw/en/products-detail/wha-882/,"{""Top"": ""Rubber top(N)"", ""Accessories"": ""Power Tower""}",W2500xD2165xH850mm,Steel,,2,https://www.tanko.com.tw/upload/catalog_package_b/ALL_catalog_package_25J21_2iNz0Q80yA.png,C:\Users\User\OneDrive\tanko seo\assets\product\WHA-882N1A.png
WHA-882F,WHA-882F,Hexagonal Workbench,wha-882,https://www.tanko.com.tw/en/products-detail/wha-882/,"{""Top"": ""Laminate top(F)"", ""Accessories"": ""None""}",W2500xD2165xH850mm,Steel,,1,https://www.tanko.com.tw/upload/catalog_package_b/ALL_catalog_package_25J21_ewo7nuSfpl.png,C:\Users\User\OneDrive\tanko seo\assets\product\WHA-882F.png
WHA-882F1A,WHA-882F1A,Hexagonal Workbench,wha-882,https://www.tanko.com.tw/en/products-detail/wha-882/,"{""Top"": ""Laminate top(F)"", ""Accessories"": ""Power Tower""}",W2500xD2165xH850mm,Steel,,2,https://www.tanko.com.tw/upload/catalog_package_b/ALL_catalog_package_25J21_3F03rrNnji.png,C:\Users\User\OneDrive\tanko seo\assets\product\WHA-882F1A.png
WHB-88N,WHB-88N,Hexagonal Workbench,whb-88,https://www.tanko.com.tw/en/products-detail/whb-88/,"{""Top"": ""Rubber top(N)"", ""Accessories"": ""None""}",W2500xD2165xH850mm,Steel,,1,https://www.tanko.com.tw/upload/catalog_package_b/ALL_catalog_package_25J21_tIzLr6sclF.png,C:\Users\User\OneDrive\tanko seo\assets\product\WHB-88N.png
WHB-88N1A,WHB-88N1A,Hexagonal Workbench,whb-88,https://www.tanko.com.tw/en/products-detail/whb-88/,"{""Top"": ""Rubber top(N)"", ""Accessories"": ""Power tower""}",W2500xD2165xH850mm,Steel,,2,https://www.tanko.com.tw/upload/catalog_package_b/ALL_catalog_package_25J21_ab1Hy1VOYe.png,C:\Users\User\OneDrive\tanko seo\assets\product\WHB-88N1A.png
WHB-88F,WHB-88F,Hexagonal Workbench,whb-88,https://www.tanko.com.tw/en/products-detail/whb-88/,"{""Top"": ""Laminate top(F)"", ""Accessories"": ""None""}",W2500xD2165xH850mm,Steel,,1,https://www.tanko.com.tw/upload/catalog_package_b/ALL_catalog_package_25J21_VdI5DctGi6.png,C:\Users\User\OneDrive\tanko seo\assets\product\WHB-88F.png
WHB-88F1A,WHB-88F1A,Hexagonal Workbench,whb-88,https://www.tanko.com.tw/en/products-detail/whb-88/,"{""Top"": ""Laminate top(F)"", ""Accessories"": ""Power tower""}",W2500xD2165xH850mm,Steel,,2,https://www.tanko.com.tw/upload/catalog_package_b/ALL_catalog_package_25J21_FRwY3ZuDvs.png,C:\Users\User\OneDrive\tanko seo\assets\product\WHB-88F1A.png
WHB-881N,WHB-881N,Hexagonal Workbench,whb-881,https://www.tanko.com.tw/en/products-detail/whb-881/,"{""Top"": ""Rubber top(N)"", ""Accessories"": ""None""}",W2500xD2165xH850mm,Steel,,1,https://www.tanko.com.tw/upload/catalog_package_b/ALL_catalog_package_25J21_qqP92Nz62h.png,C:\Users\User\OneDrive\tanko seo\assets\product\WHB-881N.png
WHB-881N1A,WHB-881N1A,Hexagonal Workbench,whb-881,https://www.tanko.com.tw/en/products-detail/whb-881/,"{""Top"": ""Rubber top(N)"", ""Accessories"": ""Power tower""}",W2500xD2165xH850mm,Steel,,2,https://www.tanko.com.tw/upload/catalog_package_b/ALL_catalog_package_25J21_TsV27xBwSO.png,C:\Users\User\OneDrive\tanko seo\assets\product\WHB-881N1A.png
WHB-881F,WHB-881F,Hexagonal Workbench,whb-881,https://www.tanko.com.tw/en/products-detail/whb-881/,"{""Top"": ""Laminate top(F)"", ""Accessories"": ""None""}",W2500xD2165xH850mm,Steel,,1,https://www.tanko.com.tw/upload/catalog_package_b/ALL_catalog_package_25J21_TfHm8uGrVk.png,C:\Users\User\OneDrive\tanko seo\assets\product\WHB-881F.png
WHB-881F1A,WHB-881F1A,Hexagonal Workbench,whb-881,https://www.tanko.com.tw/en/products-detail/whb-881/,"{""Top"": ""Laminate top(F)"", ""Accessories"": ""Power tower""}",W2500xD2165xH850mm,Steel,,2,https://www.tanko.com.tw/upload/catalog_package_b/ALL_catalog_package_25J21_r5lSOAiET3.png,C:\Users\User\OneDrive\tanko seo\assets\product\WHB-881F1A.png
WHB-882N,WHB-882N,Hexagonal Workbench,whb-882,https://www.tanko.com.tw/en/products-detail/whb-882/,"{""Top"": ""Rubber top(N)"", ""Accessories"": ""None""}",W2500xD2165xH850mm,Steel,,1,https://www.tanko.com.tw/upload/catalog_package_b/ALL_catalog_package_25J21_IZHfmFN8PB.png,C:\Users\User\OneDrive\tanko seo\assets\product\WHB-882N.png
WHB-882N1A,WHB-882N1A,Hexagonal Workbench,whb-882,https://www.tanko.com.tw/en/products-detail/whb-882/,"{""Top"": ""Rubber top(N)"", ""Accessories"": ""Power tower""}",W2500xD2165xH850mm,Steel,,2,https://www.tanko.com.tw/upload/catalog_package_b/ALL_catalog_package_25J21_AQNOnKJKJd.png,C:\Users\User\OneDrive\tanko seo\assets\product\WHB-882N1A.png
WHB-882F,WHB-882F,Hexagonal Workbench,whb-882,https://www.tanko.com.tw/en/products-detail/whb-882/,"{""Top"": ""Laminate top(F)"", ""Accessories"": ""None""}",W2500xD2165xH850mm,Steel,,1,https://www.tanko.com.tw/upload/catalog_package_b/ALL_catalog_package_25J21_LEbHXICqmQ.png,C:\Users\User\OneDrive\tanko seo\assets\product\WHB-882F.png
WHB-882F1A,WHB-882F1A,Hexagonal Workbench,whb-882,https://www.tanko.com.tw/en/products-detail/whb-882/,"{""Top"": ""Laminate top(F)"", ""Accessories"": ""Power tower""}",W2500xD2165xH850mm,Steel,,2,https://www.tanko.com.tw/upload/catalog_package_b/ALL_catalog_package_25J21_aKzL3f7rcm.png,C:\Users\User\OneDrive\tanko seo\assets\product\WHB-882F1A.png
WP511024,WP511024,Bench Vise,wp-51,https://www.tanko.com.tw/en/products-detail/wp-51/,"{""Bench Vise"": ""4\"""", ""Base"": ""None""}",,,,1,https://www.tanko.com.tw/upload/catalog_package_b/ALL_catalog_package_24C18_0CvfpMRsgj.jpg,C:\Users\User\OneDrive\tanko seo\assets\product\WP511024.jpg
WP511024A,WP511024A,Bench Vise,wp-51,https://www.tanko.com.tw/en/products-detail/wp-51/,"{""Bench Vise"": ""4\"""", ""Base"": ""Swivel base""}",,,,3,https://www.tanko.com.tw/upload/catalog_package_b/ALL_catalog_package_24C18_4YQOa7xnEA.jpg,C:\Users\User\OneDrive\tanko seo\assets\product\WP511024A.jpg
WP511025,WP511025,Bench Vise,wp-51,https://www.tanko.com.tw/en/products-detail/wp-51/,"{""Bench Vise"": ""5\"""", ""Base"": ""None""}",,,,1,https://www.tanko.com.tw/upload/catalog_package_b/ALL_catalog_package_24C18_ZpWBnbb48Z.jpg,C:\Users\User\OneDrive\tanko seo\assets\product\WP511025.jpg
WP511025A,WP511025A,Bench Vise,wp-51,https://www.tanko.com.tw/en/products-detail/wp-51/,"{""Bench Vise"": ""5\"""", ""Base"": ""Swivel base""}",,,,3,https://www.tanko.com.tw/upload/catalog_package_b/ALL_catalog_package_24C18_tcrZM3V8C6.jpg,C:\Users\User\OneDrive\tanko seo\assets\product\WP511025A.jpg
WP511026,WP511026,Bench Vise,wp-51,https://www.tanko.com.tw/en/products-detail/wp-51/,"{""Bench Vise"": ""6\"""", ""Base"": ""None""}",,,,1,https://www.tanko.com.tw/upload/catalog_package_b/ALL_catalog_package_24C18_7Zaq0Kfdc4.jpg,C:\Users\User\OneDrive\tanko seo\assets\product\WP511026.jpg
WP511026A,WP511026A,Bench Vise,wp-51,https://www.tanko.com.tw/en/products-detail/wp-51/,"{""Bench Vise"": ""6\"""", ""Base"": ""Swivel base""}",,,,3,https://www.tanko.com.tw/upload/catalog_package_b/ALL_catalog_package_24C18_1zQC1GAPp1.jpg,C:\Users\User\OneDrive\tanko seo\assets\product\WP511026A.jpg
WP511028,WP511028,Bench Vise,wp-51,https://www.tanko.com.tw/en/products-detail/wp-51/,"{""Bench Vise"": ""8\"""", ""Base"": ""None""}",,,,1,https://www.tanko.com.tw/upload/catalog_package_b/ALL_catalog_package_24C18_qKpo6frwpf.jpg,C:\Users\User\OneDrive\tanko seo\assets\product\WP511028.jpg
WP511028A,WP511028A,Bench Vise,wp-51,https://www.tanko.com.tw/en/products-detail/wp-51/,"{""Bench Vise"": ""8\"""", ""Base"": ""Swivel base""}",,,,3,https://www.tanko.com.tw/upload/catalog_package_b/ALL_catalog_package_24C18_UeDNaZeTFt.jpg,C:\Users\User\OneDrive\tanko seo\assets\product\WP511028A.jpg
WP53100 100,WP53100 100,Bench Vise,wp-53,https://www.tanko.com.tw/en/products-detail/wp-53/,"{""HEUER Vise"": ""Standard"", ""Jaw Width"": ""100""}",,,,1,https://www.tanko.com.tw/upload/catalog_package_b/ALL_catalog_package_24C18_kVF3xjBV7e.jpg,C:\Users\User\OneDrive\tanko seo\assets\product\WP53100 100.jpg
WP53100 120,WP53100 120,Bench Vise,wp-53,https://www.tanko.com.tw/en/products-detail/wp-53/,"{""HEUER Vise"": ""Standard"", ""Jaw Width"": ""120""}",,,,1,https://www.tanko.com.tw/upload/catalog_package_b/ALL_catalog_package_24C18_vOcnJ6o121.jpg,C:\Users\User\OneDrive\tanko seo\assets\product\WP53100 120.jpg
WP53100 140,WP53100 140,Bench Vise,wp-53,https://www.tanko.com.tw/en/products-detail/wp-53/,"{""HEUER Vise"": ""Standard"", ""Jaw Width"": ""140""}",,,,1,https://www.tanko.com.tw/upload/catalog_package_b/ALL_catalog_package_24C18_UYCuP8gg06.jpg,C:\Users\User\OneDrive\tanko seo\assets\product\WP53100 140.jpg
WP53100 160,WP53100 160,Bench Vise,wp-53,https://www.tanko.com.tw/en/products-detail/wp-53/,"{""HEUER Vise"": ""Standard"", ""Jaw Width"": ""160""}",,,,1,https://www.tanko.com.tw/upload/catalog_package_b/ALL_catalog_package_24C18_8rDiglsJiL.jpg,C:\Users\User\OneDrive\tanko seo\assets\product\WP53100 160.jpg
WP53100 180,WP53100 180,Bench Vise,wp-53,https://www.tanko.com.tw/en/products-detail/wp-53/,"{""HEUER Vise"": ""Standard"", ""Jaw Width"": ""180""}",,,,1,https://www.tanko.com.tw/upload/catalog_package_b/ALL_catalog_package_24C18_AxGfAFRXQE.jpg,C:\Users\User\OneDrive\tanko seo\assets\product\WP53100 180.jpg
WP53101 120,WP53101 120,Bench Vise,wp-53,https://www.tanko.com.tw/en/products-detail/wp-53/,"{""HEUER Vise"": ""With replaceable jaws"", ""Jaw Width"": ""120""}",,,,2,https://www.tanko.com.tw/upload/catalog_package_b/ALL_catalog_package_24C18_Or3dszodNm.jpg,C:\Users\User\OneDrive\tanko seo\assets\product\WP53101 120.jpg
WP53101 140,WP53101 140,Bench Vise,wp-53,https://www.tanko.com.tw/en/products-detail/wp-53/,"{""HEUER Vise"": ""With replaceable jaws"", ""Jaw Width"": ""140""}",,,,2,https://www.tanko.com.tw/upload/catalog_package_b/ALL_catalog_package_24C18_PqzJQqrHg1.jpg,C:\Users\User\OneDrive\tanko seo\assets\product\WP53101 140.jpg
WP53101 160,WP53101 160,Bench Vise,wp-53,https://www.tanko.com.tw/en/products-detail/wp-53/,"{""HEUER Vise"": ""With replaceable jaws"", ""Jaw Width"": ""160""}",,,,2,https://www.tanko.com.tw/upload/catalog_package_b/ALL_catalog_package_24C18_HCCREfaOAO.jpg,C:\Users\User\OneDrive\tanko seo\assets\product\WP53101 160.jpg
WP53118 001,WP53118 001,Bench Vise,wp-53,https://www.tanko.com.tw/en/products-detail/wp-53/,"{""HEUER Vise"": ""Compact"", ""Jaw Width"": ""120""}",,,,1,https://www.tanko.com.tw/upload/catalog_package_b/ALL_catalog_package_24C18_R6mZc261wW.jpg,C:\Users\User\OneDrive\tanko seo\assets\product\WP53118 001.jpg
WP-625011,WP-625011,Workbench Seating,wp-6,https://www.tanko.com.tw/en/products-detail/wp-6/,"{""Model No."": ""WP-625011"", ""Quantity"": ""1 pc""}",W350xD350xH480mm,,,1,https://www.tanko.com.tw/upload/catalog_package_b/ALL_catalog_package_24C18_QdvHQBS9Tq.jpg,C:\Users\User\OneDrive\tanko seo\assets\product\WP-625011.jpg
WP-625023,WP-625023,Workbench Seating,wp-6,https://www.tanko.com.tw/en/products-detail/wp-6/,"{""Model No."": ""WP-625023"", ""Quantity"": ""1 pc""}",W350xD350xH480mm,,,1,https://www.tanko.com.tw/upload/catalog_package_b/ALL_catalog_package_24C18_DrLziAwkP4.jpg,C:\Users\User\OneDrive\tanko seo\assets\product\WP-625023.jpg
WP-61301,WP-61301,Workbench Seating,wp-6,https://www.tanko.com.tw/en/products-detail/wp-6/,"{""Model No."": ""WP-61301"", ""Quantity"": ""1 pc""}",W350xD350xH480mm,,,1,https://www.tanko.com.tw/upload/catalog_package_b/ALL_catalog_package_24C18_Wij0SCFCXX.jpg,C:\Users\User\OneDrive\tanko seo\assets\product\WP-61301.jpg
WP-61102,WP-61102,Workbench Seating,wp-6,https://www.tanko.com.tw/en/products-detail/wp-6/,"{""Model No."": ""WP-61102"", ""Quantity"": ""1 pc""}",W350xD350xH480mm,,,1,https://www.tanko.com.tw/upload/catalog_package_b/ALL_catalog_package_24C18_kQKvMBK7qz.jpg,C:\Users\User\OneDrive\tanko seo\assets\product\WP-61102.jpg
